timestamp,http_code,time_total,result
2026-08-27T14:30:01.3NZ,200,0.008534,success
2026-08-27T14:30:01.3NZ,200,0.007554,success
2026-08-27T14:30:01.3NZ,200,0.008144,success
2026-08-27T14:30:01.3NZ,200,0.007091,success
2026-08-27T14:30:02.3NZ,200,0.009005,success
2026-08-27T14:30:02.3NZ,200,0.007194,success
2026-08-27T14:30:02.3NZ,200,0.006438,success
2026-08-27T14:30:02.3NZ,200,0.006864,success
2026-08-27T14:30:02.3NZ,200,0.005468,success
2026-08-27T14:30:02.3NZ,200,0.013178,success
2026-08-27T14:30:02.3NZ,200,0.007001,success
2026-08-27T14:30:02.3NZ,200,0.007060,success
2026-08-27T14:30:02.3NZ,200,0.006220,success
2026-08-27T14:30:02.3NZ,200,0.005444,success
2026-08-27T14:30:02.3NZ,200,0.004470,success
2026-08-27T14:30:02.3NZ,200,0.004493,success
2026-08-27T14:30:02.3NZ,200,0.006155,success
2026-08-27T14:30:02.3NZ,200,0.008793,success
2026-08-27T14:30:02.3NZ,200,0.007532,success
2026-08-27T14:30:03.3NZ,200,0.008075,success
2026-08-27T14:30:03.3NZ,200,0.007461,success
2026-08-27T14:30:03.3NZ,200,0.009488,success
2026-08-27T14:30:03.3NZ,200,0.007826,success
2026-08-27T14:30:03.3NZ,200,0.006862,success
2026-08-27T14:30:03.3NZ,200,0.008611,success
2026-08-27T14:30:03.3NZ,200,0.007157,success
2026-08-27T14:30:03.3NZ,200,0.007282,success
2026-08-27T14:30:03.3NZ,200,0.006863,success
2026-08-27T14:30:03.3NZ,200,0.006327,success
2026-08-27T14:30:03.3NZ,200,0.009208,success
2026-08-27T14:30:03.3NZ,200,0.009208,success
2026-08-27T14:30:03.3NZ,200,0.007918,success
2026-08-27T14:30:03.3NZ,200,0.007917,success
2026-08-27T14:30:04.3NZ,200,0.009541,success
2026-08-27T14:30:04.3NZ,200,0.008404,success
2026-08-27T14:30:04.3NZ,200,0.010601,success
2026-08-27T14:30:04.3NZ,200,0.010561,success
2026-08-27T14:30:04.3NZ,200,0.008627,success
2026-08-27T14:30:04.3NZ,200,0.008627,success
2026-08-27T14:30:04.3NZ,200,0.011979,success
2026-08-27T14:30:04.3NZ,200,0.011979,success
2026-08-27T14:30:04.3NZ,200,0.013922,success
2026-08-27T14:30:04.3NZ,200,0.013921,success
2026-08-27T14:30:04.3NZ,200,0.008967,success
2026-08-27T14:30:04.3NZ,200,0.008967,success
2026-08-27T14:30:05.3NZ,200,0.007146,success
2026-08-27T14:30:05.3NZ,200,0.007146,success
2026-08-27T14:30:05.3NZ,200,0.009541,success
2026-08-27T14:30:05.3NZ,200,0.009541,success
2026-08-27T14:30:05.3NZ,200,0.012629,success
2026-08-27T14:30:05.3NZ,200,0.012629,success
2026-08-27T14:30:05.3NZ,200,0.012577,success
2026-08-27T14:30:05.3NZ,200,0.012577,success
2026-08-27T14:30:05.3NZ,200,0.010362,success
2026-08-27T14:30:05.3NZ,200,0.010362,success
2026-08-27T14:30:05.3NZ,200,0.008247,success
2026-08-27T14:30:05.3NZ,200,0.008247,success
2026-08-27T14:30:05.3NZ,200,0.008303,success
2026-08-27T14:30:05.3NZ,200,0.008287,success
2026-08-27T14:30:06.3NZ,200,0.010118,success
2026-08-27T14:30:06.3NZ,200,0.010118,success
2026-08-27T14:30:06.3NZ,200,0.009043,success
2026-08-27T14:30:06.3NZ,200,0.010002,success
2026-08-27T14:30:06.3NZ,200,0.010835,success
2026-08-27T14:30:06.3NZ,200,0.011044,success
2026-08-27T14:30:06.3NZ,200,0.008428,success
2026-08-27T14:30:06.3NZ,200,0.008428,success
2026-08-27T14:30:06.3NZ,200,0.010858,success
2026-08-27T14:30:06.3NZ,200,0.010837,success
2026-08-27T14:30:06.3NZ,200,0.010192,success
2026-08-27T14:30:06.3NZ,200,0.010192,success
2026-08-27T14:30:06.3NZ,200,0.008044,success
2026-08-27T14:30:06.3NZ,200,0.008044,success
2026-08-27T14:30:07.3NZ,200,0.009667,success
2026-08-27T14:30:07.3NZ,200,0.010001,success
2026-08-27T14:30:07.3NZ,200,0.006867,success
2026-08-27T14:30:07.3NZ,200,0.006661,success
2026-08-27T14:30:07.3NZ,200,0.006321,success
2026-08-27T14:30:07.3NZ,200,0.004872,success
2026-08-27T14:30:07.3NZ,200,0.007190,success
2026-08-27T14:30:07.3NZ,200,0.007190,success
2026-08-27T14:30:07.3NZ,200,0.007109,success
2026-08-27T14:30:07.3NZ,200,0.007109,success
2026-08-27T14:30:07.3NZ,200,0.017263,success
2026-08-27T14:30:07.3NZ,200,0.017189,success
2026-08-27T14:30:08.3NZ,200,0.011005,success
2026-08-27T14:30:08.3NZ,200,0.009343,success
2026-08-27T14:30:08.3NZ,200,0.007118,success
2026-08-27T14:30:08.3NZ,200,0.008884,success
2026-08-27T14:30:08.3NZ,200,0.008363,success
2026-08-27T14:30:08.3NZ,200,0.010441,success
2026-08-27T14:30:08.3NZ,200,0.005125,success
2026-08-27T14:30:08.3NZ,200,0.003819,success
2026-08-27T14:30:08.3NZ,200,0.005694,success
2026-08-27T14:30:08.3NZ,200,0.004398,success
2026-08-27T14:30:08.3NZ,200,0.006811,success
2026-08-27T14:30:08.3NZ,200,0.006811,success
2026-08-27T14:30:08.3NZ,200,0.004886,success
2026-08-27T14:30:08.3NZ,200,0.004896,success
2026-08-27T14:30:08.3NZ,200,0.021252,success
2026-08-27T14:30:08.3NZ,200,0.021185,success
2026-08-27T14:30:09.3NZ,200,0.005144,success
2026-08-27T14:30:09.3NZ,200,0.005139,success
2026-08-27T14:30:09.3NZ,200,0.005069,success
2026-08-27T14:30:09.3NZ,200,0.004463,success
2026-08-27T14:30:09.3NZ,200,0.010822,success
2026-08-27T14:30:09.3NZ,200,0.010868,success
2026-08-27T14:30:09.3NZ,200,0.019629,success
2026-08-27T14:30:09.3NZ,200,0.019629,success
2026-08-27T14:30:09.3NZ,200,0.004795,success
2026-08-27T14:30:09.3NZ,200,0.004130,success
2026-08-27T14:30:09.3NZ,200,0.006679,success
2026-08-27T14:30:09.3NZ,200,0.006567,success
2026-08-27T14:30:10.3NZ,200,0.008541,success
2026-08-27T14:30:10.3NZ,200,0.008539,success
2026-08-27T14:30:10.3NZ,200,0.005474,success
2026-08-27T14:30:10.3NZ,200,0.005474,success
2026-08-27T14:30:10.3NZ,200,0.008034,success
2026-08-27T14:30:10.3NZ,200,0.008375,success
2026-08-27T14:30:10.3NZ,200,0.011782,success
2026-08-27T14:30:10.3NZ,200,0.012028,success
2026-08-27T14:30:10.3NZ,200,0.007639,success
2026-08-27T14:30:10.3NZ,200,0.007639,success
2026-08-27T14:30:10.3NZ,200,0.008844,success
2026-08-27T14:30:10.3NZ,200,0.008844,success
2026-08-27T14:30:10.3NZ,200,0.006267,success
2026-08-27T14:30:10.3NZ,200,0.006259,success
2026-08-27T14:30:11.3NZ,200,0.004558,success
2026-08-27T14:30:11.3NZ,200,0.003558,success
2026-08-27T14:30:11.3NZ,200,0.006943,success
2026-08-27T14:30:11.3NZ,200,0.006942,success
2026-08-27T14:30:11.3NZ,200,0.007532,success
2026-08-27T14:30:11.3NZ,200,0.007532,success
2026-08-27T14:30:11.3NZ,200,0.007304,success
2026-08-27T14:30:11.3NZ,200,0.006652,success
2026-08-27T14:30:11.3NZ,200,0.010672,success
2026-08-27T14:30:11.3NZ,200,0.010692,success
2026-08-27T14:30:11.3NZ,200,0.007431,success
2026-08-27T14:30:11.3NZ,200,0.007430,success
2026-08-27T14:30:11.3NZ,200,0.007696,success
2026-08-27T14:30:11.3NZ,200,0.007696,success
2026-08-27T14:30:12.3NZ,200,0.007167,success
2026-08-27T14:30:12.3NZ,200,0.007961,success
2026-08-27T14:30:12.3NZ,200,0.005731,success
2026-08-27T14:30:12.3NZ,200,0.005527,success
2026-08-27T14:30:12.3NZ,200,0.006697,success
2026-08-27T14:30:12.3NZ,200,0.006697,success
2026-08-27T14:30:12.3NZ,200,0.005997,success
2026-08-27T14:30:12.3NZ,200,0.005986,success
2026-08-27T14:30:12.3NZ,200,0.009037,success
2026-08-27T14:30:12.3NZ,200,0.009037,success
2026-08-27T14:30:12.3NZ,200,0.010292,success
2026-08-27T14:30:12.3NZ,200,0.010292,success
2026-08-27T14:30:12.3NZ,200,0.008723,success
2026-08-27T14:30:12.3NZ,200,0.008722,success
2026-08-27T14:30:13.3NZ,200,0.008112,success
2026-08-27T14:30:13.3NZ,200,0.008112,success
2026-08-27T14:30:13.3NZ,200,0.008173,success
2026-08-27T14:30:13.3NZ,200,0.005767,success
2026-08-27T14:30:13.3NZ,200,0.004769,success
2026-08-27T14:30:13.3NZ,200,0.004769,success
2026-08-27T14:30:13.3NZ,200,0.005063,success
2026-08-27T14:30:13.3NZ,200,0.004816,success
2026-08-27T14:30:13.3NZ,200,0.011165,success
2026-08-27T14:30:13.3NZ,200,0.011164,success
2026-08-27T14:30:13.3NZ,200,0.005807,success
2026-08-27T14:30:13.3NZ,200,0.005810,success
2026-08-27T14:30:13.3NZ,200,0.005546,success
2026-08-27T14:30:13.3NZ,200,0.004273,success
2026-08-27T14:30:14.3NZ,200,0.005770,success
2026-08-27T14:30:14.3NZ,200,0.005770,success
2026-08-27T14:30:14.3NZ,200,0.006188,success
2026-08-27T14:30:14.3NZ,200,0.007092,success
2026-08-27T14:30:14.3NZ,200,0.006379,success
2026-08-27T14:30:14.3NZ,200,0.006828,success
2026-08-27T14:30:14.3NZ,200,0.008252,success
2026-08-27T14:30:14.3NZ,200,0.008252,success
2026-08-27T14:30:14.3NZ,200,0.009074,success
2026-08-27T14:30:14.3NZ,200,0.008609,success
2026-08-27T14:30:14.3NZ,200,0.012891,success
2026-08-27T14:30:14.3NZ,200,0.012881,success
2026-08-27T14:30:14.3NZ,200,0.007238,success
2026-08-27T14:30:14.3NZ,200,0.008839,success
2026-08-27T14:30:15.3NZ,200,0.004697,success
2026-08-27T14:30:15.3NZ,200,0.003710,success
2026-08-27T14:30:15.3NZ,200,0.007270,success
2026-08-27T14:30:15.3NZ,200,0.007390,success
2026-08-27T14:30:15.3NZ,200,0.007519,success
2026-08-27T14:30:15.3NZ,200,0.007519,success
2026-08-27T14:30:15.3NZ,200,0.007051,success
2026-08-27T14:30:15.3NZ,200,0.007066,success
2026-08-27T14:30:15.3NZ,200,0.012050,success
2026-08-27T14:30:15.3NZ,200,0.012071,success
2026-08-27T14:30:15.3NZ,200,0.005560,success
2026-08-27T14:30:15.3NZ,200,0.006429,success
2026-08-27T14:30:15.3NZ,200,0.006947,success
2026-08-27T14:30:15.3NZ,200,0.008187,success
2026-08-27T14:30:16.3NZ,200,0.007959,success
2026-08-27T14:30:16.3NZ,200,0.007964,success
2026-08-27T14:30:16.3NZ,200,0.008694,success
2026-08-27T14:30:16.3NZ,200,0.008683,success
2026-08-27T14:30:16.3NZ,200,0.005892,success
2026-08-27T14:30:16.3NZ,200,0.005871,success
2026-08-27T14:30:16.3NZ,200,0.008899,success
2026-08-27T14:30:16.3NZ,200,0.008899,success
2026-08-27T14:30:16.3NZ,200,0.005433,success
2026-08-27T14:30:16.3NZ,200,0.005433,success
2026-08-27T14:30:16.3NZ,200,0.004878,success
2026-08-27T14:30:16.3NZ,200,0.004878,success
2026-08-27T14:30:16.3NZ,200,0.005720,success
2026-08-27T14:30:16.3NZ,200,0.005720,success
2026-08-27T14:30:17.3NZ,200,0.004913,success
2026-08-27T14:30:17.3NZ,200,0.005624,success
2026-08-27T14:30:17.3NZ,200,0.007292,success
2026-08-27T14:30:17.3NZ,200,0.004522,success
2026-08-27T14:30:17.3NZ,200,0.016761,success
2026-08-27T14:30:17.3NZ,200,0.016761,success
2026-08-27T14:30:17.3NZ,200,0.009582,success
2026-08-27T14:30:17.3NZ,200,0.009573,success
2026-08-27T14:30:17.3NZ,200,0.013250,success
2026-08-27T14:30:17.3NZ,200,0.013250,success
2026-08-27T14:30:17.3NZ,200,0.005301,success
2026-08-27T14:30:17.3NZ,200,0.005305,success
2026-08-27T14:30:17.3NZ,200,0.018734,success
2026-08-27T14:30:17.3NZ,200,0.017363,success
2026-08-27T14:30:17.3NZ,200,0.007637,success
2026-08-27T14:30:17.3NZ,200,0.007265,success
2026-08-27T14:30:18.3NZ,200,0.004924,success
2026-08-27T14:30:18.3NZ,200,0.004924,success
2026-08-27T14:30:18.3NZ,200,0.006517,success
2026-08-27T14:30:18.3NZ,200,0.006517,success
2026-08-27T14:30:18.3NZ,200,0.019914,success
2026-08-27T14:30:18.3NZ,200,0.019844,success
2026-08-27T14:30:18.3NZ,200,0.006176,success
2026-08-27T14:30:18.3NZ,200,0.006172,success
2026-08-27T14:30:18.3NZ,200,0.004650,success
2026-08-27T14:30:18.3NZ,200,0.004804,success
2026-08-27T14:30:18.3NZ,200,0.009464,success
2026-08-27T14:30:18.3NZ,200,0.006202,success
2026-08-27T14:30:18.3NZ,200,0.005539,success
2026-08-27T14:30:18.3NZ,200,0.005216,success
2026-08-27T14:30:19.3NZ,200,0.005059,success
2026-08-27T14:30:19.3NZ,200,0.004760,success
2026-08-27T14:30:19.3NZ,200,0.006075,success
2026-08-27T14:30:19.3NZ,200,0.005144,success
2026-08-27T14:30:19.3NZ,200,0.004472,success
2026-08-27T14:30:19.3NZ,200,0.004615,success
2026-08-27T14:30:19.3NZ,200,0.007929,success
2026-08-27T14:30:19.3NZ,200,0.007929,success
2026-08-27T14:30:19.3NZ,200,0.005386,success
2026-08-27T14:30:19.3NZ,200,0.005444,success
2026-08-27T14:30:19.3NZ,200,0.004144,success
2026-08-27T14:30:19.3NZ,200,0.003496,success
2026-08-27T14:30:19.3NZ,200,0.004603,success
2026-08-27T14:30:19.3NZ,200,0.003195,success
2026-08-27T14:30:20.3NZ,200,0.008838,success
2026-08-27T14:30:20.3NZ,200,0.008154,success
2026-08-27T14:30:20.3NZ,200,0.004832,success
2026-08-27T14:30:20.3NZ,200,0.004755,success
2026-08-27T14:30:20.3NZ,200,0.004666,success
2026-08-27T14:30:20.3NZ,200,0.004655,success
2026-08-27T14:30:20.3NZ,200,0.005182,success
2026-08-27T14:30:20.3NZ,200,0.005258,success
2026-08-27T14:30:20.3NZ,200,0.005937,success
2026-08-27T14:30:20.3NZ,200,0.007195,success
2026-08-27T14:30:20.3NZ,200,0.005377,success
2026-08-27T14:30:20.3NZ,200,0.005589,success
2026-08-27T14:30:20.3NZ,200,0.004775,success
2026-08-27T14:30:20.3NZ,200,0.004814,success
2026-08-27T14:30:20.3NZ,200,0.005385,success
2026-08-27T14:30:20.3NZ,200,0.005385,success
2026-08-27T14:30:21.3NZ,200,0.005297,success
2026-08-27T14:30:21.3NZ,200,0.003987,success
2026-08-27T14:30:21.3NZ,200,0.006215,success
2026-08-27T14:30:21.3NZ,200,0.004395,success
2026-08-27T14:30:21.3NZ,200,0.005623,success
2026-08-27T14:30:21.3NZ,200,0.005666,success
2026-08-27T14:30:21.3NZ,200,0.004118,success
2026-08-27T14:30:21.3NZ,200,0.004337,success
2026-08-27T14:30:21.3NZ,200,0.005465,success
2026-08-27T14:30:21.3NZ,200,0.005465,success
2026-08-27T14:30:21.3NZ,200,0.004721,success
2026-08-27T14:30:21.3NZ,200,0.004525,success
2026-08-27T14:30:21.3NZ,200,0.004973,success
2026-08-27T14:30:21.3NZ,200,0.004973,success
2026-08-27T14:30:22.3NZ,200,0.005206,success
2026-08-27T14:30:22.3NZ,200,0.005089,success
2026-08-27T14:30:22.3NZ,200,0.013161,success
2026-08-27T14:30:22.3NZ,200,0.009325,success
2026-08-27T14:30:22.3NZ,200,0.012879,success
2026-08-27T14:30:22.3NZ,200,0.012426,success
2026-08-27T14:30:22.3NZ,200,0.005149,success
2026-08-27T14:30:22.3NZ,200,0.004582,success
2026-08-27T14:30:22.3NZ,200,0.004894,success
2026-08-27T14:30:22.3NZ,200,0.004891,success
2026-08-27T14:30:22.3NZ,200,0.005469,success
2026-08-27T14:30:22.3NZ,200,0.004245,success
2026-08-27T14:30:22.3NZ,200,0.005735,success
2026-08-27T14:30:22.3NZ,200,0.005735,success
2026-08-27T14:30:23.3NZ,200,0.007166,success
2026-08-27T14:30:23.3NZ,200,0.008422,success
2026-08-27T14:30:23.3NZ,200,0.006649,success
2026-08-27T14:30:23.3NZ,200,0.006649,success
2026-08-27T14:30:23.3NZ,200,0.007819,success
2026-08-27T14:30:23.3NZ,200,0.007826,success
2026-08-27T14:30:23.3NZ,200,0.012298,success
2026-08-27T14:30:23.3NZ,200,0.012298,success
2026-08-27T14:30:23.3NZ,200,0.008214,success
2026-08-27T14:30:23.3NZ,200,0.008214,success
2026-08-27T14:30:23.3NZ,200,0.011505,success
2026-08-27T14:30:23.3NZ,200,0.011264,success
2026-08-27T14:30:23.3NZ,200,0.010776,success
2026-08-27T14:30:23.3NZ,200,0.010776,success
2026-08-27T14:30:24.3NZ,200,0.009665,success
2026-08-27T14:30:24.3NZ,200,0.009665,success
2026-08-27T14:30:24.3NZ,200,0.009090,success
2026-08-27T14:30:24.3NZ,200,0.009090,success
2026-08-27T14:30:24.3NZ,200,0.011722,success
2026-08-27T14:30:24.3NZ,200,0.011722,success
2026-08-27T14:30:24.3NZ,200,0.012899,success
2026-08-27T14:30:24.3NZ,200,0.012899,success
2026-08-27T14:30:24.3NZ,200,0.012051,success
2026-08-27T14:30:24.3NZ,200,0.012801,success
2026-08-27T14:30:24.3NZ,200,0.007889,success
2026-08-27T14:30:24.3NZ,200,0.007889,success
2026-08-27T14:30:24.3NZ,200,0.008266,success
2026-08-27T14:30:24.3NZ,200,0.008268,success
2026-08-27T14:30:25.3NZ,200,0.007774,success
2026-08-27T14:30:25.3NZ,200,0.007773,success
2026-08-27T14:30:25.3NZ,200,0.008526,success
2026-08-27T14:30:25.3NZ,200,0.008526,success
2026-08-27T14:30:25.3NZ,200,0.010340,success
2026-08-27T14:30:25.3NZ,200,0.010340,success
2026-08-27T14:30:25.3NZ,200,0.012017,success
2026-08-27T14:30:25.3NZ,200,0.012017,success
2026-08-27T14:30:25.3NZ,200,0.007347,success
2026-08-27T14:30:25.3NZ,200,0.007304,success
2026-08-27T14:30:25.3NZ,200,0.014087,success
2026-08-27T14:30:25.3NZ,200,0.014087,success
2026-08-27T14:30:25.3NZ,200,0.009329,success
2026-08-27T14:30:25.3NZ,200,0.009329,success
2026-08-27T14:30:26.3NZ,200,0.008007,success
2026-08-27T14:30:26.3NZ,200,0.008007,success
2026-08-27T14:30:26.3NZ,200,0.011451,success
2026-08-27T14:30:26.3NZ,200,0.011451,success
2026-08-27T14:30:26.3NZ,200,0.011055,success
2026-08-27T14:30:26.3NZ,200,0.011055,success
2026-08-27T14:30:26.3NZ,200,0.010353,success
2026-08-27T14:30:26.3NZ,200,0.010354,success
2026-08-27T14:30:26.3NZ,200,0.010731,success
2026-08-27T14:30:26.3NZ,200,0.010731,success
2026-08-27T14:30:26.3NZ,200,0.008862,success
2026-08-27T14:30:26.3NZ,200,0.008862,success
2026-08-27T14:30:27.3NZ,200,0.010034,success
2026-08-27T14:30:27.3NZ,200,0.010033,success
2026-08-27T14:30:27.3NZ,200,0.008412,success
2026-08-27T14:30:27.3NZ,200,0.008412,success
2026-08-27T14:30:27.3NZ,200,0.009403,success
2026-08-27T14:30:27.3NZ,200,0.009400,success
2026-08-27T14:30:27.3NZ,200,0.005654,success
2026-08-27T14:30:27.3NZ,200,0.004713,success
2026-08-27T14:30:27.3NZ,200,0.006108,success
2026-08-27T14:30:27.3NZ,200,0.006108,success
2026-08-27T14:30:27.3NZ,200,0.009958,success
2026-08-27T14:30:27.3NZ,200,0.009959,success
2026-08-27T14:30:27.3NZ,200,0.011718,success
2026-08-27T14:30:27.3NZ,200,0.011718,success
2026-08-27T14:30:28.3NZ,200,0.009801,success
2026-08-27T14:30:28.3NZ,200,0.009801,success
2026-08-27T14:30:28.3NZ,200,0.008863,success
2026-08-27T14:30:28.3NZ,200,0.008862,success
2026-08-27T14:30:28.3NZ,200,0.008999,success
2026-08-27T14:30:28.3NZ,200,0.008998,success
2026-08-27T14:30:28.3NZ,200,0.007649,success
2026-08-27T14:30:28.3NZ,200,0.009275,success
2026-08-27T14:30:28.3NZ,200,0.007148,success
2026-08-27T14:30:28.3NZ,200,0.007148,success
2026-08-27T14:30:28.3NZ,200,0.008868,success
2026-08-27T14:30:28.3NZ,200,0.008649,success
2026-08-27T14:30:29.3NZ,200,0.009146,success
2026-08-27T14:30:29.3NZ,200,0.009146,success
2026-08-27T14:30:29.3NZ,200,0.004306,success
2026-08-27T14:30:29.3NZ,200,0.004525,success
2026-08-27T14:30:29.3NZ,200,0.033615,success
2026-08-27T14:30:29.3NZ,200,0.016934,success
2026-08-27T14:30:29.3NZ,200,0.006338,success
2026-08-27T14:30:29.3NZ,200,0.005457,success
2026-08-27T14:30:29.3NZ,200,0.007467,success
2026-08-27T14:30:29.3NZ,200,0.007394,success
2026-08-27T14:30:29.3NZ,200,0.004900,success
2026-08-27T14:30:29.3NZ,200,0.004900,success
2026-08-27T14:30:29.3NZ,200,0.005330,success
2026-08-27T14:30:29.3NZ,200,0.006762,success
2026-08-27T14:30:30.3NZ,200,0.005055,success
2026-08-27T14:30:30.3NZ,200,0.005282,success
2026-08-27T14:30:30.3NZ,200,0.007877,success
2026-08-27T14:30:30.3NZ,200,0.007460,success
2026-08-27T14:30:30.3NZ,200,0.005159,success
2026-08-27T14:30:30.3NZ,200,0.004327,success
2026-08-27T14:30:30.3NZ,200,0.005573,success
2026-08-27T14:30:30.3NZ,200,0.004090,success
2026-08-27T14:30:30.3NZ,200,0.010882,success
2026-08-27T14:30:30.3NZ,200,0.010884,success
2026-08-27T14:30:30.3NZ,200,0.010784,success
2026-08-27T14:30:30.3NZ,200,0.011133,success
2026-08-27T14:30:30.3NZ,200,0.011969,success
2026-08-27T14:30:30.3NZ,200,0.010983,success
2026-08-27T14:30:31.3NZ,200,0.012504,success
2026-08-27T14:30:31.3NZ,200,0.012504,success
2026-08-27T14:30:31.3NZ,200,0.006992,success
2026-08-27T14:30:31.3NZ,200,0.005477,success
2026-08-27T14:30:31.3NZ,200,0.005995,success
2026-08-27T14:30:31.3NZ,200,0.006587,success
2026-08-27T14:30:31.3NZ,200,0.004788,success
2026-08-27T14:30:31.3NZ,200,0.004360,success
2026-08-27T14:30:31.3NZ,200,0.004801,success
2026-08-27T14:30:31.3NZ,200,0.004757,success
2026-08-27T14:30:31.3NZ,200,0.006363,success
2026-08-27T14:30:31.3NZ,200,0.005111,success
2026-08-27T14:30:31.3NZ,200,0.008633,success
2026-08-27T14:30:31.3NZ,200,0.008633,success
2026-08-27T14:30:31.3NZ,200,0.009984,success
2026-08-27T14:30:31.3NZ,200,0.009936,success
2026-08-27T14:30:32.3NZ,200,0.009821,success
2026-08-27T14:30:32.3NZ,200,0.009821,success
2026-08-27T14:30:32.3NZ,200,0.006544,success
2026-08-27T14:30:32.3NZ,200,0.005503,success
2026-08-27T14:30:32.3NZ,200,0.006796,success
2026-08-27T14:30:32.3NZ,200,0.004762,success
2026-08-27T14:30:32.3NZ,200,0.009284,success
2026-08-27T14:30:32.3NZ,200,0.009284,success
2026-08-27T14:30:32.3NZ,200,0.008369,success
2026-08-27T14:30:32.3NZ,200,0.008333,success
2026-08-27T14:30:32.3NZ,200,0.010577,success
2026-08-27T14:30:32.3NZ,200,0.010577,success
2026-08-27T14:30:32.3NZ,200,0.010440,success
2026-08-27T14:30:32.3NZ,200,0.010439,success
2026-08-27T14:30:33.3NZ,200,0.009032,success
2026-08-27T14:30:33.3NZ,200,0.009041,success
2026-08-27T14:30:33.3NZ,200,0.007478,success
2026-08-27T14:30:33.3NZ,200,0.007500,success
2026-08-27T14:30:33.3NZ,200,0.007949,success
2026-08-27T14:30:33.3NZ,200,0.007949,success
2026-08-27T14:30:33.3NZ,200,0.009485,success
2026-08-27T14:30:33.3NZ,200,0.009531,success
2026-08-27T14:30:33.3NZ,200,0.006097,success
2026-08-27T14:30:33.3NZ,200,0.006097,success
2026-08-27T14:30:33.3NZ,200,0.006224,success
2026-08-27T14:30:33.3NZ,200,0.007049,success
2026-08-27T14:30:34.3NZ,200,0.005831,success
2026-08-27T14:30:34.3NZ,200,0.005831,success
2026-08-27T14:30:34.3NZ,200,0.006908,success
2026-08-27T14:30:34.3NZ,200,0.007165,success
2026-08-27T14:30:34.3NZ,200,0.009050,success
2026-08-27T14:30:34.3NZ,200,0.009050,success
2026-08-27T14:30:34.3NZ,200,0.011704,success
2026-08-27T14:30:34.3NZ,200,0.011725,success
2026-08-27T14:30:34.3NZ,200,0.012556,success
2026-08-27T14:30:34.3NZ,200,0.012549,success
2026-08-27T14:30:34.3NZ,200,0.007290,success
2026-08-27T14:30:34.3NZ,200,0.007640,success
2026-08-27T14:30:34.3NZ,200,0.008085,success
2026-08-27T14:30:34.3NZ,200,0.006567,success
2026-08-27T14:30:35.3NZ,200,0.005203,success
2026-08-27T14:30:35.3NZ,200,0.005203,success
2026-08-27T14:30:35.3NZ,200,0.005548,success
2026-08-27T14:30:35.3NZ,200,0.005548,success
2026-08-27T14:30:35.3NZ,200,0.007603,success
2026-08-27T14:30:35.3NZ,200,0.007601,success
2026-08-27T14:30:35.3NZ,200,0.010685,success
2026-08-27T14:30:35.3NZ,200,0.010685,success
2026-08-27T14:30:35.3NZ,200,0.012762,success
2026-08-27T14:30:35.3NZ,200,0.012761,success
2026-08-27T14:30:35.3NZ,200,0.008951,success
2026-08-27T14:30:35.3NZ,200,0.008947,success
2026-08-27T14:30:35.3NZ,200,0.006136,success
2026-08-27T14:30:35.3NZ,200,0.004698,success
2026-08-27T14:30:36.3NZ,200,0.006770,success
2026-08-27T14:30:36.3NZ,200,0.006330,success
2026-08-27T14:30:36.3NZ,200,0.005991,success
2026-08-27T14:30:36.3NZ,200,0.004500,success
2026-08-27T14:30:36.3NZ,200,0.006806,success
2026-08-27T14:30:36.3NZ,200,0.006806,success
2026-08-27T14:30:36.3NZ,200,0.009323,success
2026-08-27T14:30:36.3NZ,200,0.009323,success
2026-08-27T14:30:36.3NZ,200,0.008780,success
2026-08-27T14:30:36.3NZ,200,0.008780,success
2026-08-27T14:30:36.3NZ,200,0.010059,success
2026-08-27T14:30:36.3NZ,200,0.010134,success
2026-08-27T14:30:36.3NZ,200,0.015251,success
2026-08-27T14:30:36.3NZ,200,0.015251,success
2026-08-27T14:30:37.3NZ,200,0.011458,success
2026-08-27T14:30:37.3NZ,200,0.011458,success
2026-08-27T14:30:37.3NZ,200,0.005511,success
2026-08-27T14:30:37.3NZ,200,0.005711,success
2026-08-27T14:30:37.3NZ,200,0.004337,success
2026-08-27T14:30:37.3NZ,200,0.003551,success
2026-08-27T14:30:37.3NZ,200,0.006754,success
2026-08-27T14:30:37.3NZ,200,0.006961,success
2026-08-27T14:30:37.3NZ,200,0.006534,success
2026-08-27T14:30:37.3NZ,200,0.006550,success
2026-08-27T14:30:37.3NZ,200,0.004948,success
2026-08-27T14:30:37.3NZ,200,0.004948,success
2026-08-27T14:30:37.3NZ,200,0.005461,success
2026-08-27T14:30:37.3NZ,200,0.004817,success
2026-08-27T14:30:37.3NZ,200,0.020465,success
2026-08-27T14:30:37.3NZ,200,0.023285,success
2026-08-27T14:30:38.3NZ,200,0.005584,success
2026-08-27T14:30:38.3NZ,200,0.004736,success
2026-08-27T14:30:38.3NZ,200,0.007480,success
2026-08-27T14:30:38.3NZ,200,0.007310,success
2026-08-27T14:30:38.3NZ,200,0.005823,success
2026-08-27T14:30:38.3NZ,200,0.004798,success
2026-08-27T14:30:38.3NZ,200,0.006740,success
2026-08-27T14:30:38.3NZ,200,0.012507,success
2026-08-27T14:30:38.3NZ,200,0.005439,success
2026-08-27T14:30:38.3NZ,200,0.004863,success
2026-08-27T14:30:38.3NZ,200,0.007759,success
2026-08-27T14:30:38.3NZ,200,0.004301,success
2026-08-27T14:30:38.3NZ,200,0.005239,success
2026-08-27T14:30:38.3NZ,200,0.004451,success
2026-08-27T14:30:39.3NZ,200,0.006087,success
2026-08-27T14:30:39.3NZ,200,0.005832,success
2026-08-27T14:30:39.3NZ,200,0.007951,success
2026-08-27T14:30:39.3NZ,200,0.008010,success
2026-08-27T14:30:39.3NZ,200,0.005781,success
2026-08-27T14:30:39.3NZ,200,0.005991,success
2026-08-27T14:30:39.3NZ,200,0.006879,success
2026-08-27T14:30:39.3NZ,200,0.006891,success
2026-08-27T14:30:39.3NZ,200,0.005876,success
2026-08-27T14:30:39.3NZ,200,0.005622,success
2026-08-27T14:30:39.3NZ,200,0.006141,success
2026-08-27T14:30:39.3NZ,200,0.006141,success
2026-08-27T14:30:39.3NZ,200,0.007076,success
2026-08-27T14:30:39.3NZ,200,0.007065,success
2026-08-27T14:30:40.3NZ,200,0.009936,success
2026-08-27T14:30:40.3NZ,200,0.013913,success
2026-08-27T14:30:40.3NZ,200,0.004934,success
2026-08-27T14:30:40.3NZ,200,0.006255,success
2026-08-27T14:30:40.3NZ,200,0.004180,success
2026-08-27T14:30:40.3NZ,200,0.004954,success
2026-08-27T14:30:40.3NZ,200,0.006584,success
2026-08-27T14:30:40.3NZ,200,0.006584,success
2026-08-27T14:30:40.3NZ,200,0.012446,success
2026-08-27T14:30:40.3NZ,200,0.012446,success
2026-08-27T14:30:40.3NZ,200,0.006539,success
2026-08-27T14:30:40.3NZ,200,0.007461,success
2026-08-27T14:30:40.3NZ,200,0.006856,success
2026-08-27T14:30:40.3NZ,200,0.007607,success
2026-08-27T14:30:41.3NZ,200,0.008429,success
2026-08-27T14:30:41.3NZ,200,0.006193,success
2026-08-27T14:30:41.3NZ,200,0.007263,success
2026-08-27T14:30:41.3NZ,200,0.007178,success
2026-08-27T14:30:41.3NZ,200,0.009786,success
2026-08-27T14:30:41.3NZ,200,0.009786,success
2026-08-27T14:30:41.3NZ,200,0.007018,success
2026-08-27T14:30:41.3NZ,200,0.007018,success
2026-08-27T14:30:41.3NZ,200,0.005255,success
2026-08-27T14:30:41.3NZ,200,0.004242,success
2026-08-27T14:30:41.3NZ,200,0.004765,success
2026-08-27T14:30:41.3NZ,200,0.004135,success
2026-08-27T14:30:41.3NZ,200,0.006336,success
2026-08-27T14:30:41.3NZ,200,0.005182,success
2026-08-27T14:30:42.3NZ,200,0.006399,success
2026-08-27T14:30:42.3NZ,200,0.005556,success
2026-08-27T14:30:42.3NZ,200,0.008457,success
2026-08-27T14:30:42.3NZ,200,0.008539,success
2026-08-27T14:30:42.3NZ,200,0.004936,success
2026-08-27T14:30:42.3NZ,200,0.004866,success
2026-08-27T14:30:42.3NZ,200,0.007896,success
2026-08-27T14:30:42.3NZ,200,0.007896,success
2026-08-27T14:30:42.3NZ,200,0.006887,success
2026-08-27T14:30:42.3NZ,200,0.007580,success
2026-08-27T14:30:42.3NZ,200,0.010579,success
2026-08-27T14:30:42.3NZ,200,0.010579,success
2026-08-27T14:30:42.3NZ,200,0.009434,success
2026-08-27T14:30:42.3NZ,200,0.009434,success
2026-08-27T14:30:43.3NZ,200,0.007764,success
2026-08-27T14:30:43.3NZ,200,0.007764,success
2026-08-27T14:30:43.3NZ,200,0.008251,success
2026-08-27T14:30:43.3NZ,200,0.008389,success
2026-08-27T14:30:43.3NZ,200,0.006203,success
2026-08-27T14:30:43.3NZ,200,0.006203,success
2026-08-27T14:30:43.3NZ,200,0.009974,success
2026-08-27T14:30:43.3NZ,200,0.010194,success
2026-08-27T14:30:43.3NZ,200,0.007749,success
2026-08-27T14:30:43.3NZ,200,0.006894,success
2026-08-27T14:30:43.3NZ,200,0.010949,success
2026-08-27T14:30:43.3NZ,200,0.010949,success
2026-08-27T14:30:43.3NZ,200,0.005746,success
2026-08-27T14:30:43.3NZ,200,0.006217,success
2026-08-27T14:30:44.3NZ,200,0.004873,success
2026-08-27T14:30:44.3NZ,200,0.004743,success
2026-08-27T14:30:44.3NZ,200,0.004832,success
2026-08-27T14:30:44.3NZ,200,0.005269,success
2026-08-27T14:30:44.3NZ,200,0.004923,success
2026-08-27T14:30:44.3NZ,200,0.003537,success
2026-08-27T14:30:44.3NZ,200,0.005612,success
2026-08-27T14:30:44.3NZ,200,0.005243,success
2026-08-27T14:30:44.3NZ,200,0.008169,success
2026-08-27T14:30:44.3NZ,200,0.006044,success
2026-08-27T14:30:44.3NZ,200,0.010508,success
2026-08-27T14:30:44.3NZ,200,0.010508,success
2026-08-27T14:30:44.3NZ,200,0.005090,success
2026-08-27T14:30:44.3NZ,200,0.004130,success
2026-08-27T14:30:44.3NZ,200,0.004568,success
2026-08-27T14:30:44.3NZ,200,0.004213,success
2026-08-27T14:30:45.3NZ,200,0.005443,success
2026-08-27T14:30:45.3NZ,200,0.006438,success
2026-08-27T14:30:45.3NZ,200,0.007889,success
2026-08-27T14:30:45.3NZ,200,0.006380,success
2026-08-27T14:30:45.3NZ,200,0.010619,success
2026-08-27T14:30:45.3NZ,200,0.009354,success
2026-08-27T14:30:45.3NZ,200,0.016063,success
2026-08-27T14:30:45.3NZ,200,0.014590,success
2026-08-27T14:30:45.3NZ,200,0.013001,success
2026-08-27T14:30:45.3NZ,200,0.012432,success
2026-08-27T14:30:45.3NZ,200,0.008359,success
2026-08-27T14:30:45.3NZ,200,0.008359,success
2026-08-27T14:30:45.3NZ,200,0.007252,success
2026-08-27T14:30:45.3NZ,200,0.007996,success
2026-08-27T14:30:46.3NZ,200,0.004497,success
2026-08-27T14:30:46.3NZ,200,0.005027,success
2026-08-27T14:30:46.3NZ,200,0.006525,success
2026-08-27T14:30:46.3NZ,200,0.007138,success
2026-08-27T14:30:46.3NZ,200,0.005932,success
2026-08-27T14:30:46.3NZ,200,0.005390,success
2026-08-27T14:30:46.3NZ,200,0.009371,success
2026-08-27T14:30:46.3NZ,200,0.009348,success
2026-08-27T14:30:46.3NZ,200,0.012224,success
2026-08-27T14:30:46.3NZ,200,0.012224,success
2026-08-27T14:30:46.3NZ,200,0.008492,success
2026-08-27T14:30:46.3NZ,200,0.008492,success
2026-08-27T14:30:46.3NZ,200,0.009466,success
2026-08-27T14:30:46.3NZ,200,0.009466,success
2026-08-27T14:30:47.3NZ,200,0.013329,success
2026-08-27T14:30:47.3NZ,200,0.010896,success
2026-08-27T14:30:47.3NZ,200,0.006530,success
2026-08-27T14:30:47.3NZ,200,0.006530,success
2026-08-27T14:30:47.3NZ,200,0.006541,success
2026-08-27T14:30:47.3NZ,200,0.006541,success
2026-08-27T14:30:47.3NZ,200,0.005261,success
2026-08-27T14:30:47.3NZ,200,0.005235,success
2026-08-27T14:30:47.3NZ,200,0.004064,success
2026-08-27T14:30:47.3NZ,200,0.003432,success
2026-08-27T14:30:47.3NZ,200,0.007727,success
2026-08-27T14:30:47.3NZ,200,0.007727,success
2026-08-27T14:30:47.3NZ,200,0.008124,success
2026-08-27T14:30:47.3NZ,200,0.007642,success
2026-08-27T14:30:48.3NZ,200,0.010117,success
2026-08-27T14:30:48.3NZ,200,0.010101,success
2026-08-27T14:30:48.3NZ,200,0.009290,success
2026-08-27T14:30:48.3NZ,200,0.010932,success
2026-08-27T14:30:48.3NZ,200,0.008299,success
2026-08-27T14:30:48.3NZ,200,0.008319,success
2026-08-27T14:30:48.3NZ,200,0.008214,success
2026-08-27T14:30:48.3NZ,200,0.008221,success
2026-08-27T14:30:48.3NZ,200,0.006069,success
2026-08-27T14:30:48.3NZ,200,0.006069,success
2026-08-27T14:30:48.3NZ,200,0.006080,success
2026-08-27T14:30:48.3NZ,200,0.005851,success
2026-08-27T14:30:48.3NZ,200,0.009975,success
2026-08-27T14:30:48.3NZ,200,0.008898,success
2026-08-27T14:30:49.3NZ,200,0.005447,success
2026-08-27T14:30:49.3NZ,200,0.005580,success
2026-08-27T14:30:49.3NZ,200,0.005139,success
2026-08-27T14:30:49.3NZ,200,0.005846,success
2026-08-27T14:30:49.3NZ,200,0.006812,success
2026-08-27T14:30:49.3NZ,200,0.005693,success
2026-08-27T14:30:49.3NZ,200,0.014155,success
2026-08-27T14:30:49.3NZ,200,0.013239,success
2026-08-27T14:30:49.3NZ,200,0.005755,success
2026-08-27T14:30:49.3NZ,200,0.006060,success
2026-08-27T14:30:49.3NZ,200,0.004982,success
2026-08-27T14:30:49.3NZ,200,0.004124,success
2026-08-27T14:30:49.3NZ,200,0.009088,success
2026-08-27T14:30:49.3NZ,200,0.009088,success
2026-08-27T14:30:50.3NZ,200,0.007853,success
2026-08-27T14:30:50.3NZ,200,0.007853,success
2026-08-27T14:30:50.3NZ,200,0.005705,success
2026-08-27T14:30:50.3NZ,200,0.004357,success
2026-08-27T14:30:50.3NZ,200,0.006153,success
2026-08-27T14:30:50.3NZ,200,0.006150,success
2026-08-27T14:30:50.3NZ,200,0.005841,success
2026-08-27T14:30:50.3NZ,200,0.005478,success
2026-08-27T14:30:50.3NZ,200,0.010666,success
2026-08-27T14:30:50.3NZ,200,0.010666,success
2026-08-27T14:30:50.3NZ,200,0.008687,success
2026-08-27T14:30:50.3NZ,200,0.008686,success
2026-08-27T14:30:51.3NZ,200,0.009037,success
2026-08-27T14:30:51.3NZ,200,0.009037,success
2026-08-27T14:30:51.3NZ,200,0.008316,success
2026-08-27T14:30:51.3NZ,200,0.008333,success
2026-08-27T14:30:51.3NZ,200,0.007278,success
2026-08-27T14:30:51.3NZ,200,0.008715,success
2026-08-27T14:30:51.3NZ,200,0.012277,success
2026-08-27T14:30:51.3NZ,200,0.012895,success
2026-08-27T14:30:51.3NZ,200,0.004845,success
2026-08-27T14:30:51.3NZ,200,0.004737,success
2026-08-27T14:30:51.3NZ,200,0.005447,success
2026-08-27T14:30:51.3NZ,200,0.005447,success
2026-08-27T14:30:51.3NZ,200,0.005415,success
2026-08-27T14:30:51.3NZ,200,0.004126,success
2026-08-27T14:30:52.3NZ,200,0.006237,success
2026-08-27T14:30:52.3NZ,200,0.006381,success
2026-08-27T14:30:52.3NZ,200,0.005583,success
2026-08-27T14:30:52.3NZ,200,0.005585,success
2026-08-27T14:30:52.3NZ,200,0.006988,success
2026-08-27T14:30:52.3NZ,200,0.007010,success
2026-08-27T14:30:52.3NZ,200,0.004584,success
2026-08-27T14:30:52.3NZ,200,0.004209,success
2026-08-27T14:30:52.3NZ,200,0.007868,success
2026-08-27T14:30:52.3NZ,200,0.007868,success
2026-08-27T14:30:52.3NZ,200,0.007978,success
2026-08-27T14:30:52.3NZ,200,0.007978,success
2026-08-27T14:30:52.3NZ,200,0.009359,success
2026-08-27T14:30:52.3NZ,200,0.009361,success
2026-08-27T14:30:53.3NZ,200,0.009835,success
2026-08-27T14:30:53.3NZ,200,0.009835,success
2026-08-27T14:30:53.3NZ,200,0.009422,success
2026-08-27T14:30:53.3NZ,200,0.009422,success
2026-08-27T14:30:53.3NZ,200,0.013038,success
2026-08-27T14:30:53.3NZ,200,0.012411,success
2026-08-27T14:30:53.3NZ,200,0.011131,success
2026-08-27T14:30:53.3NZ,200,0.011127,success
2026-08-27T14:30:53.3NZ,200,0.007058,success
2026-08-27T14:30:53.3NZ,200,0.007623,success
2026-08-27T14:30:53.3NZ,200,0.009376,success
2026-08-27T14:30:53.3NZ,200,0.006572,success
2026-08-27T14:30:53.3NZ,200,0.006710,success
2026-08-27T14:30:53.3NZ,200,0.010410,success
2026-08-27T14:30:54.3NZ,200,0.006746,success
2026-08-27T14:30:54.3NZ,200,0.005864,success
2026-08-27T14:30:54.3NZ,200,0.005545,success
2026-08-27T14:30:54.3NZ,200,0.003863,success
2026-08-27T14:30:54.3NZ,200,0.005455,success
2026-08-27T14:30:54.3NZ,200,0.004435,success
2026-08-27T14:30:54.3NZ,200,0.008250,success
2026-08-27T14:30:54.3NZ,200,0.007724,success
2026-08-27T14:30:54.3NZ,200,0.009325,success
2026-08-27T14:30:54.3NZ,200,0.009325,success
2026-08-27T14:30:54.3NZ,200,0.007986,success
2026-08-27T14:30:54.3NZ,200,0.007986,success
2026-08-27T14:30:54.3NZ,200,0.007373,success
2026-08-27T14:30:54.3NZ,200,0.007370,success
2026-08-27T14:30:55.3NZ,200,0.005734,success
2026-08-27T14:30:55.3NZ,200,0.005733,success
2026-08-27T14:30:55.3NZ,200,0.006062,success
2026-08-27T14:30:55.3NZ,200,0.004056,success
2026-08-27T14:30:55.3NZ,200,0.006371,success
2026-08-27T14:30:55.3NZ,200,0.006316,success
2026-08-27T14:30:55.3NZ,200,0.010522,success
2026-08-27T14:30:55.3NZ,200,0.011713,success
2026-08-27T14:30:55.3NZ,200,0.006800,success
2026-08-27T14:30:55.3NZ,200,0.006800,success
2026-08-27T14:30:55.3NZ,200,0.006579,success
2026-08-27T14:30:55.3NZ,200,0.006763,success
2026-08-27T14:30:55.3NZ,200,0.005404,success
2026-08-27T14:30:55.3NZ,200,0.005009,success
2026-08-27T14:30:55.3NZ,200,0.004844,success
2026-08-27T14:30:55.3NZ,200,0.004312,success
2026-08-27T14:30:56.3NZ,200,0.005709,success
2026-08-27T14:30:56.3NZ,200,0.004426,success
2026-08-27T14:30:56.3NZ,200,0.008016,success
2026-08-27T14:30:56.3NZ,200,0.006981,success
2026-08-27T14:30:56.3NZ,200,0.013207,success
2026-08-27T14:30:56.3NZ,200,0.013202,success
2026-08-27T14:30:56.3NZ,200,0.011736,success
2026-08-27T14:30:56.3NZ,200,0.011740,success
2026-08-27T14:30:56.3NZ,200,0.013752,success
2026-08-27T14:30:56.3NZ,200,0.013752,success
2026-08-27T14:30:56.3NZ,200,0.008667,success
2026-08-27T14:30:56.3NZ,200,0.008667,success
2026-08-27T14:30:57.3NZ,200,0.009140,success
2026-08-27T14:30:57.3NZ,200,0.009132,success
2026-08-27T14:30:57.3NZ,200,0.011158,success
2026-08-27T14:30:57.3NZ,200,0.012477,success
2026-08-27T14:30:57.3NZ,200,0.005991,success
2026-08-27T14:30:57.3NZ,200,0.005991,success
2026-08-27T14:30:57.3NZ,200,0.007552,success
2026-08-27T14:30:57.3NZ,200,0.007232,success
2026-08-27T14:30:57.3NZ,200,0.011925,success
2026-08-27T14:30:57.3NZ,200,0.010874,success
2026-08-27T14:30:57.3NZ,200,0.004746,success
2026-08-27T14:30:57.3NZ,200,0.006545,success
2026-08-27T14:30:57.3NZ,200,0.005075,success
2026-08-27T14:30:57.3NZ,200,0.004472,success
2026-08-27T14:30:58.3NZ,200,0.005560,success
2026-08-27T14:30:58.3NZ,200,0.005701,success
2026-08-27T14:30:58.3NZ,200,0.010533,success
2026-08-27T14:30:58.3NZ,200,0.007959,success
2026-08-27T14:30:58.3NZ,200,0.007582,success
2026-08-27T14:30:58.3NZ,200,0.006260,success
2026-08-27T14:30:58.3NZ,200,0.005861,success
2026-08-27T14:30:58.3NZ,200,0.005507,success
2026-08-27T14:30:58.3NZ,200,0.006461,success
2026-08-27T14:30:58.3NZ,200,0.006461,success
2026-08-27T14:30:58.3NZ,200,0.010011,success
2026-08-27T14:30:58.3NZ,200,0.010011,success
2026-08-27T14:30:58.3NZ,200,0.015295,success
2026-08-27T14:30:58.3NZ,200,0.015295,success
2026-08-27T14:30:59.3NZ,200,0.009411,success
2026-08-27T14:30:59.3NZ,200,0.009507,success
2026-08-27T14:30:59.3NZ,200,0.005207,success
2026-08-27T14:30:59.3NZ,200,0.004999,success
2026-08-27T14:30:59.3NZ,200,0.006514,success
2026-08-27T14:30:59.3NZ,200,0.005303,success
2026-08-27T14:30:59.3NZ,200,0.007464,success
2026-08-27T14:30:59.3NZ,200,0.007449,success
2026-08-27T14:30:59.3NZ,200,0.006939,success
2026-08-27T14:30:59.3NZ,200,0.006917,success
2026-08-27T14:30:59.3NZ,200,0.004924,success
2026-08-27T14:30:59.3NZ,200,0.004533,success
2026-08-27T14:30:59.3NZ,200,0.006102,success
2026-08-27T14:30:59.3NZ,200,0.006104,success
2026-08-27T14:31:00.3NZ,200,0.008019,success
2026-08-27T14:31:00.3NZ,200,0.008083,success
2026-08-27T14:31:00.3NZ,200,0.008609,success
2026-08-27T14:31:00.3NZ,200,0.008610,success
2026-08-27T14:31:00.3NZ,200,0.017427,success
2026-08-27T14:31:00.3NZ,200,0.017428,success
2026-08-27T14:31:00.3NZ,200,0.006669,success
2026-08-27T14:31:00.3NZ,200,0.006660,success
2026-08-27T14:31:00.3NZ,200,0.005450,success
2026-08-27T14:31:00.3NZ,200,0.005450,success
2026-08-27T14:31:00.3NZ,200,0.006691,success
2026-08-27T14:31:00.3NZ,200,0.006691,success
2026-08-27T14:31:00.3NZ,200,0.016350,success
2026-08-27T14:31:00.3NZ,200,0.013614,success
2026-08-27T14:31:01.3NZ,200,0.006743,success
2026-08-27T14:31:01.3NZ,200,0.006788,success
2026-08-27T14:31:01.3NZ,200,0.007005,success
2026-08-27T14:31:01.3NZ,200,0.006994,success
2026-08-27T14:31:01.3NZ,200,0.005379,success
2026-08-27T14:31:01.3NZ,200,0.005411,success
2026-08-27T14:31:01.3NZ,200,0.009658,success
2026-08-27T14:31:01.3NZ,200,0.004561,success
2026-08-27T14:31:01.3NZ,200,0.005718,success
2026-08-27T14:31:01.3NZ,200,0.005077,success
2026-08-27T14:31:01.3NZ,200,0.011041,success
2026-08-27T14:31:01.3NZ,200,0.006198,success
2026-08-27T14:31:01.3NZ,200,0.006274,success
2026-08-27T14:31:01.3NZ,200,0.006841,success
2026-08-27T14:31:02.3NZ,200,0.007085,success
2026-08-27T14:31:02.3NZ,200,0.004644,success
2026-08-27T14:31:02.3NZ,200,0.009940,success
2026-08-27T14:31:02.3NZ,200,0.009484,success
2026-08-27T14:31:02.3NZ,200,0.004508,success
2026-08-27T14:31:02.3NZ,200,0.004212,success
2026-08-27T14:31:02.3NZ,200,0.005297,success
2026-08-27T14:31:02.3NZ,200,0.005352,success
2026-08-27T14:31:02.3NZ,200,0.005854,success
2026-08-27T14:31:02.3NZ,200,0.005861,success
2026-08-27T14:31:02.3NZ,200,0.008066,success
2026-08-27T14:31:02.3NZ,200,0.006852,success
2026-08-27T14:31:02.3NZ,200,0.010406,success
2026-08-27T14:31:02.3NZ,200,0.010406,success
2026-08-27T14:31:03.3NZ,200,0.007930,success
2026-08-27T14:31:03.3NZ,200,0.007930,success
2026-08-27T14:31:03.3NZ,200,0.009014,success
2026-08-27T14:31:03.3NZ,200,0.009014,success
2026-08-27T14:31:03.3NZ,200,0.012034,success
2026-08-27T14:31:03.3NZ,200,0.010490,success
2026-08-27T14:31:03.3NZ,200,0.013397,success
2026-08-27T14:31:03.3NZ,200,0.013401,success
2026-08-27T14:31:03.3NZ,200,0.008652,success
2026-08-27T14:31:03.3NZ,200,0.008652,success
2026-08-27T14:31:03.3NZ,200,0.004397,success
2026-08-27T14:31:03.3NZ,200,0.004376,success
2026-08-27T14:31:03.3NZ,200,0.005740,success
2026-08-27T14:31:03.3NZ,200,0.004967,success
2026-08-27T14:31:03.3NZ,200,0.005577,success
2026-08-27T14:31:03.3NZ,200,0.004607,success
2026-08-27T14:31:04.3NZ,200,0.006733,success
2026-08-27T14:31:04.3NZ,200,0.006630,success
2026-08-27T14:31:04.3NZ,200,0.004598,success
2026-08-27T14:31:04.3NZ,200,0.004142,success
2026-08-27T14:31:04.3NZ,200,0.007155,success
2026-08-27T14:31:04.3NZ,200,0.005772,success
2026-08-27T14:31:04.3NZ,200,0.009274,success
2026-08-27T14:31:04.3NZ,200,0.009185,success
2026-08-27T14:31:04.3NZ,200,0.009292,success
2026-08-27T14:31:04.3NZ,200,0.009292,success
2026-08-27T14:31:04.3NZ,200,0.011258,success
2026-08-27T14:31:04.3NZ,200,0.011356,success
2026-08-27T14:31:04.3NZ,200,0.007653,success
2026-08-27T14:31:04.3NZ,200,0.007663,success
2026-08-27T14:31:05.3NZ,200,0.005313,success
2026-08-27T14:31:05.3NZ,200,0.004728,success
2026-08-27T14:31:05.3NZ,200,0.007016,success
2026-08-27T14:31:05.3NZ,200,0.007016,success
2026-08-27T14:31:05.3NZ,200,0.007816,success
2026-08-27T14:31:05.3NZ,200,0.007816,success
2026-08-27T14:31:05.3NZ,200,0.009448,success
2026-08-27T14:31:05.3NZ,200,0.009448,success
2026-08-27T14:31:05.3NZ,200,0.005100,success
2026-08-27T14:31:05.3NZ,200,0.007341,success
2026-08-27T14:31:05.3NZ,200,0.005847,success
2026-08-27T14:31:05.3NZ,200,0.004174,success
2026-08-27T14:31:05.3NZ,200,0.006332,success
2026-08-27T14:31:05.3NZ,200,0.006332,success
2026-08-27T14:31:06.3NZ,200,0.006905,success
2026-08-27T14:31:06.3NZ,200,0.005683,success
2026-08-27T14:31:06.3NZ,200,0.008573,success
2026-08-27T14:31:06.3NZ,200,0.008573,success
2026-08-27T14:31:06.3NZ,200,0.013966,success
2026-08-27T14:31:06.3NZ,200,0.014511,success
2026-08-27T14:31:06.3NZ,200,0.021545,success
2026-08-27T14:31:06.3NZ,200,0.019436,success
2026-08-27T14:31:06.3NZ,200,0.008290,success
2026-08-27T14:31:06.3NZ,200,0.005947,success
2026-08-27T14:31:06.3NZ,200,0.006959,success
2026-08-27T14:31:06.3NZ,200,0.006959,success
2026-08-27T14:31:06.3NZ,200,0.009530,success
2026-08-27T14:31:06.3NZ,200,0.009530,success
2026-08-27T14:31:07.3NZ,200,0.006338,success
2026-08-27T14:31:07.3NZ,200,0.005088,success
2026-08-27T14:31:07.3NZ,200,0.005996,success
2026-08-27T14:31:07.3NZ,200,0.005923,success
2026-08-27T14:31:07.3NZ,200,0.006980,success
2026-08-27T14:31:07.3NZ,200,0.007041,success
2026-08-27T14:31:07.3NZ,200,0.006412,success
2026-08-27T14:31:07.3NZ,200,0.004919,success
2026-08-27T14:31:07.3NZ,200,0.014641,success
2026-08-27T14:31:07.3NZ,200,0.008231,success
2026-08-27T14:31:07.3NZ,200,0.005968,success
2026-08-27T14:31:07.3NZ,200,0.006434,success
2026-08-27T14:31:07.3NZ,200,0.006171,success
2026-08-27T14:31:07.3NZ,200,0.005469,success
2026-08-27T14:31:08.3NZ,200,0.006791,success
2026-08-27T14:31:08.3NZ,200,0.006929,success
2026-08-27T14:31:08.3NZ,200,0.012024,success
2026-08-27T14:31:08.3NZ,200,0.005495,success
2026-08-27T14:31:08.3NZ,200,0.010049,success
2026-08-27T14:31:08.3NZ,200,0.005021,success
2026-08-27T14:31:08.3NZ,200,0.006077,success
2026-08-27T14:31:08.3NZ,200,0.005321,success
2026-08-27T14:31:08.3NZ,200,0.006155,success
2026-08-27T14:31:08.3NZ,200,0.007012,success
2026-08-27T14:31:08.3NZ,200,0.006373,success
2026-08-27T14:31:08.3NZ,200,0.006470,success
2026-08-27T14:31:08.3NZ,200,0.009797,success
2026-08-27T14:31:08.3NZ,200,0.009030,success
2026-08-27T14:31:09.3NZ,200,0.007351,success
2026-08-27T14:31:09.3NZ,200,0.007364,success
2026-08-27T14:31:09.3NZ,200,0.006183,success
2026-08-27T14:31:09.3NZ,200,0.005331,success
2026-08-27T14:31:09.3NZ,200,0.006214,success
2026-08-27T14:31:09.3NZ,200,0.006674,success
2026-08-27T14:31:09.3NZ,200,0.007038,success
2026-08-27T14:31:09.3NZ,200,0.007986,success
2026-08-27T14:31:09.3NZ,200,0.006876,success
2026-08-27T14:31:09.3NZ,200,0.009714,success
2026-08-27T14:31:09.3NZ,200,0.005662,success
2026-08-27T14:31:09.3NZ,200,0.005339,success
2026-08-27T14:31:09.3NZ,200,0.007219,success
2026-08-27T14:31:09.3NZ,200,0.005751,success
2026-08-27T14:31:10.3NZ,200,0.004938,success
2026-08-27T14:31:10.3NZ,200,0.005587,success
2026-08-27T14:31:10.3NZ,200,0.007242,success
2026-08-27T14:31:10.3NZ,200,0.005842,success
2026-08-27T14:31:10.3NZ,200,0.005442,success
2026-08-27T14:31:10.3NZ,200,0.004608,success
2026-08-27T14:31:10.3NZ,200,0.008845,success
2026-08-27T14:31:10.3NZ,200,0.007051,success
2026-08-27T14:31:10.3NZ,200,0.006047,success
2026-08-27T14:31:10.3NZ,200,0.006049,success
2026-08-27T14:31:10.3NZ,200,0.006677,success
2026-08-27T14:31:10.3NZ,200,0.006677,success
2026-08-27T14:31:10.3NZ,200,0.005054,success
2026-08-27T14:31:10.3NZ,200,0.005054,success
2026-08-27T14:31:10.3NZ,200,0.005450,success
2026-08-27T14:31:10.3NZ,200,0.005643,success
2026-08-27T14:31:11.3NZ,200,0.008069,success
2026-08-27T14:31:11.3NZ,200,0.006820,success
2026-08-27T14:31:11.3NZ,200,0.005766,success
2026-08-27T14:31:11.3NZ,200,0.004610,success
2026-08-27T14:31:11.3NZ,200,0.006031,success
2026-08-27T14:31:11.3NZ,200,0.005532,success
2026-08-27T14:31:11.3NZ,200,0.010275,success
2026-08-27T14:31:11.3NZ,200,0.010275,success
2026-08-27T14:31:11.3NZ,200,0.009576,success
2026-08-27T14:31:11.3NZ,200,0.009576,success
2026-08-27T14:31:11.3NZ,200,0.010441,success
2026-08-27T14:31:11.3NZ,200,0.010439,success
2026-08-27T14:31:11.3NZ,200,0.008130,success
2026-08-27T14:31:11.3NZ,200,0.008130,success
2026-08-27T14:31:12.3NZ,200,0.012995,success
2026-08-27T14:31:12.3NZ,200,0.014489,success
2026-08-27T14:31:12.3NZ,200,0.004784,success
2026-08-27T14:31:12.3NZ,200,0.005198,success
2026-08-27T14:31:12.3NZ,200,0.006177,success
2026-08-27T14:31:12.3NZ,200,0.004016,success
2026-08-27T14:31:12.3NZ,200,0.003938,success
2026-08-27T14:31:12.3NZ,200,0.003967,success
2026-08-27T14:31:12.3NZ,200,0.008159,success
2026-08-27T14:31:12.3NZ,200,0.008159,success
2026-08-27T14:31:12.3NZ,200,0.008492,success
2026-08-27T14:31:12.3NZ,200,0.008492,success
2026-08-27T14:31:13.3NZ,200,0.009345,success
2026-08-27T14:31:13.3NZ,200,0.009345,success
2026-08-27T14:31:13.3NZ,200,0.011069,success
2026-08-27T14:31:13.3NZ,200,0.011325,success
2026-08-27T14:31:13.3NZ,200,0.011327,success
2026-08-27T14:31:13.3NZ,200,0.011327,success
2026-08-27T14:31:13.3NZ,200,0.007117,success
2026-08-27T14:31:13.3NZ,200,0.007260,success
2026-08-27T14:31:13.3NZ,200,0.004390,success
2026-08-27T14:31:13.3NZ,200,0.003672,success
2026-08-27T14:31:13.3NZ,200,0.005310,success
2026-08-27T14:31:13.3NZ,200,0.005313,success
2026-08-27T14:31:14.3NZ,200,0.006494,success
2026-08-27T14:31:14.3NZ,200,0.006494,success
2026-08-27T14:31:14.3NZ,200,0.006825,success
2026-08-27T14:31:14.3NZ,200,0.006843,success
2026-08-27T14:31:14.3NZ,200,0.008170,success
2026-08-27T14:31:14.3NZ,200,0.008170,success
2026-08-27T14:31:14.3NZ,200,0.009636,success
2026-08-27T14:31:14.3NZ,200,0.009670,success
2026-08-27T14:31:14.3NZ,200,0.010002,success
2026-08-27T14:31:14.3NZ,200,0.010003,success
2026-08-27T14:31:14.3NZ,200,0.009513,success
2026-08-27T14:31:14.3NZ,200,0.009512,success
2026-08-27T14:31:14.3NZ,200,0.009309,success
2026-08-27T14:31:14.3NZ,200,0.009248,success
2026-08-27T14:31:15.3NZ,200,0.007071,success
2026-08-27T14:31:15.3NZ,200,0.007071,success
2026-08-27T14:31:15.3NZ,200,0.005404,success
2026-08-27T14:31:15.3NZ,200,0.005404,success
2026-08-27T14:31:15.3NZ,200,0.012704,success
2026-08-27T14:31:15.3NZ,200,0.012704,success
2026-08-27T14:31:15.3NZ,200,0.013839,success
2026-08-27T14:31:15.3NZ,200,0.013839,success
2026-08-27T14:31:15.3NZ,200,0.011992,success
2026-08-27T14:31:15.3NZ,200,0.011992,success
2026-08-27T14:31:15.3NZ,200,0.009939,success
2026-08-27T14:31:15.3NZ,200,0.009939,success
2026-08-27T14:31:15.3NZ,200,0.009465,success
2026-08-27T14:31:15.3NZ,200,0.009466,success
2026-08-27T14:31:16.3NZ,200,0.009114,success
2026-08-27T14:31:16.3NZ,200,0.009114,success
2026-08-27T14:31:16.3NZ,200,0.009004,success
2026-08-27T14:31:16.3NZ,200,0.011068,success
2026-08-27T14:31:16.3NZ,200,0.008531,success
2026-08-27T14:31:16.3NZ,200,0.007185,success
2026-08-27T14:31:16.3NZ,200,0.010162,success
2026-08-27T14:31:16.3NZ,200,0.010162,success
2026-08-27T14:31:16.3NZ,200,0.011276,success
2026-08-27T14:31:16.3NZ,200,0.011276,success
2026-08-27T14:31:16.3NZ,200,0.009540,success
2026-08-27T14:31:16.3NZ,200,0.009544,success
2026-08-27T14:31:17.3NZ,200,0.013804,success
2026-08-27T14:31:17.3NZ,200,0.013806,success
2026-08-27T14:31:17.3NZ,200,0.012974,success
2026-08-27T14:31:17.3NZ,200,0.012334,success
2026-08-27T14:31:17.3NZ,200,0.007665,success
2026-08-27T14:31:17.3NZ,200,0.007578,success
2026-08-27T14:31:17.3NZ,200,0.004791,success
2026-08-27T14:31:17.3NZ,200,0.003747,success
2026-08-27T14:31:17.3NZ,200,0.005861,success
2026-08-27T14:31:17.3NZ,200,0.005838,success
2026-08-27T14:31:17.3NZ,200,0.006613,success
2026-08-27T14:31:17.3NZ,200,0.006121,success
2026-08-27T14:31:17.3NZ,200,0.006605,success
2026-08-27T14:31:17.3NZ,200,0.006605,success
2026-08-27T14:31:18.3NZ,200,0.008365,success
2026-08-27T14:31:18.3NZ,200,0.009581,success
2026-08-27T14:31:18.3NZ,200,0.011033,success
2026-08-27T14:31:18.3NZ,200,0.011032,success
2026-08-27T14:31:18.3NZ,200,0.008923,success
2026-08-27T14:31:18.3NZ,200,0.008923,success
2026-08-27T14:31:18.3NZ,200,0.007165,success
2026-08-27T14:31:18.3NZ,200,0.007166,success
2026-08-27T14:31:18.3NZ,200,0.008662,success
2026-08-27T14:31:18.3NZ,200,0.008662,success
2026-08-27T14:31:18.3NZ,200,0.009504,success
2026-08-27T14:31:18.3NZ,200,0.010421,success
2026-08-27T14:31:18.3NZ,200,0.009044,success
2026-08-27T14:31:18.3NZ,200,0.009044,success
2026-08-27T14:31:19.3NZ,200,0.007584,success
2026-08-27T14:31:19.3NZ,200,0.007584,success
2026-08-27T14:31:19.3NZ,200,0.008220,success
2026-08-27T14:31:19.3NZ,200,0.008220,success
2026-08-27T14:31:19.3NZ,200,0.007678,success
2026-08-27T14:31:19.3NZ,200,0.007678,success
2026-08-27T14:31:19.3NZ,200,0.011000,success
2026-08-27T14:31:19.3NZ,200,0.011175,success
2026-08-27T14:31:19.3NZ,200,0.006806,success
2026-08-27T14:31:19.3NZ,200,0.006806,success
2026-08-27T14:31:19.3NZ,200,0.006404,success
2026-08-27T14:31:19.3NZ,200,0.005937,success
2026-08-27T14:31:19.3NZ,200,0.008375,success
2026-08-27T14:31:19.3NZ,200,0.008318,success
2026-08-27T14:31:20.3NZ,200,0.005730,success
2026-08-27T14:31:20.3NZ,200,0.007918,success
2026-08-27T14:31:20.3NZ,200,0.009556,success
2026-08-27T14:31:20.3NZ,200,0.009556,success
2026-08-27T14:31:20.3NZ,200,0.010691,success
2026-08-27T14:31:20.3NZ,200,0.010691,success
2026-08-27T14:31:20.3NZ,200,0.009005,success
2026-08-27T14:31:20.3NZ,200,0.009005,success
2026-08-27T14:31:20.3NZ,200,0.012226,success
2026-08-27T14:31:20.3NZ,200,0.012224,success
2026-08-27T14:31:20.3NZ,200,0.009478,success
2026-08-27T14:31:20.3NZ,200,0.009291,success
2026-08-27T14:31:21.3NZ,200,0.005573,success
2026-08-27T14:31:21.3NZ,200,0.005563,success
2026-08-27T14:31:21.3NZ,200,0.004951,success
2026-08-27T14:31:21.3NZ,200,0.004458,success
2026-08-27T14:31:21.3NZ,200,0.006860,success
2026-08-27T14:31:21.3NZ,200,0.006844,success
2026-08-27T14:31:21.3NZ,200,0.008623,success
2026-08-27T14:31:21.3NZ,200,0.008623,success
2026-08-27T14:31:21.3NZ,200,0.005428,success
2026-08-27T14:31:21.3NZ,200,0.004002,success
2026-08-27T14:31:21.3NZ,200,0.005941,success
2026-08-27T14:31:21.3NZ,200,0.006940,success
2026-08-27T14:31:21.3NZ,200,0.007907,success
2026-08-27T14:31:21.3NZ,200,0.007903,success
2026-08-27T14:31:22.3NZ,200,0.008141,success
2026-08-27T14:31:22.3NZ,200,0.008141,success
2026-08-27T14:31:22.3NZ,200,0.008754,success
2026-08-27T14:31:22.3NZ,200,0.008754,success
2026-08-27T14:31:22.3NZ,200,0.005275,success
2026-08-27T14:31:22.3NZ,200,0.005291,success
2026-08-27T14:31:22.3NZ,200,0.004814,success
2026-08-27T14:31:22.3NZ,200,0.004423,success
2026-08-27T14:31:22.3NZ,200,0.006447,success
2026-08-27T14:31:22.3NZ,200,0.004784,success
2026-08-27T14:31:22.3NZ,200,0.006214,success
2026-08-27T14:31:22.3NZ,200,0.004414,success
2026-08-27T14:31:22.3NZ,200,0.005547,success
2026-08-27T14:31:22.3NZ,200,0.005283,success
2026-08-27T14:31:23.3NZ,200,0.006352,success
2026-08-27T14:31:23.3NZ,200,0.006543,success
2026-08-27T14:31:23.3NZ,200,0.009284,success
2026-08-27T14:31:23.3NZ,200,0.009284,success
2026-08-27T14:31:23.3NZ,200,0.013208,success
2026-08-27T14:31:23.3NZ,200,0.013416,success
2026-08-27T14:31:23.3NZ,200,0.016117,success
2026-08-27T14:31:23.3NZ,200,0.016117,success
2026-08-27T14:31:23.3NZ,200,0.008215,success
2026-08-27T14:31:23.3NZ,200,0.008214,success
2026-08-27T14:31:23.3NZ,200,0.007802,success
2026-08-27T14:31:23.3NZ,200,0.007855,success
2026-08-27T14:31:23.3NZ,200,0.009366,success
2026-08-27T14:31:23.3NZ,200,0.009366,success
2026-08-27T14:31:24.3NZ,200,0.009973,success
2026-08-27T14:31:24.3NZ,200,0.009973,success
2026-08-27T14:31:24.3NZ,200,0.014243,success
2026-08-27T14:31:24.3NZ,200,0.014243,success
2026-08-27T14:31:24.3NZ,200,0.008246,success
2026-08-27T14:31:24.3NZ,200,0.008243,success
2026-08-27T14:31:24.3NZ,200,0.008092,success
2026-08-27T14:31:24.3NZ,200,0.008092,success
2026-08-27T14:31:24.3NZ,200,0.011172,success
2026-08-27T14:31:24.3NZ,200,0.011172,success
2026-08-27T14:31:24.3NZ,200,0.013704,success
2026-08-27T14:31:24.3NZ,200,0.013704,success
2026-08-27T14:31:24.3NZ,200,0.006715,success
2026-08-27T14:31:24.3NZ,200,0.007415,success
2026-08-27T14:31:25.3NZ,200,0.011223,success
2026-08-27T14:31:25.3NZ,200,0.011639,success
2026-08-27T14:31:25.3NZ,200,0.008469,success
2026-08-27T14:31:25.3NZ,200,0.008472,success
2026-08-27T14:31:25.3NZ,200,0.012471,success
2026-08-27T14:31:25.3NZ,200,0.012471,success
2026-08-27T14:31:25.3NZ,200,0.010291,success
2026-08-27T14:31:25.3NZ,200,0.008304,success
2026-08-27T14:31:25.3NZ,200,0.009402,success
2026-08-27T14:31:25.3NZ,200,0.009402,success
2026-08-27T14:31:25.3NZ,200,0.017823,success
2026-08-27T14:31:25.3NZ,200,0.017421,success
2026-08-27T14:31:25.3NZ,200,0.008628,success
2026-08-27T14:31:25.3NZ,200,0.008628,success
2026-08-27T14:31:26.3NZ,200,0.007053,success
2026-08-27T14:31:26.3NZ,200,0.007201,success
2026-08-27T14:31:26.3NZ,200,0.007552,success
2026-08-27T14:31:26.3NZ,200,0.007924,success
2026-08-27T14:31:26.3NZ,200,0.011802,success
2026-08-27T14:31:26.3NZ,200,0.011802,success
2026-08-27T14:31:26.3NZ,200,0.008866,success
2026-08-27T14:31:26.3NZ,200,0.008866,success
2026-08-27T14:31:26.3NZ,200,0.008436,success
2026-08-27T14:31:26.3NZ,200,0.009586,success
2026-08-27T14:31:26.3NZ,200,0.011813,success
2026-08-27T14:31:26.3NZ,200,0.011450,success
2026-08-27T14:31:27.3NZ,200,0.007040,success
2026-08-27T14:31:27.3NZ,200,0.007039,success
2026-08-27T14:31:27.3NZ,200,0.015753,success
2026-08-27T14:31:27.3NZ,200,0.011810,success
2026-08-27T14:31:27.3NZ,200,0.004364,success
2026-08-27T14:31:27.3NZ,200,0.005457,success
2026-08-27T14:31:27.3NZ,200,0.004811,success
2026-08-27T14:31:27.3NZ,200,0.006084,success
2026-08-27T14:31:27.3NZ,200,0.006008,success
2026-08-27T14:31:27.3NZ,200,0.005057,success
2026-08-27T14:31:27.3NZ,200,0.007994,success
2026-08-27T14:31:27.3NZ,200,0.005388,success
2026-08-27T14:31:27.3NZ,200,0.007908,success
2026-08-27T14:31:27.3NZ,200,0.008245,success
2026-08-27T14:31:28.3NZ,200,0.007675,success
2026-08-27T14:31:28.3NZ,200,0.006854,success
2026-08-27T14:31:28.3NZ,200,0.008504,success
2026-08-27T14:31:28.3NZ,200,0.008504,success
2026-08-27T14:31:28.3NZ,200,0.012687,success
2026-08-27T14:31:28.3NZ,200,0.012687,success
2026-08-27T14:31:28.3NZ,200,0.005095,success
2026-08-27T14:31:28.3NZ,200,0.004203,success
2026-08-27T14:31:28.3NZ,200,0.006319,success
2026-08-27T14:31:28.3NZ,200,0.006920,success
2026-08-27T14:31:28.3NZ,200,0.009903,success
2026-08-27T14:31:28.3NZ,200,0.009904,success
2026-08-27T14:31:28.3NZ,200,0.012044,success
2026-08-27T14:31:28.3NZ,200,0.012038,success
2026-08-27T14:31:29.3NZ,200,0.009844,success
2026-08-27T14:31:29.3NZ,200,0.009869,success
2026-08-27T14:31:29.3NZ,200,0.005371,success
2026-08-27T14:31:29.3NZ,200,0.004750,success
2026-08-27T14:31:29.3NZ,200,0.006271,success
2026-08-27T14:31:29.3NZ,200,0.006176,success
2026-08-27T14:31:29.3NZ,200,0.005513,success
2026-08-27T14:31:29.3NZ,200,0.005517,success
2026-08-27T14:31:29.3NZ,200,0.020856,success
2026-08-27T14:31:29.3NZ,200,0.020985,success
2026-08-27T14:31:29.3NZ,200,0.006049,success
2026-08-27T14:31:29.3NZ,200,0.006049,success
2026-08-27T14:31:29.3NZ,200,0.005073,success
2026-08-27T14:31:29.3NZ,200,0.005009,success
2026-08-27T14:31:30.3NZ,200,0.005330,success
2026-08-27T14:31:30.3NZ,200,0.005424,success
2026-08-27T14:31:30.3NZ,200,0.029530,success
2026-08-27T14:31:30.3NZ,200,0.027787,success
2026-08-27T14:31:30.3NZ,200,0.005907,success
2026-08-27T14:31:30.3NZ,200,0.005907,success
2026-08-27T14:31:30.3NZ,200,0.005870,success
2026-08-27T14:31:30.3NZ,200,0.005664,success
2026-08-27T14:31:30.3NZ,200,0.007433,success
2026-08-27T14:31:30.3NZ,200,0.005639,success
2026-08-27T14:31:30.3NZ,200,0.008227,success
2026-08-27T14:31:30.3NZ,200,0.005897,success
2026-08-27T14:31:30.3NZ,200,0.009320,success
2026-08-27T14:31:30.3NZ,200,0.008427,success
2026-08-27T14:31:31.3NZ,200,0.007674,success
2026-08-27T14:31:31.3NZ,200,0.007661,success
2026-08-27T14:31:31.3NZ,200,0.006549,success
2026-08-27T14:31:31.3NZ,200,0.006545,success
2026-08-27T14:31:31.3NZ,200,0.004991,success
2026-08-27T14:31:31.3NZ,200,0.004371,success
2026-08-27T14:31:31.3NZ,200,0.005304,success
2026-08-27T14:31:31.3NZ,200,0.004527,success
2026-08-27T14:31:31.3NZ,200,0.007619,success
2026-08-27T14:31:31.3NZ,200,0.007621,success
2026-08-27T14:31:31.3NZ,200,0.010180,success
2026-08-27T14:31:31.3NZ,200,0.009080,success
2026-08-27T14:31:31.3NZ,200,0.013435,success
2026-08-27T14:31:31.3NZ,200,0.013454,success
2026-08-27T14:31:32.3NZ,200,0.005760,success
2026-08-27T14:31:32.3NZ,200,0.004378,success
2026-08-27T14:31:32.3NZ,200,0.005447,success
2026-08-27T14:31:32.3NZ,200,0.005526,success
2026-08-27T14:31:32.3NZ,200,0.006402,success
2026-08-27T14:31:32.3NZ,200,0.006402,success
2026-08-27T14:31:32.3NZ,200,0.005429,success
2026-08-27T14:31:32.3NZ,200,0.004551,success
2026-08-27T14:31:32.3NZ,200,0.006692,success
2026-08-27T14:31:32.3NZ,200,0.007991,success
2026-08-27T14:31:32.3NZ,200,0.010318,success
2026-08-27T14:31:32.3NZ,200,0.010102,success
2026-08-27T14:31:32.3NZ,200,0.015511,success
2026-08-27T14:31:32.3NZ,200,0.015527,success
2026-08-27T14:31:33.3NZ,200,0.005170,success
2026-08-27T14:31:33.3NZ,200,0.003931,success
2026-08-27T14:31:33.3NZ,200,0.006587,success
2026-08-27T14:31:33.3NZ,200,0.006587,success
2026-08-27T14:31:33.3NZ,200,0.007891,success
2026-08-27T14:31:33.3NZ,200,0.007949,success
2026-08-27T14:31:33.3NZ,200,0.009767,success
2026-08-27T14:31:33.3NZ,200,0.009767,success
2026-08-27T14:31:33.3NZ,200,0.009636,success
2026-08-27T14:31:33.3NZ,200,0.009636,success
2026-08-27T14:31:33.3NZ,200,0.007745,success
2026-08-27T14:31:33.3NZ,200,0.007745,success
2026-08-27T14:31:33.3NZ,200,0.006286,success
2026-08-27T14:31:33.3NZ,200,0.006270,success
2026-08-27T14:31:34.3NZ,200,0.006216,success
2026-08-27T14:31:34.3NZ,200,0.006216,success
2026-08-27T14:31:34.3NZ,200,0.005821,success
2026-08-27T14:31:34.3NZ,200,0.005821,success
2026-08-27T14:31:34.3NZ,200,0.005724,success
2026-08-27T14:31:34.3NZ,200,0.019899,success
2026-08-27T14:31:34.3NZ,200,0.031528,success
2026-08-27T14:31:34.3NZ,200,0.028907,success
2026-08-27T14:31:34.3NZ,200,0.005501,success
2026-08-27T14:31:34.3NZ,200,0.005494,success
2026-08-27T14:31:34.3NZ,200,0.010313,success
2026-08-27T14:31:34.3NZ,200,0.010306,success
2026-08-27T14:31:34.3NZ,200,0.004984,success
2026-08-27T14:31:34.3NZ,200,0.006481,success
2026-08-27T14:31:35.3NZ,200,0.007338,success
2026-08-27T14:31:35.3NZ,200,0.006410,success
2026-08-27T14:31:35.3NZ,200,0.007941,success
2026-08-27T14:31:35.3NZ,200,0.007941,success
2026-08-27T14:31:35.3NZ,200,0.010200,success
2026-08-27T14:31:35.3NZ,200,0.010200,success
2026-08-27T14:31:35.3NZ,200,0.008697,success
2026-08-27T14:31:35.3NZ,200,0.008697,success
2026-08-27T14:31:35.3NZ,200,0.011171,success
2026-08-27T14:31:35.3NZ,200,0.011171,success
2026-08-27T14:31:35.3NZ,200,0.015345,success
2026-08-27T14:31:35.3NZ,200,0.015369,success
2026-08-27T14:31:36.3NZ,200,0.006519,success
2026-08-27T14:31:36.3NZ,200,0.006519,success
2026-08-27T14:31:36.3NZ,200,0.006065,success
2026-08-27T14:31:36.3NZ,200,0.005590,success
2026-08-27T14:31:36.3NZ,200,0.007438,success
2026-08-27T14:31:36.3NZ,200,0.008214,success
2026-08-27T14:31:36.3NZ,200,0.012687,success
2026-08-27T14:31:36.3NZ,200,0.012527,success
2026-08-27T14:31:36.3NZ,200,0.008684,success
2026-08-27T14:31:36.3NZ,200,0.008003,success
2026-08-27T14:31:36.3NZ,200,0.010610,success
2026-08-27T14:31:36.3NZ,200,0.008244,success
2026-08-27T14:31:36.3NZ,200,0.017558,success
2026-08-27T14:31:36.3NZ,200,0.017558,success
2026-08-27T14:31:37.3NZ,200,0.008271,success
2026-08-27T14:31:37.3NZ,200,0.008271,success
2026-08-27T14:31:37.3NZ,200,0.008893,success
2026-08-27T14:31:37.3NZ,200,0.008893,success
2026-08-27T14:31:37.3NZ,200,0.013134,success
2026-08-27T14:31:37.3NZ,200,0.013079,success
2026-08-27T14:31:37.3NZ,200,0.005353,success
2026-08-27T14:31:37.3NZ,200,0.004569,success
2026-08-27T14:31:37.3NZ,200,0.006446,success
2026-08-27T14:31:37.3NZ,200,0.003922,success
2026-08-27T14:31:37.3NZ,200,0.008505,success
2026-08-27T14:31:37.3NZ,200,0.008505,success
2026-08-27T14:31:37.3NZ,200,0.010387,success
2026-08-27T14:31:37.3NZ,200,0.010387,success
2026-08-27T14:31:38.3NZ,200,0.009219,success
2026-08-27T14:31:38.3NZ,200,0.009190,success
2026-08-27T14:31:38.3NZ,200,0.005054,success
2026-08-27T14:31:38.3NZ,200,0.005212,success
2026-08-27T14:31:38.3NZ,200,0.006052,success
2026-08-27T14:31:38.3NZ,200,0.006048,success
2026-08-27T14:31:38.3NZ,200,0.005711,success
2026-08-27T14:31:38.3NZ,200,0.006715,success
2026-08-27T14:31:38.3NZ,200,0.007844,success
2026-08-27T14:31:38.3NZ,200,0.007856,success
2026-08-27T14:31:38.3NZ,200,0.008683,success
2026-08-27T14:31:38.3NZ,200,0.008683,success
2026-08-27T14:31:38.3NZ,200,0.055172,success
2026-08-27T14:31:38.3NZ,200,0.055064,success
2026-08-27T14:31:39.3NZ,200,0.006015,success
2026-08-27T14:31:39.3NZ,200,0.005173,success
2026-08-27T14:31:39.3NZ,200,0.006577,success
2026-08-27T14:31:39.3NZ,200,0.004645,success
2026-08-27T14:31:39.3NZ,200,0.005168,success
2026-08-27T14:31:39.3NZ,200,0.005041,success
2026-08-27T14:31:39.3NZ,200,0.008681,success
2026-08-27T14:31:39.3NZ,200,0.010644,success
2026-08-27T14:31:39.3NZ,200,0.006076,success
2026-08-27T14:31:39.3NZ,200,0.004914,success
2026-08-27T14:31:39.3NZ,200,0.006422,success
2026-08-27T14:31:39.3NZ,200,0.009022,success
2026-08-27T14:31:40.3NZ,200,0.006460,success
2026-08-27T14:31:40.3NZ,200,0.005792,success
2026-08-27T14:31:40.3NZ,200,0.009610,success
2026-08-27T14:31:40.3NZ,200,0.006171,success
2026-08-27T14:31:40.3NZ,200,0.007252,success
2026-08-27T14:31:40.3NZ,200,0.007248,success
2026-08-27T14:31:40.3NZ,200,0.012458,success
2026-08-27T14:31:40.3NZ,200,0.012458,success
2026-08-27T14:31:40.3NZ,200,0.007883,success
2026-08-27T14:31:40.3NZ,200,0.007869,success
2026-08-27T14:31:40.3NZ,200,0.008326,success
2026-08-27T14:31:40.3NZ,200,0.007073,success
2026-08-27T14:31:40.3NZ,200,0.006214,success
2026-08-27T14:31:40.3NZ,200,0.005287,success
2026-08-27T14:31:41.3NZ,200,0.006787,success
2026-08-27T14:31:41.3NZ,200,0.006979,success
2026-08-27T14:31:41.3NZ,200,0.007056,success
2026-08-27T14:31:41.3NZ,200,0.005741,success
2026-08-27T14:31:41.3NZ,200,0.007689,success
2026-08-27T14:31:41.3NZ,200,0.008475,success
2026-08-27T14:31:41.3NZ,200,0.005181,success
2026-08-27T14:31:41.3NZ,200,0.005181,success
2026-08-27T14:31:41.3NZ,200,0.005747,success
2026-08-27T14:31:41.3NZ,200,0.005109,success
2026-08-27T14:31:41.3NZ,200,0.007326,success
2026-08-27T14:31:41.3NZ,200,0.007412,success
2026-08-27T14:31:41.3NZ,200,0.009606,success
2026-08-27T14:31:41.3NZ,200,0.009606,success
2026-08-27T14:31:42.3NZ,200,0.008076,success
2026-08-27T14:31:42.3NZ,200,0.008076,success
2026-08-27T14:31:42.3NZ,200,0.007189,success
2026-08-27T14:31:42.3NZ,200,0.007189,success
2026-08-27T14:31:42.3NZ,200,0.008134,success
2026-08-27T14:31:42.3NZ,200,0.008135,success
2026-08-27T14:31:42.3NZ,200,0.008122,success
2026-08-27T14:31:42.3NZ,200,0.008122,success
2026-08-27T14:31:42.3NZ,200,0.008936,success
2026-08-27T14:31:42.3NZ,200,0.008936,success
2026-08-27T14:31:42.3NZ,200,0.010364,success
2026-08-27T14:31:42.3NZ,200,0.010371,success
2026-08-27T14:31:42.3NZ,200,0.019846,success
2026-08-27T14:31:42.3NZ,200,0.019846,success
2026-08-27T14:31:43.3NZ,200,0.005767,success
2026-08-27T14:31:43.3NZ,200,0.005767,success
2026-08-27T14:31:43.3NZ,200,0.005734,success
2026-08-27T14:31:43.3NZ,200,0.005711,success
2026-08-27T14:31:43.3NZ,200,0.007408,success
2026-08-27T14:31:43.3NZ,200,0.007450,success
2026-08-27T14:31:43.3NZ,200,0.008018,success
2026-08-27T14:31:43.3NZ,200,0.007840,success
2026-08-27T14:31:43.3NZ,200,0.006477,success
2026-08-27T14:31:43.3NZ,200,0.007101,success
2026-08-27T14:31:43.3NZ,200,0.007846,success
2026-08-27T14:31:43.3NZ,200,0.006077,success
2026-08-27T14:31:43.3NZ,200,0.008022,success
2026-08-27T14:31:43.3NZ,200,0.008022,success
2026-08-27T14:31:44.3NZ,200,0.006177,success
2026-08-27T14:31:44.3NZ,200,0.006177,success
2026-08-27T14:31:44.3NZ,200,0.008576,success
2026-08-27T14:31:44.3NZ,200,0.008574,success
2026-08-27T14:31:44.3NZ,200,0.006448,success
2026-08-27T14:31:44.3NZ,200,0.006448,success
2026-08-27T14:31:44.3NZ,200,0.005946,success
2026-08-27T14:31:44.3NZ,200,0.006467,success
2026-08-27T14:31:44.3NZ,200,0.006926,success
2026-08-27T14:31:44.3NZ,200,0.006926,success
2026-08-27T14:31:44.3NZ,200,0.008808,success
2026-08-27T14:31:44.3NZ,200,0.008795,success
2026-08-27T14:31:45.3NZ,200,0.006439,success
2026-08-27T14:31:45.3NZ,200,0.006439,success
2026-08-27T14:31:45.3NZ,200,0.007581,success
2026-08-27T14:31:45.3NZ,200,0.007581,success
2026-08-27T14:31:45.3NZ,200,0.007323,success
2026-08-27T14:31:45.3NZ,200,0.006250,success
2026-08-27T14:31:45.3NZ,200,0.007508,success
2026-08-27T14:31:45.3NZ,200,0.006668,success
2026-08-27T14:31:45.3NZ,200,0.004605,success
2026-08-27T14:31:45.3NZ,200,0.003867,success
2026-08-27T14:31:45.3NZ,200,0.007548,success
2026-08-27T14:31:45.3NZ,200,0.005022,success
2026-08-27T14:31:45.3NZ,200,0.010979,success
2026-08-27T14:31:45.3NZ,200,0.010979,success
2026-08-27T14:31:46.3NZ,200,0.006291,success
2026-08-27T14:31:46.3NZ,200,0.006291,success
2026-08-27T14:31:46.3NZ,200,0.005866,success
2026-08-27T14:31:46.3NZ,200,0.006263,success
2026-08-27T14:31:46.3NZ,200,0.005371,success
2026-08-27T14:31:46.3NZ,200,0.004301,success
2026-08-27T14:31:46.3NZ,200,0.004045,success
2026-08-27T14:31:46.3NZ,200,0.004261,success
2026-08-27T14:31:46.3NZ,200,0.004470,success
2026-08-27T14:31:46.3NZ,200,0.004294,success
2026-08-27T14:31:46.3NZ,200,0.004461,success
2026-08-27T14:31:46.3NZ,200,0.003971,success
2026-08-27T14:31:46.3NZ,200,0.006221,success
2026-08-27T14:31:46.3NZ,200,0.004989,success
2026-08-27T14:31:46.3NZ,200,0.011747,success
2026-08-27T14:31:46.3NZ,200,0.011011,success
2026-08-27T14:31:47.3NZ,200,0.011363,success
2026-08-27T14:31:47.3NZ,200,0.011363,success
2026-08-27T14:31:47.3NZ,200,0.009312,success
2026-08-27T14:31:47.3NZ,200,0.009608,success
2026-08-27T14:31:47.3NZ,200,0.005009,success
2026-08-27T14:31:47.3NZ,200,0.005208,success
2026-08-27T14:31:47.3NZ,200,0.006368,success
2026-08-27T14:31:47.3NZ,200,0.006368,success
2026-08-27T14:31:47.3NZ,200,0.005032,success
2026-08-27T14:31:47.3NZ,200,0.005032,success
2026-08-27T14:31:47.3NZ,200,0.007238,success
2026-08-27T14:31:47.3NZ,200,0.007238,success
2026-08-27T14:31:48.3NZ,200,0.007242,success
2026-08-27T14:31:48.3NZ,200,0.007246,success
2026-08-27T14:31:48.3NZ,200,0.011718,success
2026-08-27T14:31:48.3NZ,200,0.011894,success
2026-08-27T14:31:48.3NZ,200,0.008511,success
2026-08-27T14:31:48.3NZ,200,0.008536,success
2026-08-27T14:31:48.3NZ,200,0.014036,success
2026-08-27T14:31:48.3NZ,200,0.014036,success
2026-08-27T14:31:48.3NZ,200,0.008653,success
2026-08-27T14:31:48.3NZ,200,0.008652,success
2026-08-27T14:31:48.3NZ,200,0.022061,success
2026-08-27T14:31:48.3NZ,200,0.022061,success
2026-08-27T14:31:48.3NZ,200,0.017736,success
2026-08-27T14:31:48.3NZ,200,0.017736,success
2026-08-27T14:31:49.3NZ,200,0.006670,success
2026-08-27T14:31:49.3NZ,200,0.005940,success
2026-08-27T14:31:49.3NZ,200,0.005351,success
2026-08-27T14:31:49.3NZ,200,0.004004,success
2026-08-27T14:31:49.3NZ,200,0.005759,success
2026-08-27T14:31:49.3NZ,200,0.004669,success
2026-08-27T14:31:49.3NZ,200,0.011187,success
2026-08-27T14:31:49.3NZ,200,0.016198,success
2026-08-27T14:31:49.3NZ,200,0.004271,success
2026-08-27T14:31:49.3NZ,200,0.004374,success
2026-08-27T14:31:49.3NZ,200,0.007026,success
2026-08-27T14:31:49.3NZ,200,0.005330,success
2026-08-27T14:31:50.3NZ,200,0.006563,success
2026-08-27T14:31:50.3NZ,200,0.005796,success
2026-08-27T14:31:50.3NZ,200,0.008108,success
2026-08-27T14:31:50.3NZ,200,0.007814,success
2026-08-27T14:31:50.3NZ,200,0.009829,success
2026-08-27T14:31:50.3NZ,200,0.009829,success
2026-08-27T14:31:50.3NZ,200,0.008812,success
2026-08-27T14:31:50.3NZ,200,0.008864,success
2026-08-27T14:31:50.3NZ,200,0.008766,success
2026-08-27T14:31:50.3NZ,200,0.008766,success
2026-08-27T14:31:50.3NZ,200,0.009404,success
2026-08-27T14:31:50.3NZ,200,0.009404,success
2026-08-27T14:31:50.3NZ,200,0.010062,success
2026-08-27T14:31:50.3NZ,200,0.010061,success
2026-08-27T14:31:51.3NZ,200,0.008994,success
2026-08-27T14:31:51.3NZ,200,0.008994,success
2026-08-27T14:31:51.3NZ,200,0.009015,success
2026-08-27T14:31:51.3NZ,200,0.009015,success
2026-08-27T14:31:51.3NZ,200,0.010647,success
2026-08-27T14:31:51.3NZ,200,0.010647,success
2026-08-27T14:31:51.3NZ,200,0.015108,success
2026-08-27T14:31:51.3NZ,200,0.014272,success
2026-08-27T14:31:51.3NZ,200,0.006939,success
2026-08-27T14:31:51.3NZ,200,0.006939,success
2026-08-27T14:31:51.3NZ,200,0.005094,success
2026-08-27T14:31:51.3NZ,200,0.004314,success
2026-08-27T14:31:51.3NZ,200,0.006244,success
2026-08-27T14:31:51.3NZ,200,0.006244,success
2026-08-27T14:31:52.3NZ,200,0.006792,success
2026-08-27T14:31:52.3NZ,200,0.006697,success
2026-08-27T14:31:52.3NZ,200,0.007373,success
2026-08-27T14:31:52.3NZ,200,0.006061,success
2026-08-27T14:31:52.3NZ,200,0.006307,success
2026-08-27T14:31:52.3NZ,200,0.006308,success
2026-08-27T14:31:52.3NZ,200,0.005001,success
2026-08-27T14:31:52.3NZ,200,0.005282,success
2026-08-27T14:31:52.3NZ,200,0.012942,success
2026-08-27T14:31:52.3NZ,200,0.008762,success
2026-08-27T14:31:52.3NZ,200,0.006853,success
2026-08-27T14:31:52.3NZ,200,0.005814,success
2026-08-27T14:31:52.3NZ,200,0.007013,success
2026-08-27T14:31:52.3NZ,200,0.006015,success
2026-08-27T14:31:53.3NZ,200,0.004949,success
2026-08-27T14:31:53.3NZ,200,0.004949,success
2026-08-27T14:31:53.3NZ,200,0.010394,success
2026-08-27T14:31:53.3NZ,200,0.010575,success
2026-08-27T14:31:53.3NZ,200,0.003980,success
2026-08-27T14:31:53.3NZ,200,0.005388,success
2026-08-27T14:31:53.3NZ,200,0.004800,success
2026-08-27T14:31:53.3NZ,200,0.004788,success
2026-08-27T14:31:53.3NZ,200,0.005980,success
2026-08-27T14:31:53.3NZ,200,0.005980,success
2026-08-27T14:31:53.3NZ,200,0.005591,success
2026-08-27T14:31:53.3NZ,200,0.003778,success
2026-08-27T14:31:53.3NZ,200,0.006490,success
2026-08-27T14:31:53.3NZ,200,0.006490,success
2026-08-27T14:31:54.3NZ,200,0.009386,success
2026-08-27T14:31:54.3NZ,200,0.009387,success
2026-08-27T14:31:54.3NZ,200,0.008217,success
2026-08-27T14:31:54.3NZ,200,0.008216,success
2026-08-27T14:31:54.3NZ,200,0.010834,success
2026-08-27T14:31:54.3NZ,200,0.010834,success
2026-08-27T14:31:54.3NZ,200,0.008613,success
2026-08-27T14:31:54.3NZ,200,0.008613,success
2026-08-27T14:31:54.3NZ,200,0.006733,success
2026-08-27T14:31:54.3NZ,200,0.007477,success
2026-08-27T14:31:54.3NZ,200,0.009470,success
2026-08-27T14:31:54.3NZ,200,0.009470,success
2026-08-27T14:31:54.3NZ,200,0.010749,success
2026-08-27T14:31:54.3NZ,200,0.010830,success
2026-08-27T14:31:55.3NZ,200,0.007808,success
2026-08-27T14:31:55.3NZ,200,0.008757,success
2026-08-27T14:31:55.3NZ,200,0.013364,success
2026-08-27T14:31:55.3NZ,200,0.013364,success
2026-08-27T14:31:55.3NZ,200,0.010797,success
2026-08-27T14:31:55.3NZ,200,0.010799,success
2026-08-27T14:31:55.3NZ,200,0.009410,success
2026-08-27T14:31:55.3NZ,200,0.009410,success
2026-08-27T14:31:55.3NZ,200,0.011756,success
2026-08-27T14:31:55.3NZ,200,0.011756,success
2026-08-27T14:31:55.3NZ,200,0.010657,success
2026-08-27T14:31:55.3NZ,200,0.011312,success
2026-08-27T14:31:56.3NZ,200,0.013006,success
2026-08-27T14:31:56.3NZ,200,0.013045,success
2026-08-27T14:31:56.3NZ,200,0.008724,success
2026-08-27T14:31:56.3NZ,200,0.008724,success
2026-08-27T14:31:56.3NZ,200,0.007301,success
2026-08-27T14:31:56.3NZ,200,0.007297,success
2026-08-27T14:31:56.3NZ,200,0.013863,success
2026-08-27T14:31:56.3NZ,200,0.013853,success
2026-08-27T14:31:56.3NZ,200,0.007807,success
2026-08-27T14:31:56.3NZ,200,0.007807,success
2026-08-27T14:31:56.3NZ,200,0.006967,success
2026-08-27T14:31:56.3NZ,200,0.004945,success
2026-08-27T14:31:56.3NZ,200,0.012527,success
2026-08-27T14:31:56.3NZ,200,0.012520,success
2026-08-27T14:31:57.3NZ,200,0.013832,success
2026-08-27T14:31:57.3NZ,200,0.013832,success
2026-08-27T14:31:57.3NZ,200,0.007203,success
2026-08-27T14:31:57.3NZ,200,0.007204,success
2026-08-27T14:31:57.3NZ,200,0.008621,success
2026-08-27T14:31:57.3NZ,200,0.008621,success
2026-08-27T14:31:57.3NZ,200,0.005320,success
2026-08-27T14:31:57.3NZ,200,0.004808,success
2026-08-27T14:31:57.3NZ,200,0.005392,success
2026-08-27T14:31:57.3NZ,200,0.004234,success
2026-08-27T14:31:57.3NZ,200,0.007739,success
2026-08-27T14:31:57.3NZ,200,0.007739,success
2026-08-27T14:31:57.3NZ,200,0.010358,success
2026-08-27T14:31:57.3NZ,200,0.009028,success
2026-08-27T14:31:58.3NZ,200,0.011467,success
2026-08-27T14:31:58.3NZ,200,0.011467,success
2026-08-27T14:31:58.3NZ,200,0.013141,success
2026-08-27T14:31:58.3NZ,200,0.013141,success
2026-08-27T14:31:58.3NZ,200,0.010622,success
2026-08-27T14:31:58.3NZ,200,0.010620,success
2026-08-27T14:31:58.3NZ,200,0.007275,success
2026-08-27T14:31:58.3NZ,200,0.007274,success
2026-08-27T14:31:58.3NZ,200,0.008553,success
2026-08-27T14:31:58.3NZ,200,0.008552,success
2026-08-27T14:31:58.3NZ,200,0.008037,success
2026-08-27T14:31:58.3NZ,200,0.008011,success
2026-08-27T14:31:58.3NZ,200,0.010077,success
2026-08-27T14:31:58.3NZ,200,0.010077,success
2026-08-27T14:31:59.3NZ,200,0.007982,success
2026-08-27T14:31:59.3NZ,200,0.007982,success
2026-08-27T14:31:59.3NZ,200,0.006891,success
2026-08-27T14:31:59.3NZ,200,0.006891,success
2026-08-27T14:31:59.3NZ,200,0.010804,success
2026-08-27T14:31:59.3NZ,200,0.010804,success
2026-08-27T14:31:59.3NZ,200,0.011774,success
2026-08-27T14:31:59.3NZ,200,0.011845,success
2026-08-27T14:31:59.3NZ,200,0.006362,success
2026-08-27T14:31:59.3NZ,200,0.006362,success
2026-08-27T14:31:59.3NZ,200,0.007331,success
2026-08-27T14:31:59.3NZ,200,0.007331,success
2026-08-27T14:31:59.3NZ,200,0.008409,success
2026-08-27T14:31:59.3NZ,200,0.008409,success
2026-08-27T14:32:00.3NZ,200,0.008295,success
2026-08-27T14:32:00.3NZ,200,0.008295,success
2026-08-27T14:32:00.3NZ,200,0.010217,success
2026-08-27T14:32:00.3NZ,200,0.010217,success
2026-08-27T14:32:00.3NZ,200,0.011600,success
2026-08-27T14:32:00.3NZ,200,0.011600,success
2026-08-27T14:32:00.3NZ,200,0.009554,success
2026-08-27T14:32:00.3NZ,200,0.009554,success
2026-08-27T14:32:00.3NZ,200,0.009765,success
2026-08-27T14:32:00.3NZ,200,0.009765,success
2026-08-27T14:32:00.3NZ,200,0.012747,success
2026-08-27T14:32:00.3NZ,200,0.012923,success
2026-08-27T14:32:01.3NZ,200,0.011191,success
2026-08-27T14:32:01.3NZ,200,0.011125,success
2026-08-27T14:32:01.3NZ,200,0.006145,success
2026-08-27T14:32:01.3NZ,200,0.006477,success
2026-08-27T14:32:01.3NZ,200,0.005732,success
2026-08-27T14:32:01.3NZ,200,0.007398,success
2026-08-27T14:32:01.3NZ,200,0.008725,success
2026-08-27T14:32:01.3NZ,200,0.008725,success
2026-08-27T14:32:01.3NZ,200,0.008247,success
2026-08-27T14:32:01.3NZ,200,0.008247,success
2026-08-27T14:32:01.3NZ,200,0.008301,success
2026-08-27T14:32:01.3NZ,200,0.008301,success
2026-08-27T14:32:01.3NZ,200,0.005957,success
2026-08-27T14:32:01.3NZ,200,0.005960,success
2026-08-27T14:32:02.3NZ,200,0.004910,success
2026-08-27T14:32:02.3NZ,200,0.004910,success
2026-08-27T14:32:02.3NZ,200,0.005107,success
2026-08-27T14:32:02.3NZ,200,0.005105,success
2026-08-27T14:32:02.3NZ,200,0.005872,success
2026-08-27T14:32:02.3NZ,200,0.005870,success
2026-08-27T14:32:02.3NZ,200,0.009414,success
2026-08-27T14:32:02.3NZ,200,0.009840,success
2026-08-27T14:32:02.3NZ,200,0.009127,success
2026-08-27T14:32:02.3NZ,200,0.009127,success
2026-08-27T14:32:02.3NZ,200,0.009183,success
2026-08-27T14:32:02.3NZ,200,0.009183,success
2026-08-27T14:32:02.3NZ,200,0.010267,success
2026-08-27T14:32:02.3NZ,200,0.010267,success
2026-08-27T14:32:03.3NZ,200,0.010200,success
2026-08-27T14:32:03.3NZ,200,0.010200,success
2026-08-27T14:32:03.3NZ,200,0.010739,success
2026-08-27T14:32:03.3NZ,200,0.010739,success
2026-08-27T14:32:03.3NZ,200,0.012396,success
2026-08-27T14:32:03.3NZ,200,0.012396,success
2026-08-27T14:32:03.3NZ,200,0.009700,success
2026-08-27T14:32:03.3NZ,200,0.009700,success
2026-08-27T14:32:03.3NZ,200,0.004323,success
2026-08-27T14:32:03.3NZ,200,0.004323,success
2026-08-27T14:32:03.3NZ,200,0.004624,success
2026-08-27T14:32:03.3NZ,200,0.004624,success
2026-08-27T14:32:03.3NZ,200,0.005401,success
2026-08-27T14:32:03.3NZ,200,0.005401,success
2026-08-27T14:32:04.3NZ,200,0.006293,success
2026-08-27T14:32:04.3NZ,200,0.006262,success
2026-08-27T14:32:04.3NZ,200,0.005829,success
2026-08-27T14:32:04.3NZ,200,0.007023,success
2026-08-27T14:32:04.3NZ,200,0.008163,success
2026-08-27T14:32:04.3NZ,200,0.008163,success
2026-08-27T14:32:04.3NZ,200,0.008685,success
2026-08-27T14:32:04.3NZ,200,0.008685,success
2026-08-27T14:32:04.3NZ,200,0.005739,success
2026-08-27T14:32:04.3NZ,200,0.005762,success
2026-08-27T14:32:04.3NZ,200,0.004875,success
2026-08-27T14:32:04.3NZ,200,0.004120,success
2026-08-27T14:32:04.3NZ,200,0.014252,success
2026-08-27T14:32:04.3NZ,200,0.014376,success
2026-08-27T14:32:05.3NZ,200,0.009820,success
2026-08-27T14:32:05.3NZ,200,0.009823,success
2026-08-27T14:32:05.3NZ,200,0.007659,success
2026-08-27T14:32:05.3NZ,200,0.007112,success
2026-08-27T14:32:05.3NZ,200,0.006339,success
2026-08-27T14:32:05.3NZ,200,0.006405,success
2026-08-27T14:32:05.3NZ,200,0.005743,success
2026-08-27T14:32:05.3NZ,200,0.003696,success
2026-08-27T14:32:05.3NZ,200,0.008471,success
2026-08-27T14:32:05.3NZ,200,0.008471,success
2026-08-27T14:32:05.3NZ,200,0.010305,success
2026-08-27T14:32:05.3NZ,200,0.008607,success
2026-08-27T14:32:05.3NZ,200,0.011312,success
2026-08-27T14:32:05.3NZ,200,0.009910,success
2026-08-27T14:32:06.3NZ,200,0.008545,success
2026-08-27T14:32:06.3NZ,200,0.008554,success
2026-08-27T14:32:06.3NZ,200,0.008753,success
2026-08-27T14:32:06.3NZ,200,0.008753,success
2026-08-27T14:32:06.3NZ,200,0.008235,success
2026-08-27T14:32:06.3NZ,200,0.008235,success
2026-08-27T14:32:06.3NZ,200,0.008451,success
2026-08-27T14:32:06.3NZ,200,0.008451,success
2026-08-27T14:32:06.3NZ,200,0.009177,success
2026-08-27T14:32:06.3NZ,200,0.009177,success
2026-08-27T14:32:06.3NZ,200,0.009532,success
2026-08-27T14:32:06.3NZ,200,0.009532,success
2026-08-27T14:32:06.3NZ,200,0.018903,success
2026-08-27T14:32:06.3NZ,200,0.018903,success
2026-08-27T14:32:07.3NZ,200,0.012524,success
2026-08-27T14:32:07.3NZ,200,0.012524,success
2026-08-27T14:32:07.3NZ,200,0.009300,success
2026-08-27T14:32:07.3NZ,200,0.009067,success
2026-08-27T14:32:07.3NZ,200,0.020520,success
2026-08-27T14:32:07.3NZ,200,0.026125,success
2026-08-27T14:32:07.3NZ,200,0.009175,success
2026-08-27T14:32:07.3NZ,200,0.009176,success
2026-08-27T14:32:07.3NZ,200,0.007577,success
2026-08-27T14:32:07.3NZ,200,0.007577,success
2026-08-27T14:32:07.3NZ,200,0.009098,success
2026-08-27T14:32:07.3NZ,200,0.009103,success
2026-08-27T14:32:08.3NZ,200,0.010308,success
2026-08-27T14:32:08.3NZ,200,0.010308,success
2026-08-27T14:32:08.3NZ,200,0.010284,success
2026-08-27T14:32:08.3NZ,200,0.010284,success
2026-08-27T14:32:08.3NZ,200,0.008449,success
2026-08-27T14:32:08.3NZ,200,0.008449,success
2026-08-27T14:32:08.3NZ,200,0.007638,success
2026-08-27T14:32:08.3NZ,200,0.007634,success
2026-08-27T14:32:08.3NZ,200,0.009434,success
2026-08-27T14:32:08.3NZ,200,0.009434,success
2026-08-27T14:32:08.3NZ,200,0.012064,success
2026-08-27T14:32:08.3NZ,200,0.012064,success
2026-08-27T14:32:08.3NZ,200,0.015978,success
2026-08-27T14:32:08.3NZ,200,0.015978,success
2026-08-27T14:32:09.3NZ,200,0.007077,success
2026-08-27T14:32:09.3NZ,200,0.007077,success
2026-08-27T14:32:09.3NZ,200,0.010526,success
2026-08-27T14:32:09.3NZ,200,0.010526,success
2026-08-27T14:32:09.3NZ,200,0.009050,success
2026-08-27T14:32:09.3NZ,200,0.009050,success
2026-08-27T14:32:09.3NZ,200,0.009782,success
2026-08-27T14:32:09.3NZ,200,0.008991,success
2026-08-27T14:32:09.3NZ,200,0.004573,success
2026-08-27T14:32:09.3NZ,200,0.004911,success
2026-08-27T14:32:09.3NZ,200,0.005220,success
2026-08-27T14:32:09.3NZ,200,0.004382,success
2026-08-27T14:32:09.3NZ,200,0.007487,success
2026-08-27T14:32:09.3NZ,200,0.007487,success
2026-08-27T14:32:10.3NZ,200,0.008236,success
2026-08-27T14:32:10.3NZ,200,0.008237,success
2026-08-27T14:32:10.3NZ,200,0.008359,success
2026-08-27T14:32:10.3NZ,200,0.008360,success
2026-08-27T14:32:10.3NZ,200,0.007696,success
2026-08-27T14:32:10.3NZ,200,0.007696,success
2026-08-27T14:32:10.3NZ,200,0.011068,success
2026-08-27T14:32:10.3NZ,200,0.011068,success
2026-08-27T14:32:10.3NZ,200,0.009740,success
2026-08-27T14:32:10.3NZ,200,0.009740,success
2026-08-27T14:32:10.3NZ,200,0.009483,success
2026-08-27T14:32:10.3NZ,200,0.009483,success
2026-08-27T14:32:11.3NZ,200,0.007823,success
2026-08-27T14:32:11.3NZ,200,0.007823,success
2026-08-27T14:32:11.3NZ,200,0.009388,success
2026-08-27T14:32:11.3NZ,200,0.009388,success
2026-08-27T14:32:11.3NZ,200,0.013635,success
2026-08-27T14:32:11.3NZ,200,0.013635,success
2026-08-27T14:32:11.3NZ,200,0.011445,success
2026-08-27T14:32:11.3NZ,200,0.011433,success
2026-08-27T14:32:11.3NZ,200,0.012538,success
2026-08-27T14:32:11.3NZ,200,0.012538,success
2026-08-27T14:32:11.3NZ,200,0.006201,success
2026-08-27T14:32:11.3NZ,200,0.006202,success
2026-08-27T14:32:11.3NZ,200,0.010558,success
2026-08-27T14:32:11.3NZ,200,0.009960,success
2026-08-27T14:32:12.3NZ,200,0.007306,success
2026-08-27T14:32:12.3NZ,200,0.007315,success
2026-08-27T14:32:12.3NZ,200,0.005079,success
2026-08-27T14:32:12.3NZ,200,0.005002,success
2026-08-27T14:32:12.3NZ,200,0.005817,success
2026-08-27T14:32:12.3NZ,200,0.006435,success
2026-08-27T14:32:12.3NZ,200,0.005910,success
2026-08-27T14:32:12.3NZ,200,0.006089,success
2026-08-27T14:32:12.3NZ,200,0.005564,success
2026-08-27T14:32:12.3NZ,200,0.007353,success
2026-08-27T14:32:12.3NZ,200,0.010439,success
2026-08-27T14:32:12.3NZ,200,0.010311,success
2026-08-27T14:32:12.3NZ,200,0.011602,success
2026-08-27T14:32:12.3NZ,200,0.011602,success
2026-08-27T14:32:13.3NZ,200,0.008484,success
2026-08-27T14:32:13.3NZ,200,0.008437,success
2026-08-27T14:32:13.3NZ,200,0.009121,success
2026-08-27T14:32:13.3NZ,200,0.009122,success
2026-08-27T14:32:13.3NZ,200,0.014669,success
2026-08-27T14:32:13.3NZ,200,0.014753,success
2026-08-27T14:32:13.3NZ,200,0.008509,success
2026-08-27T14:32:13.3NZ,200,0.008509,success
2026-08-27T14:32:13.3NZ,200,0.009081,success
2026-08-27T14:32:13.3NZ,200,0.009084,success
2026-08-27T14:32:13.3NZ,200,0.005583,success
2026-08-27T14:32:13.3NZ,200,0.006981,success
2026-08-27T14:32:13.3NZ,200,0.005099,success
2026-08-27T14:32:13.3NZ,200,0.005869,success
2026-08-27T14:32:14.3NZ,200,0.006884,success
2026-08-27T14:32:14.3NZ,200,0.006884,success
2026-08-27T14:32:14.3NZ,200,0.009213,success
2026-08-27T14:32:14.3NZ,200,0.009213,success
2026-08-27T14:32:14.3NZ,200,0.010087,success
2026-08-27T14:32:14.3NZ,200,0.010087,success
2026-08-27T14:32:14.3NZ,200,0.009458,success
2026-08-27T14:32:14.3NZ,200,0.009458,success
2026-08-27T14:32:14.3NZ,200,0.007677,success
2026-08-27T14:32:14.3NZ,200,0.008056,success
2026-08-27T14:32:14.3NZ,200,0.008626,success
2026-08-27T14:32:14.3NZ,200,0.007583,success
2026-08-27T14:32:14.3NZ,200,0.007894,success
2026-08-27T14:32:15.3NZ,200,0.008013,success
2026-08-27T14:32:15.3NZ,200,0.010697,success
2026-08-27T14:32:15.3NZ,200,0.010717,success
2026-08-27T14:32:15.3NZ,200,0.009402,success
2026-08-27T14:32:15.3NZ,200,0.009402,success
2026-08-27T14:32:15.3NZ,200,0.031931,success
2026-08-27T14:32:15.3NZ,200,0.031952,success
2026-08-27T14:32:15.3NZ,200,0.008784,success
2026-08-27T14:32:15.3NZ,200,0.008784,success
2026-08-27T14:32:15.3NZ,200,0.007443,success
2026-08-27T14:32:15.3NZ,200,0.007206,success
2026-08-27T14:32:15.3NZ,200,0.009818,success
2026-08-27T14:32:15.3NZ,200,0.009818,success
2026-08-27T14:32:16.3NZ,200,0.010731,success
2026-08-27T14:32:16.3NZ,200,0.010731,success
2026-08-27T14:32:16.3NZ,200,0.008597,success
2026-08-27T14:32:16.3NZ,200,0.008597,success
2026-08-27T14:32:16.3NZ,200,0.007526,success
2026-08-27T14:32:16.3NZ,200,0.007525,success
2026-08-27T14:32:16.3NZ,200,0.015257,success
2026-08-27T14:32:16.3NZ,200,0.015131,success
2026-08-27T14:32:16.3NZ,200,0.010998,success
2026-08-27T14:32:16.3NZ,200,0.011006,success
2026-08-27T14:32:16.3NZ,200,0.007354,success
2026-08-27T14:32:16.3NZ,200,0.007354,success
2026-08-27T14:32:16.3NZ,200,0.008996,success
2026-08-27T14:32:16.3NZ,200,0.008996,success
2026-08-27T14:32:17.3NZ,200,0.008542,success
2026-08-27T14:32:17.3NZ,200,0.009435,success
2026-08-27T14:32:17.3NZ,200,0.005628,success
2026-08-27T14:32:17.3NZ,200,0.006673,success
2026-08-27T14:32:17.3NZ,200,0.005896,success
2026-08-27T14:32:17.3NZ,200,0.004735,success
2026-08-27T14:32:17.3NZ,200,0.005058,success
2026-08-27T14:32:17.3NZ,200,0.005058,success
2026-08-27T14:32:17.3NZ,200,0.004655,success
2026-08-27T14:32:17.3NZ,200,0.004372,success
2026-08-27T14:32:17.3NZ,200,0.009082,success
2026-08-27T14:32:17.3NZ,200,0.009103,success
2026-08-27T14:32:17.3NZ,200,0.010413,success
2026-08-27T14:32:17.3NZ,200,0.010413,success
2026-08-27T14:32:18.3NZ,200,0.008731,success
2026-08-27T14:32:18.3NZ,200,0.008787,success
2026-08-27T14:32:18.3NZ,200,0.007585,success
2026-08-27T14:32:18.3NZ,200,0.007557,success
2026-08-27T14:32:18.3NZ,200,0.010898,success
2026-08-27T14:32:18.3NZ,200,0.010919,success
2026-08-27T14:32:18.3NZ,200,0.008252,success
2026-08-27T14:32:18.3NZ,200,0.008252,success
2026-08-27T14:32:18.3NZ,200,0.009033,success
2026-08-27T14:32:18.3NZ,200,0.009034,success
2026-08-27T14:32:18.3NZ,200,0.009665,success
2026-08-27T14:32:18.3NZ,200,0.009793,success
2026-08-27T14:32:19.3NZ,200,0.008886,success
2026-08-27T14:32:19.3NZ,200,0.008886,success
2026-08-27T14:32:19.3NZ,200,0.008682,success
2026-08-27T14:32:19.3NZ,200,0.008682,success
2026-08-27T14:32:19.3NZ,200,0.010829,success
2026-08-27T14:32:19.3NZ,200,0.010829,success
2026-08-27T14:32:19.3NZ,200,0.011433,success
2026-08-27T14:32:19.3NZ,200,0.011425,success
2026-08-27T14:32:19.3NZ,200,0.015086,success
2026-08-27T14:32:19.3NZ,200,0.014729,success
2026-08-27T14:32:19.3NZ,200,0.005481,success
2026-08-27T14:32:19.3NZ,200,0.004178,success
2026-08-27T14:32:19.3NZ,200,0.005721,success
2026-08-27T14:32:19.3NZ,200,0.005070,success
2026-08-27T14:32:20.3NZ,200,0.007718,success
2026-08-27T14:32:20.3NZ,200,0.007717,success
2026-08-27T14:32:20.3NZ,200,0.011169,success
2026-08-27T14:32:20.3NZ,200,0.011165,success
2026-08-27T14:32:20.3NZ,200,0.013043,success
2026-08-27T14:32:20.3NZ,200,0.013039,success
2026-08-27T14:32:20.3NZ,200,0.011740,success
2026-08-27T14:32:20.3NZ,200,0.011321,success
2026-08-27T14:32:20.3NZ,200,0.009980,success
2026-08-27T14:32:20.3NZ,200,0.010087,success
2026-08-27T14:32:20.3NZ,200,0.009492,success
2026-08-27T14:32:20.3NZ,200,0.009492,success
2026-08-27T14:32:21.3NZ,200,0.010625,success
2026-08-27T14:32:21.3NZ,200,0.010625,success
2026-08-27T14:32:21.3NZ,200,0.007974,success
2026-08-27T14:32:21.3NZ,200,0.007974,success
2026-08-27T14:32:21.3NZ,200,0.010906,success
2026-08-27T14:32:21.3NZ,200,0.010906,success
2026-08-27T14:32:21.3NZ,200,0.016737,success
2026-08-27T14:32:21.3NZ,200,0.016711,success
2026-08-27T14:32:21.3NZ,200,0.009904,success
2026-08-27T14:32:21.3NZ,200,0.009888,success
2026-08-27T14:32:21.3NZ,200,0.009862,success
2026-08-27T14:32:21.3NZ,200,0.009862,success
2026-08-27T14:32:21.3NZ,200,0.005789,success
2026-08-27T14:32:21.3NZ,200,0.005884,success
2026-08-27T14:32:22.3NZ,200,0.009039,success
2026-08-27T14:32:22.3NZ,200,0.009038,success
2026-08-27T14:32:22.3NZ,200,0.012859,success
2026-08-27T14:32:22.3NZ,200,0.013979,success
2026-08-27T14:32:22.3NZ,200,0.005296,success
2026-08-27T14:32:22.3NZ,200,0.005051,success
2026-08-27T14:32:22.3NZ,200,0.004144,success
2026-08-27T14:32:22.3NZ,200,0.003241,success
2026-08-27T14:32:22.3NZ,200,0.005404,success
2026-08-27T14:32:22.3NZ,200,0.004384,success
2026-08-27T14:32:22.3NZ,200,0.013725,success
2026-08-27T14:32:22.3NZ,200,0.013923,success
2026-08-27T14:32:22.3NZ,200,0.009296,success
2026-08-27T14:32:22.3NZ,200,0.009296,success
2026-08-27T14:32:23.3NZ,200,0.007872,success
2026-08-27T14:32:23.3NZ,200,0.007872,success
2026-08-27T14:32:23.3NZ,200,0.008829,success
2026-08-27T14:32:23.3NZ,200,0.008828,success
2026-08-27T14:32:23.3NZ,200,0.010427,success
2026-08-27T14:32:23.3NZ,200,0.010427,success
2026-08-27T14:32:23.3NZ,200,0.008812,success
2026-08-27T14:32:23.3NZ,200,0.008813,success
2026-08-27T14:32:23.3NZ,200,0.010532,success
2026-08-27T14:32:23.3NZ,200,0.010532,success
2026-08-27T14:32:23.3NZ,200,0.008952,success
2026-08-27T14:32:23.3NZ,200,0.007892,success
2026-08-27T14:32:23.3NZ,200,0.008519,success
2026-08-27T14:32:23.3NZ,200,0.008519,success
2026-08-27T14:32:24.3NZ,200,0.007206,success
2026-08-27T14:32:24.3NZ,200,0.007206,success
2026-08-27T14:32:24.3NZ,200,0.008743,success
2026-08-27T14:32:24.3NZ,200,0.008743,success
2026-08-27T14:32:24.3NZ,200,0.008582,success
2026-08-27T14:32:24.3NZ,200,0.008581,success
2026-08-27T14:32:24.3NZ,200,0.009501,success
2026-08-27T14:32:24.3NZ,200,0.009501,success
2026-08-27T14:32:24.3NZ,200,0.009674,success
2026-08-27T14:32:24.3NZ,200,0.009674,success
2026-08-27T14:32:24.3NZ,200,0.005000,success
2026-08-27T14:32:24.3NZ,200,0.005891,success
2026-08-27T14:32:24.3NZ,200,0.007098,success
2026-08-27T14:32:24.3NZ,200,0.007098,success
2026-08-27T14:32:25.3NZ,200,0.008380,success
2026-08-27T14:32:25.3NZ,200,0.008380,success
2026-08-27T14:32:25.3NZ,200,0.009238,success
2026-08-27T14:32:25.3NZ,200,0.009238,success
2026-08-27T14:32:25.3NZ,200,0.014395,success
2026-08-27T14:32:25.3NZ,200,0.014395,success
2026-08-27T14:32:25.3NZ,200,0.012108,success
2026-08-27T14:32:25.3NZ,200,0.012087,success
2026-08-27T14:32:25.3NZ,200,0.007103,success
2026-08-27T14:32:25.3NZ,200,0.006938,success
2026-08-27T14:32:25.3NZ,200,0.010386,success
2026-08-27T14:32:25.3NZ,200,0.010386,success
2026-08-27T14:32:26.3NZ,200,0.009126,success
2026-08-27T14:32:26.3NZ,200,0.009126,success
2026-08-27T14:32:26.3NZ,200,0.009003,success
2026-08-27T14:32:26.3NZ,200,0.009125,success
2026-08-27T14:32:26.3NZ,200,0.007971,success
2026-08-27T14:32:26.3NZ,200,0.007971,success
2026-08-27T14:32:26.3NZ,200,0.009390,success
2026-08-27T14:32:26.3NZ,200,0.009390,success
2026-08-27T14:32:26.3NZ,200,0.010692,success
2026-08-27T14:32:26.3NZ,200,0.010692,success
2026-08-27T14:32:26.3NZ,200,0.007574,success
2026-08-27T14:32:26.3NZ,200,0.007574,success
2026-08-27T14:32:26.3NZ,200,0.014645,success
2026-08-27T14:32:26.3NZ,200,0.014645,success
2026-08-27T14:32:27.3NZ,200,0.011141,success
2026-08-27T14:32:27.3NZ,200,0.011638,success
2026-08-27T14:32:27.3NZ,200,0.006912,success
2026-08-27T14:32:27.3NZ,200,0.005927,success
2026-08-27T14:32:27.3NZ,200,0.014508,success
2026-08-27T14:32:27.3NZ,200,0.014268,success
2026-08-27T14:32:27.3NZ,200,0.006728,success
2026-08-27T14:32:27.3NZ,200,0.006727,success
2026-08-27T14:32:27.3NZ,200,0.007972,success
2026-08-27T14:32:27.3NZ,200,0.007971,success
2026-08-27T14:32:27.3NZ,200,0.010656,success
2026-08-27T14:32:27.3NZ,200,0.010656,success
2026-08-27T14:32:28.3NZ,200,0.008441,success
2026-08-27T14:32:28.3NZ,200,0.008441,success
2026-08-27T14:32:28.3NZ,200,0.010830,success
2026-08-27T14:32:28.3NZ,200,0.010830,success
2026-08-27T14:32:28.3NZ,200,0.010204,success
2026-08-27T14:32:28.3NZ,200,0.010230,success
2026-08-27T14:32:28.3NZ,200,0.008756,success
2026-08-27T14:32:28.3NZ,200,0.008756,success
2026-08-27T14:32:28.3NZ,200,0.009125,success
2026-08-27T14:32:28.3NZ,200,0.009125,success
2026-08-27T14:32:28.3NZ,200,0.008245,success
2026-08-27T14:32:28.3NZ,200,0.008245,success
2026-08-27T14:32:28.3NZ,200,0.009457,success
2026-08-27T14:32:28.3NZ,200,0.009457,success
2026-08-27T14:32:29.3NZ,200,0.008707,success
2026-08-27T14:32:29.3NZ,200,0.008708,success
2026-08-27T14:32:29.3NZ,200,0.009185,success
2026-08-27T14:32:29.3NZ,200,0.009186,success
2026-08-27T14:32:29.3NZ,200,0.008394,success
2026-08-27T14:32:29.3NZ,200,0.008394,success
2026-08-27T14:32:29.3NZ,200,0.008220,success
2026-08-27T14:32:29.3NZ,200,0.008220,success
2026-08-27T14:32:29.3NZ,200,0.006028,success
2026-08-27T14:32:29.3NZ,200,0.006028,success
2026-08-27T14:32:29.3NZ,200,0.006685,success
2026-08-27T14:32:29.3NZ,200,0.006694,success
2026-08-27T14:32:29.3NZ,200,0.007083,success
2026-08-27T14:32:29.3NZ,200,0.006654,success
2026-08-27T14:32:30.3NZ,200,0.007401,success
2026-08-27T14:32:30.3NZ,200,0.007383,success
2026-08-27T14:32:30.3NZ,200,0.037128,success
2026-08-27T14:32:30.3NZ,200,0.037136,success
2026-08-27T14:32:30.3NZ,200,0.007201,success
2026-08-27T14:32:30.3NZ,200,0.006718,success
2026-08-27T14:32:30.3NZ,200,0.009726,success
2026-08-27T14:32:30.3NZ,200,0.009726,success
2026-08-27T14:32:30.3NZ,200,0.009791,success
2026-08-27T14:32:30.3NZ,200,0.007805,success
2026-08-27T14:32:30.3NZ,200,0.007712,success
2026-08-27T14:32:30.3NZ,200,0.007712,success
2026-08-27T14:32:31.3NZ,200,0.010517,success
2026-08-27T14:32:31.3NZ,200,0.010517,success
2026-08-27T14:32:31.3NZ,200,0.007548,success
2026-08-27T14:32:31.3NZ,200,0.007548,success
2026-08-27T14:32:31.3NZ,200,0.011892,success
2026-08-27T14:32:31.3NZ,200,0.011892,success
2026-08-27T14:32:31.3NZ,200,0.009603,success
2026-08-27T14:32:31.3NZ,200,0.009603,success
2026-08-27T14:32:31.3NZ,200,0.013436,success
2026-08-27T14:32:31.3NZ,200,0.013436,success
2026-08-27T14:32:31.3NZ,200,0.006527,success
2026-08-27T14:32:31.3NZ,200,0.006527,success
2026-08-27T14:32:31.3NZ,200,0.007761,success
2026-08-27T14:32:31.3NZ,200,0.008778,success
2026-08-27T14:32:32.3NZ,200,0.009319,success
2026-08-27T14:32:32.3NZ,200,0.008837,success
2026-08-27T14:32:32.3NZ,200,0.008848,success
2026-08-27T14:32:32.3NZ,200,0.008823,success
2026-08-27T14:32:32.3NZ,200,0.008557,success
2026-08-27T14:32:32.3NZ,200,0.008557,success
2026-08-27T14:32:32.3NZ,200,0.007558,success
2026-08-27T14:32:32.3NZ,200,0.007559,success
2026-08-27T14:32:32.3NZ,200,0.005828,success
2026-08-27T14:32:32.3NZ,200,0.006724,success
2026-08-27T14:32:32.3NZ,200,0.006059,success
2026-08-27T14:32:32.3NZ,200,0.004645,success
2026-08-27T14:32:32.3NZ,200,0.008032,success
2026-08-27T14:32:32.3NZ,200,0.008044,success
2026-08-27T14:32:33.3NZ,200,0.010519,success
2026-08-27T14:32:33.3NZ,200,0.010519,success
2026-08-27T14:32:33.3NZ,200,0.009141,success
2026-08-27T14:32:33.3NZ,200,0.009165,success
2026-08-27T14:32:33.3NZ,200,0.009591,success
2026-08-27T14:32:33.3NZ,200,0.009588,success
2026-08-27T14:32:33.3NZ,200,0.009180,success
2026-08-27T14:32:33.3NZ,200,0.009180,success
2026-08-27T14:32:33.3NZ,200,0.009201,success
2026-08-27T14:32:33.3NZ,200,0.009201,success
2026-08-27T14:32:33.3NZ,200,0.011098,success
2026-08-27T14:32:33.3NZ,200,0.011098,success
2026-08-27T14:32:33.3NZ,200,0.011547,success
2026-08-27T14:32:33.3NZ,200,0.011547,success
2026-08-27T14:32:34.3NZ,200,0.012023,success
2026-08-27T14:32:34.3NZ,200,0.011452,success
2026-08-27T14:32:34.3NZ,200,0.007571,success
2026-08-27T14:32:34.3NZ,200,0.007571,success
2026-08-27T14:32:34.3NZ,200,0.005288,success
2026-08-27T14:32:34.3NZ,200,0.006340,success
2026-08-27T14:32:34.3NZ,200,0.009993,success
2026-08-27T14:32:34.3NZ,200,0.009994,success
2026-08-27T14:32:34.3NZ,200,0.006826,success
2026-08-27T14:32:34.3NZ,200,0.006826,success
2026-08-27T14:32:34.3NZ,200,0.007320,success
2026-08-27T14:32:34.3NZ,200,0.007320,success
2026-08-27T14:32:35.3NZ,200,0.007375,success
2026-08-27T14:32:35.3NZ,200,0.006034,success
2026-08-27T14:32:35.3NZ,200,0.008658,success
2026-08-27T14:32:35.3NZ,200,0.008658,success
2026-08-27T14:32:35.3NZ,200,0.009595,success
2026-08-27T14:32:35.3NZ,200,0.009597,success
2026-08-27T14:32:35.3NZ,200,0.006971,success
2026-08-27T14:32:35.3NZ,200,0.006962,success
2026-08-27T14:32:35.3NZ,200,0.010236,success
2026-08-27T14:32:35.3NZ,200,0.010233,success
2026-08-27T14:32:35.3NZ,200,0.010898,success
2026-08-27T14:32:35.3NZ,200,0.010897,success
2026-08-27T14:32:35.3NZ,200,0.015306,success
2026-08-27T14:32:35.3NZ,200,0.015440,success
2026-08-27T14:32:36.3NZ,200,0.008506,success
2026-08-27T14:32:36.3NZ,200,0.008507,success
2026-08-27T14:32:36.3NZ,200,0.009608,success
2026-08-27T14:32:36.3NZ,200,0.009607,success
2026-08-27T14:32:36.3NZ,200,0.008262,success
2026-08-27T14:32:36.3NZ,200,0.008261,success
2026-08-27T14:32:36.3NZ,200,0.008769,success
2026-08-27T14:32:36.3NZ,200,0.009592,success
2026-08-27T14:32:36.3NZ,200,0.010313,success
2026-08-27T14:32:36.3NZ,200,0.010312,success
2026-08-27T14:32:36.3NZ,200,0.010293,success
2026-08-27T14:32:36.3NZ,200,0.010293,success
2026-08-27T14:32:36.3NZ,200,0.012550,success
2026-08-27T14:32:36.3NZ,200,0.012552,success
2026-08-27T14:32:37.3NZ,200,0.010141,success
2026-08-27T14:32:37.3NZ,200,0.010138,success
2026-08-27T14:32:37.3NZ,200,0.009355,success
2026-08-27T14:32:37.3NZ,200,0.009354,success
2026-08-27T14:32:37.3NZ,200,0.029265,success
2026-08-27T14:32:37.3NZ,200,0.027810,success
2026-08-27T14:32:37.3NZ,200,0.007183,success
2026-08-27T14:32:37.3NZ,200,0.006264,success
2026-08-27T14:32:37.3NZ,200,0.006800,success
2026-08-27T14:32:37.3NZ,200,0.007100,success
2026-08-27T14:32:37.3NZ,200,0.006910,success
2026-08-27T14:32:37.3NZ,200,0.007871,success
2026-08-27T14:32:38.3NZ,200,0.007405,success
2026-08-27T14:32:38.3NZ,200,0.006249,success
2026-08-27T14:32:38.3NZ,200,0.008815,success
2026-08-27T14:32:38.3NZ,200,0.007348,success
2026-08-27T14:32:38.3NZ,200,0.011483,success
2026-08-27T14:32:38.3NZ,200,0.011483,success
2026-08-27T14:32:38.3NZ,200,0.007931,success
2026-08-27T14:32:38.3NZ,200,0.007898,success
2026-08-27T14:32:38.3NZ,200,0.008593,success
2026-08-27T14:32:38.3NZ,200,0.008593,success
2026-08-27T14:32:38.3NZ,200,0.008793,success
2026-08-27T14:32:38.3NZ,200,0.008822,success
2026-08-27T14:32:38.3NZ,200,0.018243,success
2026-08-27T14:32:38.3NZ,200,0.018356,success
2026-08-27T14:32:39.3NZ,200,0.006486,success
2026-08-27T14:32:39.3NZ,200,0.006486,success
2026-08-27T14:32:39.3NZ,200,0.009063,success
2026-08-27T14:32:39.3NZ,200,0.009063,success
2026-08-27T14:32:39.3NZ,200,0.009692,success
2026-08-27T14:32:39.3NZ,200,0.009691,success
2026-08-27T14:32:39.3NZ,200,0.007321,success
2026-08-27T14:32:39.3NZ,200,0.011082,success
2026-08-27T14:32:39.3NZ,200,0.004655,success
2026-08-27T14:32:39.3NZ,200,0.004435,success
2026-08-27T14:32:39.3NZ,200,0.005746,success
2026-08-27T14:32:39.3NZ,200,0.006294,success
2026-08-27T14:32:40.3NZ,200,0.004674,success
2026-08-27T14:32:40.3NZ,200,0.005697,success
2026-08-27T14:32:40.3NZ,200,0.007605,success
2026-08-27T14:32:40.3NZ,200,0.006590,success
2026-08-27T14:32:40.3NZ,200,0.009781,success
2026-08-27T14:32:40.3NZ,200,0.009781,success
2026-08-27T14:32:40.3NZ,200,0.012046,success
2026-08-27T14:32:40.3NZ,200,0.012042,success
2026-08-27T14:32:40.3NZ,200,0.007787,success
2026-08-27T14:32:40.3NZ,200,0.007789,success
2026-08-27T14:32:40.3NZ,200,0.009287,success
2026-08-27T14:32:40.3NZ,200,0.009287,success
2026-08-27T14:32:40.3NZ,200,0.010552,success
2026-08-27T14:32:40.3NZ,200,0.010084,success
2026-08-27T14:32:41.3NZ,200,0.008823,success
2026-08-27T14:32:41.3NZ,200,0.008822,success
2026-08-27T14:32:41.3NZ,200,0.015717,success
2026-08-27T14:32:41.3NZ,200,0.017425,success
2026-08-27T14:32:41.3NZ,200,0.011726,success
2026-08-27T14:32:41.3NZ,200,0.011726,success
2026-08-27T14:32:41.3NZ,200,0.010498,success
2026-08-27T14:32:41.3NZ,200,0.010510,success
2026-08-27T14:32:41.3NZ,200,0.010463,success
2026-08-27T14:32:41.3NZ,200,0.010463,success
2026-08-27T14:32:41.3NZ,200,0.011434,success
2026-08-27T14:32:41.3NZ,200,0.011434,success
2026-08-27T14:32:42.3NZ,200,0.008554,success
2026-08-27T14:32:42.3NZ,200,0.008553,success
2026-08-27T14:32:42.3NZ,200,0.010536,success
2026-08-27T14:32:42.3NZ,200,0.010527,success
2026-08-27T14:32:42.3NZ,200,0.007913,success
2026-08-27T14:32:42.3NZ,200,0.007794,success
2026-08-27T14:32:42.3NZ,200,0.009506,success
2026-08-27T14:32:42.3NZ,200,0.009506,success
2026-08-27T14:32:42.3NZ,200,0.009332,success
2026-08-27T14:32:42.3NZ,200,0.009333,success
2026-08-27T14:32:42.3NZ,200,0.008279,success
2026-08-27T14:32:42.3NZ,200,0.008125,success
2026-08-27T14:32:42.3NZ,200,0.005794,success
2026-08-27T14:32:42.3NZ,200,0.005794,success
2026-08-27T14:32:43.3NZ,200,0.005456,success
2026-08-27T14:32:43.3NZ,200,0.004496,success
2026-08-27T14:32:43.3NZ,200,0.008872,success
2026-08-27T14:32:43.3NZ,200,0.007453,success
2026-08-27T14:32:43.3NZ,200,0.013749,success
2026-08-27T14:32:43.3NZ,200,0.013747,success
2026-08-27T14:32:43.3NZ,200,0.010276,success
2026-08-27T14:32:43.3NZ,200,0.010269,success
2026-08-27T14:32:43.3NZ,200,0.008553,success
2026-08-27T14:32:43.3NZ,200,0.008553,success
2026-08-27T14:32:43.3NZ,200,0.011113,success
2026-08-27T14:32:43.3NZ,200,0.011113,success
2026-08-27T14:32:43.3NZ,200,0.008949,success
2026-08-27T14:32:43.3NZ,200,0.008949,success
2026-08-27T14:32:44.3NZ,200,0.009016,success
2026-08-27T14:32:44.3NZ,200,0.009016,success
2026-08-27T14:32:44.3NZ,200,0.008515,success
2026-08-27T14:32:44.3NZ,200,0.008515,success
2026-08-27T14:32:44.3NZ,200,0.007732,success
2026-08-27T14:32:44.3NZ,200,0.007734,success
2026-08-27T14:32:44.3NZ,200,0.005879,success
2026-08-27T14:32:44.3NZ,200,0.005879,success
2026-08-27T14:32:44.3NZ,200,0.005149,success
2026-08-27T14:32:44.3NZ,200,0.004531,success
2026-08-27T14:32:44.3NZ,200,0.007153,success
2026-08-27T14:32:44.3NZ,200,0.007152,success
2026-08-27T14:32:44.3NZ,200,0.007549,success
2026-08-27T14:32:44.3NZ,200,0.007549,success
2026-08-27T14:32:45.3NZ,200,0.008577,success
2026-08-27T14:32:45.3NZ,200,0.008577,success
2026-08-27T14:32:45.3NZ,200,0.011312,success
2026-08-27T14:32:45.3NZ,200,0.011312,success
2026-08-27T14:32:45.3NZ,200,0.022050,success
2026-08-27T14:32:45.3NZ,200,0.022089,success
2026-08-27T14:32:45.3NZ,200,0.010498,success
2026-08-27T14:32:45.3NZ,200,0.010498,success
2026-08-27T14:32:45.3NZ,200,0.011500,success
2026-08-27T14:32:45.3NZ,200,0.011500,success
2026-08-27T14:32:45.3NZ,200,0.007455,success
2026-08-27T14:32:45.3NZ,200,0.007456,success
2026-08-27T14:32:46.3NZ,200,0.030389,success
2026-08-27T14:32:46.3NZ,200,0.029701,success
2026-08-27T14:32:46.3NZ,200,0.005114,success
2026-08-27T14:32:46.3NZ,200,0.005493,success
2026-08-27T14:32:46.3NZ,200,0.007018,success
2026-08-27T14:32:46.3NZ,200,0.007018,success
2026-08-27T14:32:46.3NZ,200,0.009597,success
2026-08-27T14:32:46.3NZ,200,0.009597,success
2026-08-27T14:32:46.3NZ,200,0.012412,success
2026-08-27T14:32:46.3NZ,200,0.012326,success
2026-08-27T14:32:46.3NZ,200,0.010268,success
2026-08-27T14:32:46.3NZ,200,0.010268,success
2026-08-27T14:32:47.3NZ,200,0.006114,success
2026-08-27T14:32:47.3NZ,200,0.006112,success
2026-08-27T14:32:47.3NZ,200,0.018119,success
2026-08-27T14:32:47.3NZ,200,0.018139,success
2026-08-27T14:32:47.3NZ,200,0.006224,success
2026-08-27T14:32:47.3NZ,200,0.006224,success
2026-08-27T14:32:47.3NZ,200,0.005726,success
2026-08-27T14:32:47.3NZ,200,0.004767,success
2026-08-27T14:32:47.3NZ,200,0.005176,success
2026-08-27T14:32:47.3NZ,200,0.005164,success
2026-08-27T14:32:47.3NZ,200,0.004493,success
2026-08-27T14:32:47.3NZ,200,0.004493,success
2026-08-27T14:32:47.3NZ,200,0.007346,success
2026-08-27T14:32:47.3NZ,200,0.007346,success
2026-08-27T14:32:48.3NZ,200,0.008750,success
2026-08-27T14:32:48.3NZ,200,0.008756,success
2026-08-27T14:32:48.3NZ,200,0.009022,success
2026-08-27T14:32:48.3NZ,200,0.009023,success
2026-08-27T14:32:48.3NZ,200,0.010097,success
2026-08-27T14:32:48.3NZ,200,0.009955,success
2026-08-27T14:32:48.3NZ,200,0.006904,success
2026-08-27T14:32:48.3NZ,200,0.006905,success
2026-08-27T14:32:48.3NZ,200,0.008877,success
2026-08-27T14:32:48.3NZ,200,0.008585,success
2026-08-27T14:32:48.3NZ,200,0.007262,success
2026-08-27T14:32:48.3NZ,200,0.007263,success
2026-08-27T14:32:48.3NZ,200,0.007888,success
2026-08-27T14:32:48.3NZ,200,0.007888,success
2026-08-27T14:32:49.3NZ,200,0.009538,success
2026-08-27T14:32:49.3NZ,200,0.008959,success
2026-08-27T14:32:49.3NZ,200,0.007438,success
2026-08-27T14:32:49.3NZ,200,0.007438,success
2026-08-27T14:32:49.3NZ,200,0.008016,success
2026-08-27T14:32:49.3NZ,200,0.008015,success
2026-08-27T14:32:49.3NZ,200,0.012392,success
2026-08-27T14:32:49.3NZ,200,0.012410,success
2026-08-27T14:32:49.3NZ,200,0.007584,success
2026-08-27T14:32:49.3NZ,200,0.007518,success
2026-08-27T14:32:49.3NZ,200,0.005310,success
2026-08-27T14:32:49.3NZ,200,0.005149,success
2026-08-27T14:32:49.3NZ,200,0.006379,success
2026-08-27T14:32:49.3NZ,200,0.006379,success
2026-08-27T14:32:50.3NZ,200,0.006329,success
2026-08-27T14:32:50.3NZ,200,0.006104,success
2026-08-27T14:32:50.3NZ,200,0.006522,success
2026-08-27T14:32:50.3NZ,200,0.006520,success
2026-08-27T14:32:50.3NZ,200,0.005998,success
2026-08-27T14:32:50.3NZ,200,0.006122,success
2026-08-27T14:32:50.3NZ,200,0.006992,success
2026-08-27T14:32:50.3NZ,200,0.005224,success
2026-08-27T14:32:50.3NZ,200,0.008065,success
2026-08-27T14:32:50.3NZ,200,0.007913,success
2026-08-27T14:32:50.3NZ,200,0.012455,success
2026-08-27T14:32:50.3NZ,200,0.012451,success
2026-08-27T14:32:50.3NZ,200,0.015713,success
2026-08-27T14:32:50.3NZ,200,0.015713,success
2026-08-27T14:32:51.3NZ,200,0.014573,success
2026-08-27T14:32:51.3NZ,200,0.014513,success
2026-08-27T14:32:51.3NZ,200,0.008884,success
2026-08-27T14:32:51.3NZ,200,0.008885,success
2026-08-27T14:32:51.3NZ,200,0.012322,success
2026-08-27T14:32:51.3NZ,200,0.012322,success
2026-08-27T14:32:51.3NZ,200,0.009726,success
2026-08-27T14:32:51.3NZ,200,0.009726,success
2026-08-27T14:32:51.3NZ,200,0.013349,success
2026-08-27T14:32:51.3NZ,200,0.013349,success
2026-08-27T14:32:51.3NZ,200,0.008017,success
2026-08-27T14:32:51.3NZ,200,0.008017,success
2026-08-27T14:32:52.3NZ,200,0.008799,success
2026-08-27T14:32:52.3NZ,200,0.008799,success
2026-08-27T14:32:52.3NZ,200,0.008504,success
2026-08-27T14:32:52.3NZ,200,0.008504,success
2026-08-27T14:32:52.3NZ,200,0.008361,success
2026-08-27T14:32:52.3NZ,200,0.008298,success
2026-08-27T14:32:52.3NZ,200,0.004886,success
2026-08-27T14:32:52.3NZ,200,0.004392,success
2026-08-27T14:32:52.3NZ,200,0.005295,success
2026-08-27T14:32:52.3NZ,200,0.005305,success
2026-08-27T14:32:52.3NZ,200,0.009344,success
2026-08-27T14:32:52.3NZ,200,0.009344,success
2026-08-27T14:32:52.3NZ,200,0.010257,success
2026-08-27T14:32:52.3NZ,200,0.010257,success
2026-08-27T14:32:53.3NZ,200,0.007089,success
2026-08-27T14:32:53.3NZ,200,0.007089,success
2026-08-27T14:32:53.3NZ,200,0.007930,success
2026-08-27T14:32:53.3NZ,200,0.007831,success
2026-08-27T14:32:53.3NZ,200,0.006722,success
2026-08-27T14:32:53.3NZ,200,0.006680,success
2026-08-27T14:32:53.3NZ,200,0.007482,success
2026-08-27T14:32:53.3NZ,200,0.006137,success
2026-08-27T14:32:53.3NZ,200,0.012108,success
2026-08-27T14:32:53.3NZ,200,0.012094,success
2026-08-27T14:32:53.3NZ,200,0.013773,success
2026-08-27T14:32:53.3NZ,200,0.013775,success
2026-08-27T14:32:53.3NZ,200,0.007467,success
2026-08-27T14:32:53.3NZ,200,0.009395,success
2026-08-27T14:32:54.3NZ,200,0.008892,success
2026-08-27T14:32:54.3NZ,200,0.006581,success
2026-08-27T14:32:54.3NZ,200,0.009700,success
2026-08-27T14:32:54.3NZ,200,0.009703,success
2026-08-27T14:32:54.3NZ,200,0.011310,success
2026-08-27T14:32:54.3NZ,200,0.011311,success
2026-08-27T14:32:54.3NZ,200,0.013441,success
2026-08-27T14:32:54.3NZ,200,0.013441,success
2026-08-27T14:32:54.3NZ,200,0.007146,success
2026-08-27T14:32:54.3NZ,200,0.007146,success
2026-08-27T14:32:54.3NZ,200,0.005630,success
2026-08-27T14:32:54.3NZ,200,0.005630,success
2026-08-27T14:32:54.3NZ,200,0.006787,success
2026-08-27T14:32:54.3NZ,200,0.007679,success
2026-08-27T14:32:55.3NZ,200,0.006310,success
2026-08-27T14:32:55.3NZ,200,0.006307,success
2026-08-27T14:32:55.3NZ,200,0.006476,success
2026-08-27T14:32:55.3NZ,200,0.006483,success
2026-08-27T14:32:55.3NZ,200,0.012593,success
2026-08-27T14:32:55.3NZ,200,0.012593,success
2026-08-27T14:32:55.3NZ,200,0.010984,success
2026-08-27T14:32:55.3NZ,200,0.010984,success
2026-08-27T14:32:55.3NZ,200,0.010178,success
2026-08-27T14:32:55.3NZ,200,0.010179,success
2026-08-27T14:32:55.3NZ,200,0.009878,success
2026-08-27T14:32:55.3NZ,200,0.009878,success
2026-08-27T14:32:56.3NZ,200,0.008342,success
2026-08-27T14:32:56.3NZ,200,0.008342,success
2026-08-27T14:32:56.3NZ,200,0.009046,success
2026-08-27T14:32:56.3NZ,200,0.009045,success
2026-08-27T14:32:56.3NZ,200,0.006982,success
2026-08-27T14:32:56.3NZ,200,0.006982,success
2026-08-27T14:32:56.3NZ,200,0.008271,success
2026-08-27T14:32:56.3NZ,200,0.008272,success
2026-08-27T14:32:56.3NZ,200,0.006870,success
2026-08-27T14:32:56.3NZ,200,0.006611,success
2026-08-27T14:32:56.3NZ,200,0.012231,success
2026-08-27T14:32:56.3NZ,200,0.012254,success
2026-08-27T14:32:56.3NZ,200,0.007367,success
2026-08-27T14:32:56.3NZ,200,0.013236,success
2026-08-27T14:32:57.3NZ,200,0.007790,success
2026-08-27T14:32:57.3NZ,200,0.007077,success
2026-08-27T14:32:57.3NZ,200,0.006942,success
2026-08-27T14:32:57.3NZ,200,0.006017,success
2026-08-27T14:32:57.3NZ,200,0.012284,success
2026-08-27T14:32:57.3NZ,200,0.008712,success
2026-08-27T14:32:57.3NZ,200,0.005331,success
2026-08-27T14:32:57.3NZ,200,0.004077,success
2026-08-27T14:32:57.3NZ,200,0.005472,success
2026-08-27T14:32:57.3NZ,200,0.006585,success
2026-08-27T14:32:57.3NZ,200,0.006165,success
2026-08-27T14:32:57.3NZ,200,0.007157,success
2026-08-27T14:32:57.3NZ,200,0.010971,success
2026-08-27T14:32:57.3NZ,200,0.008566,success
2026-08-27T14:32:58.3NZ,200,0.018984,success
2026-08-27T14:32:58.3NZ,200,0.018267,success
2026-08-27T14:32:58.3NZ,200,0.005068,success
2026-08-27T14:32:58.3NZ,200,0.006013,success
2026-08-27T14:32:58.3NZ,200,0.011358,success
2026-08-27T14:32:58.3NZ,200,0.011358,success
2026-08-27T14:32:58.3NZ,200,0.007661,success
2026-08-27T14:32:58.3NZ,200,0.007661,success
2026-08-27T14:32:58.3NZ,200,0.008133,success
2026-08-27T14:32:58.3NZ,200,0.008133,success
2026-08-27T14:32:58.3NZ,200,0.010710,success
2026-08-27T14:32:58.3NZ,200,0.010710,success
2026-08-27T14:32:58.3NZ,200,0.009823,success
2026-08-27T14:32:58.3NZ,200,0.009823,success
2026-08-27T14:32:59.3NZ,200,0.008629,success
2026-08-27T14:32:59.3NZ,200,0.008465,success
2026-08-27T14:32:59.3NZ,200,0.008012,success
2026-08-27T14:32:59.3NZ,200,0.008012,success
2026-08-27T14:32:59.3NZ,200,0.004722,success
2026-08-27T14:32:59.3NZ,200,0.005290,success
2026-08-27T14:32:59.3NZ,200,0.006777,success
2026-08-27T14:32:59.3NZ,200,0.006777,success
2026-08-27T14:32:59.3NZ,200,0.007162,success
2026-08-27T14:32:59.3NZ,200,0.007162,success
2026-08-27T14:32:59.3NZ,200,0.009954,success
2026-08-27T14:32:59.3NZ,200,0.009834,success
2026-08-27T14:32:59.3NZ,200,0.006685,success
2026-08-27T14:32:59.3NZ,200,0.006733,success
2026-08-27T14:33:00.3NZ,200,0.009320,success
2026-08-27T14:33:00.3NZ,200,0.008762,success
2026-08-27T14:33:00.3NZ,200,0.009053,success
2026-08-27T14:33:00.3NZ,200,0.009058,success
2026-08-27T14:33:00.3NZ,200,0.008830,success
2026-08-27T14:33:00.3NZ,200,0.008830,success
2026-08-27T14:33:00.3NZ,200,0.010676,success
2026-08-27T14:33:00.3NZ,200,0.010676,success
2026-08-27T14:33:00.3NZ,200,0.009417,success
2026-08-27T14:33:00.3NZ,200,0.009418,success
2026-08-27T14:33:00.3NZ,200,0.010314,success
2026-08-27T14:33:00.3NZ,200,0.010314,success
2026-08-27T14:33:01.3NZ,200,0.009028,success
2026-08-27T14:33:01.3NZ,200,0.009027,success
2026-08-27T14:33:01.3NZ,200,0.008503,success
2026-08-27T14:33:01.3NZ,200,0.008503,success
2026-08-27T14:33:01.3NZ,200,0.010926,success
2026-08-27T14:33:01.3NZ,200,0.010926,success
2026-08-27T14:33:01.3NZ,200,0.010755,success
2026-08-27T14:33:01.3NZ,200,0.010344,success
2026-08-27T14:33:01.3NZ,200,0.011788,success
2026-08-27T14:33:01.3NZ,200,0.011788,success
2026-08-27T14:33:01.3NZ,200,0.006692,success
2026-08-27T14:33:01.3NZ,200,0.007578,success
2026-08-27T14:33:01.3NZ,200,0.013267,success
2026-08-27T14:33:01.3NZ,200,0.013094,success
2026-08-27T14:33:02.3NZ,200,0.009176,success
2026-08-27T14:33:02.3NZ,200,0.009174,success
2026-08-27T14:33:02.3NZ,200,0.010618,success
2026-08-27T14:33:02.3NZ,200,0.010643,success
2026-08-27T14:33:02.3NZ,200,0.008819,success
2026-08-27T14:33:02.3NZ,200,0.008819,success
2026-08-27T14:33:02.3NZ,200,0.008616,success
2026-08-27T14:33:02.3NZ,200,0.009318,success
2026-08-27T14:33:02.3NZ,200,0.024486,success
2026-08-27T14:33:02.3NZ,200,0.013609,success
2026-08-27T14:33:02.3NZ,200,0.007054,success
2026-08-27T14:33:02.3NZ,200,0.007054,success
2026-08-27T14:33:03.3NZ,200,0.014105,success
2026-08-27T14:33:03.3NZ,200,0.014079,success
2026-08-27T14:33:03.3NZ,200,0.008617,success
2026-08-27T14:33:03.3NZ,200,0.008616,success
2026-08-27T14:33:03.3NZ,200,0.004688,success
2026-08-27T14:33:03.3NZ,200,0.005340,success
2026-08-27T14:33:03.3NZ,200,0.006927,success
2026-08-27T14:33:03.3NZ,200,0.006589,success
2026-08-27T14:33:03.3NZ,200,0.007431,success
2026-08-27T14:33:03.3NZ,200,0.007150,success
2026-08-27T14:33:03.3NZ,200,0.010200,success
2026-08-27T14:33:03.3NZ,200,0.010200,success
2026-08-27T14:33:03.3NZ,200,0.010337,success
2026-08-27T14:33:03.3NZ,200,0.010336,success
2026-08-27T14:33:04.3NZ,200,0.009569,success
2026-08-27T14:33:04.3NZ,200,0.009569,success
2026-08-27T14:33:04.3NZ,200,0.010731,success
2026-08-27T14:33:04.3NZ,200,0.010702,success
2026-08-27T14:33:04.3NZ,200,0.010735,success
2026-08-27T14:33:04.3NZ,200,0.010714,success
2026-08-27T14:33:04.3NZ,200,0.009151,success
2026-08-27T14:33:04.3NZ,200,0.009141,success
2026-08-27T14:33:04.3NZ,200,0.011968,success
2026-08-27T14:33:04.3NZ,200,0.011969,success
2026-08-27T14:33:04.3NZ,200,0.006647,success
2026-08-27T14:33:04.3NZ,200,0.006647,success
2026-08-27T14:33:05.3NZ,200,0.006593,success
2026-08-27T14:33:05.3NZ,200,0.006593,success
2026-08-27T14:33:05.3NZ,200,0.005398,success
2026-08-27T14:33:05.3NZ,200,0.004789,success
2026-08-27T14:33:05.3NZ,200,0.007201,success
2026-08-27T14:33:05.3NZ,200,0.007192,success
2026-08-27T14:33:05.3NZ,200,0.010640,success
2026-08-27T14:33:05.3NZ,200,0.010640,success
2026-08-27T14:33:05.3NZ,200,0.013115,success
2026-08-27T14:33:05.3NZ,200,0.013116,success
2026-08-27T14:33:05.3NZ,200,0.007106,success
2026-08-27T14:33:05.3NZ,200,0.007105,success
2026-08-27T14:33:05.3NZ,200,0.008505,success
2026-08-27T14:33:05.3NZ,200,0.008505,success
2026-08-27T14:33:06.3NZ,200,0.009011,success
2026-08-27T14:33:06.3NZ,200,0.009011,success
2026-08-27T14:33:06.3NZ,200,0.013735,success
2026-08-27T14:33:06.3NZ,200,0.017405,success
2026-08-27T14:33:06.3NZ,200,0.015055,success
2026-08-27T14:33:06.3NZ,200,0.015050,success
2026-08-27T14:33:06.3NZ,200,0.007822,success
2026-08-27T14:33:06.3NZ,200,0.007822,success
2026-08-27T14:33:06.3NZ,200,0.007198,success
2026-08-27T14:33:06.3NZ,200,0.007198,success
2026-08-27T14:33:06.3NZ,200,0.012536,success
2026-08-27T14:33:06.3NZ,200,0.012486,success
2026-08-27T14:33:06.3NZ,200,0.008037,success
2026-08-27T14:33:06.3NZ,200,0.008022,success
2026-08-27T14:33:07.3NZ,200,0.084312,success
2026-08-27T14:33:07.3NZ,200,0.084354,success
2026-08-27T14:33:07.3NZ,200,0.005841,success
2026-08-27T14:33:07.3NZ,200,0.005179,success
2026-08-27T14:33:07.3NZ,200,0.004337,success
2026-08-27T14:33:07.3NZ,200,0.004937,success
2026-08-27T14:33:07.3NZ,200,0.004971,success
2026-08-27T14:33:07.3NZ,200,0.004990,success
2026-08-27T14:33:07.3NZ,200,0.004856,success
2026-08-27T14:33:07.3NZ,200,0.003484,success
2026-08-27T14:33:07.3NZ,200,0.004985,success
2026-08-27T14:33:07.3NZ,200,0.006059,success
2026-08-27T14:33:08.3NZ,200,0.007225,success
2026-08-27T14:33:08.3NZ,200,0.007219,success
2026-08-27T14:33:08.3NZ,200,0.012372,success
2026-08-27T14:33:08.3NZ,200,0.012372,success
2026-08-27T14:33:08.3NZ,200,0.012851,success
2026-08-27T14:33:08.3NZ,200,0.012847,success
2026-08-27T14:33:08.3NZ,200,0.007486,success
2026-08-27T14:33:08.3NZ,200,0.007486,success
2026-08-27T14:33:08.3NZ,200,0.006234,success
2026-08-27T14:33:08.3NZ,200,0.007586,success
2026-08-27T14:33:08.3NZ,200,0.007473,success
2026-08-27T14:33:08.3NZ,200,0.007473,success
2026-08-27T14:33:08.3NZ,200,0.008887,success
2026-08-27T14:33:08.3NZ,200,0.008887,success
2026-08-27T14:33:09.3NZ,200,0.008326,success
2026-08-27T14:33:09.3NZ,200,0.008307,success
2026-08-27T14:33:09.3NZ,200,0.008049,success
2026-08-27T14:33:09.3NZ,200,0.008039,success
2026-08-27T14:33:09.3NZ,200,0.008045,success
2026-08-27T14:33:09.3NZ,200,0.008073,success
2026-08-27T14:33:09.3NZ,200,0.006002,success
2026-08-27T14:33:09.3NZ,200,0.006002,success
2026-08-27T14:33:09.3NZ,200,0.005705,success
2026-08-27T14:33:09.3NZ,200,0.005705,success
2026-08-27T14:33:09.3NZ,200,0.007897,success
2026-08-27T14:33:09.3NZ,200,0.007897,success
2026-08-27T14:33:09.3NZ,200,0.008912,success
2026-08-27T14:33:09.3NZ,200,0.008910,success
2026-08-27T14:33:10.3NZ,200,0.007222,success
2026-08-27T14:33:10.3NZ,200,0.007222,success
2026-08-27T14:33:10.3NZ,200,0.007509,success
2026-08-27T14:33:10.3NZ,200,0.007510,success
2026-08-27T14:33:10.3NZ,200,0.010269,success
2026-08-27T14:33:10.3NZ,200,0.010273,success
2026-08-27T14:33:10.3NZ,200,0.014259,success
2026-08-27T14:33:10.3NZ,200,0.015837,success
2026-08-27T14:33:10.3NZ,200,0.004008,success
2026-08-27T14:33:10.3NZ,200,0.004519,success
2026-08-27T14:33:10.3NZ,200,0.006230,success
2026-08-27T14:33:10.3NZ,200,0.006840,success
2026-08-27T14:33:11.3NZ,200,0.007113,success
2026-08-27T14:33:11.3NZ,200,0.007109,success
2026-08-27T14:33:11.3NZ,200,0.014369,success
2026-08-27T14:33:11.3NZ,200,0.014153,success
2026-08-27T14:33:11.3NZ,200,0.013043,success
2026-08-27T14:33:11.3NZ,200,0.013045,success
2026-08-27T14:33:11.3NZ,200,0.009915,success
2026-08-27T14:33:11.3NZ,200,0.009916,success
2026-08-27T14:33:11.3NZ,200,0.011985,success
2026-08-27T14:33:11.3NZ,200,0.011984,success
2026-08-27T14:33:11.3NZ,200,0.017723,success
2026-08-27T14:33:11.3NZ,200,0.017722,success
2026-08-27T14:33:12.3NZ,200,0.009978,success
2026-08-27T14:33:12.3NZ,200,0.010031,success
2026-08-27T14:33:12.3NZ,200,0.007511,success
2026-08-27T14:33:12.3NZ,200,0.007511,success
2026-08-27T14:33:12.3NZ,200,0.008699,success
2026-08-27T14:33:12.3NZ,200,0.008693,success
2026-08-27T14:33:12.3NZ,200,0.007868,success
2026-08-27T14:33:12.3NZ,200,0.006728,success
2026-08-27T14:33:12.3NZ,200,0.011375,success
2026-08-27T14:33:12.3NZ,200,0.011375,success
2026-08-27T14:33:12.3NZ,200,0.011249,success
2026-08-27T14:33:12.3NZ,200,0.011249,success
2026-08-27T14:33:12.3NZ,200,0.009953,success
2026-08-27T14:33:12.3NZ,200,0.009953,success
2026-08-27T14:33:13.3NZ,200,0.009853,success
2026-08-27T14:33:13.3NZ,200,0.008446,success
2026-08-27T14:33:13.3NZ,200,0.010673,success
2026-08-27T14:33:13.3NZ,200,0.010673,success
2026-08-27T14:33:13.3NZ,200,0.008040,success
2026-08-27T14:33:13.3NZ,200,0.008040,success
2026-08-27T14:33:13.3NZ,200,0.005885,success
2026-08-27T14:33:13.3NZ,200,0.005885,success
2026-08-27T14:33:13.3NZ,200,0.005856,success
2026-08-27T14:33:13.3NZ,200,0.005822,success
2026-08-27T14:33:13.3NZ,200,0.007682,success
2026-08-27T14:33:13.3NZ,200,0.008554,success
2026-08-27T14:33:13.3NZ,200,0.008437,success
2026-08-27T14:33:13.3NZ,200,0.008400,success
2026-08-27T14:33:14.3NZ,200,0.008265,success
2026-08-27T14:33:14.3NZ,200,0.008265,success
2026-08-27T14:33:14.3NZ,200,0.009241,success
2026-08-27T14:33:14.3NZ,200,0.009283,success
2026-08-27T14:33:14.3NZ,200,0.007118,success
2026-08-27T14:33:14.3NZ,200,0.005830,success
2026-08-27T14:33:14.3NZ,200,0.010806,success
2026-08-27T14:33:14.3NZ,200,0.010806,success
2026-08-27T14:33:14.3NZ,200,0.010205,success
2026-08-27T14:33:14.3NZ,200,0.010187,success
2026-08-27T14:33:14.3NZ,200,0.012264,success
2026-08-27T14:33:14.3NZ,200,0.012264,success
2026-08-27T14:33:15.3NZ,200,0.008302,success
2026-08-27T14:33:15.3NZ,200,0.008302,success
2026-08-27T14:33:15.3NZ,200,0.009639,success
2026-08-27T14:33:15.3NZ,200,0.009667,success
2026-08-27T14:33:15.3NZ,200,0.006556,success
2026-08-27T14:33:15.3NZ,200,0.006295,success
2026-08-27T14:33:15.3NZ,200,0.006761,success
2026-08-27T14:33:15.3NZ,200,0.006761,success
2026-08-27T14:33:15.3NZ,200,0.009398,success
2026-08-27T14:33:15.3NZ,200,0.009394,success
2026-08-27T14:33:15.3NZ,200,0.008795,success
2026-08-27T14:33:15.3NZ,200,0.008791,success
2026-08-27T14:33:15.3NZ,200,0.012609,success
2026-08-27T14:33:15.3NZ,200,0.012609,success
2026-08-27T14:33:16.3NZ,200,0.007652,success
2026-08-27T14:33:16.3NZ,200,0.007652,success
2026-08-27T14:33:16.3NZ,200,0.009957,success
2026-08-27T14:33:16.3NZ,200,0.009957,success
2026-08-27T14:33:16.3NZ,200,0.011027,success
2026-08-27T14:33:16.3NZ,200,0.011027,success
2026-08-27T14:33:16.3NZ,200,0.007748,success
2026-08-27T14:33:16.3NZ,200,0.007747,success
2026-08-27T14:33:16.3NZ,200,0.007769,success
2026-08-27T14:33:16.3NZ,200,0.007419,success
2026-08-27T14:33:16.3NZ,200,0.006494,success
2026-08-27T14:33:16.3NZ,200,0.006495,success
2026-08-27T14:33:16.3NZ,200,0.010478,success
2026-08-27T14:33:16.3NZ,200,0.010288,success
2026-08-27T14:33:17.3NZ,200,0.009675,success
2026-08-27T14:33:17.3NZ,200,0.009677,success
2026-08-27T14:33:17.3NZ,200,0.012338,success
2026-08-27T14:33:17.3NZ,200,0.012338,success
2026-08-27T14:33:17.3NZ,200,0.007232,success
2026-08-27T14:33:17.3NZ,200,0.007232,success
2026-08-27T14:33:17.3NZ,200,0.005765,success
2026-08-27T14:33:17.3NZ,200,0.005744,success
2026-08-27T14:33:17.3NZ,200,0.004670,success
2026-08-27T14:33:17.3NZ,200,0.004682,success
2026-08-27T14:33:17.3NZ,200,0.006886,success
2026-08-27T14:33:17.3NZ,200,0.006886,success
2026-08-27T14:33:18.3NZ,200,0.009576,success
2026-08-27T14:33:18.3NZ,200,0.009576,success
2026-08-27T14:33:18.3NZ,200,0.011369,success
2026-08-27T14:33:18.3NZ,200,0.011369,success
2026-08-27T14:33:18.3NZ,200,0.009516,success
2026-08-27T14:33:18.3NZ,200,0.009517,success
2026-08-27T14:33:18.3NZ,200,0.009225,success
2026-08-27T14:33:18.3NZ,200,0.009225,success
2026-08-27T14:33:18.3NZ,200,0.008632,success
2026-08-27T14:33:18.3NZ,200,0.008740,success
2026-08-27T14:33:18.3NZ,200,0.007785,success
2026-08-27T14:33:18.3NZ,200,0.007785,success
2026-08-27T14:33:18.3NZ,200,0.007890,success
2026-08-27T14:33:18.3NZ,200,0.008288,success
2026-08-27T14:33:19.3NZ,200,0.009862,success
2026-08-27T14:33:19.3NZ,200,0.009940,success
2026-08-27T14:33:19.3NZ,200,0.008656,success
2026-08-27T14:33:19.3NZ,200,0.008653,success
2026-08-27T14:33:19.3NZ,200,0.008089,success
2026-08-27T14:33:19.3NZ,200,0.008092,success
2026-08-27T14:33:19.3NZ,200,0.004318,success
2026-08-27T14:33:19.3NZ,200,0.006546,success
2026-08-27T14:33:19.3NZ,200,0.005699,success
2026-08-27T14:33:19.3NZ,200,0.005710,success
2026-08-27T14:33:19.3NZ,200,0.006332,success
2026-08-27T14:33:19.3NZ,200,0.007149,success
2026-08-27T14:33:19.3NZ,200,0.005549,success
2026-08-27T14:33:19.3NZ,200,0.004416,success
2026-08-27T14:33:20.3NZ,200,0.006562,success
2026-08-27T14:33:20.3NZ,200,0.005755,success
2026-08-27T14:33:20.3NZ,200,0.008322,success
2026-08-27T14:33:20.3NZ,200,0.008322,success
2026-08-27T14:33:20.3NZ,200,0.012257,success
2026-08-27T14:33:20.3NZ,200,0.012251,success
2026-08-27T14:33:20.3NZ,200,0.006753,success
2026-08-27T14:33:20.3NZ,200,0.006753,success
2026-08-27T14:33:20.3NZ,200,0.008013,success
2026-08-27T14:33:20.3NZ,200,0.008013,success
2026-08-27T14:33:20.3NZ,200,0.009534,success
2026-08-27T14:33:20.3NZ,200,0.009534,success
2026-08-27T14:33:21.3NZ,200,0.011014,success
2026-08-27T14:33:21.3NZ,200,0.011014,success
2026-08-27T14:33:21.3NZ,200,0.008858,success
2026-08-27T14:33:21.3NZ,200,0.008859,success
2026-08-27T14:33:21.3NZ,200,0.009053,success
2026-08-27T14:33:21.3NZ,200,0.009053,success
2026-08-27T14:33:21.3NZ,200,0.011010,success
2026-08-27T14:33:21.3NZ,200,0.011012,success
2026-08-27T14:33:21.3NZ,200,0.012170,success
2026-08-27T14:33:21.3NZ,200,0.012176,success
2026-08-27T14:33:21.3NZ,200,0.006911,success
2026-08-27T14:33:21.3NZ,200,0.008473,success
2026-08-27T14:33:21.3NZ,200,0.006892,success
2026-08-27T14:33:21.3NZ,200,0.006892,success
2026-08-27T14:33:22.3NZ,200,0.005453,success
2026-08-27T14:33:22.3NZ,200,0.004431,success
2026-08-27T14:33:22.3NZ,200,0.008363,success
2026-08-27T14:33:22.3NZ,200,0.008404,success
2026-08-27T14:33:22.3NZ,200,0.006022,success
2026-08-27T14:33:22.3NZ,200,0.006018,success
2026-08-27T14:33:22.3NZ,200,0.006240,success
2026-08-27T14:33:22.3NZ,200,0.006239,success
2026-08-27T14:33:22.3NZ,200,0.008793,success
2026-08-27T14:33:22.3NZ,200,0.008793,success
2026-08-27T14:33:22.3NZ,200,0.010512,success
2026-08-27T14:33:22.3NZ,200,0.009667,success
2026-08-27T14:33:22.3NZ,200,0.008971,success
2026-08-27T14:33:22.3NZ,200,0.008970,success
2026-08-27T14:33:23.3NZ,200,0.006851,success
2026-08-27T14:33:23.3NZ,200,0.006851,success
2026-08-27T14:33:23.3NZ,200,0.011268,success
2026-08-27T14:33:23.3NZ,200,0.011268,success
2026-08-27T14:33:23.3NZ,200,0.011935,success
2026-08-27T14:33:23.3NZ,200,0.011935,success
2026-08-27T14:33:23.3NZ,200,0.009522,success
2026-08-27T14:33:23.3NZ,200,0.009522,success
2026-08-27T14:33:23.3NZ,200,0.005959,success
2026-08-27T14:33:23.3NZ,200,0.006788,success
2026-08-27T14:33:23.3NZ,200,0.006703,success
2026-08-27T14:33:23.3NZ,200,0.005887,success
2026-08-27T14:33:23.3NZ,200,0.005933,success
2026-08-27T14:33:23.3NZ,200,0.005933,success
2026-08-27T14:33:24.3NZ,200,0.018358,success
2026-08-27T14:33:24.3NZ,200,0.023157,success
2026-08-27T14:33:24.3NZ,200,0.004891,success
2026-08-27T14:33:24.3NZ,200,0.004752,success
2026-08-27T14:33:24.3NZ,200,0.005719,success
2026-08-27T14:33:24.3NZ,200,0.004672,success
2026-08-27T14:33:24.3NZ,200,0.006424,success
2026-08-27T14:33:24.3NZ,200,0.007280,success
2026-08-27T14:33:24.3NZ,200,0.006443,success
2026-08-27T14:33:24.3NZ,200,0.006099,success
2026-08-27T14:33:24.3NZ,200,0.007205,success
2026-08-27T14:33:24.3NZ,200,0.007019,success
2026-08-27T14:33:24.3NZ,200,0.006608,success
2026-08-27T14:33:24.3NZ,200,0.007777,success
2026-08-27T14:33:25.3NZ,200,0.006744,success
2026-08-27T14:33:25.3NZ,200,0.006546,success
2026-08-27T14:33:25.3NZ,200,0.006632,success
2026-08-27T14:33:25.3NZ,200,0.004781,success
2026-08-27T14:33:25.3NZ,200,0.005250,success
2026-08-27T14:33:25.3NZ,200,0.005303,success
2026-08-27T14:33:25.3NZ,200,0.004432,success
2026-08-27T14:33:25.3NZ,200,0.003818,success
2026-08-27T14:33:25.3NZ,200,0.006774,success
2026-08-27T14:33:25.3NZ,200,0.006774,success
2026-08-27T14:33:25.3NZ,200,0.015207,success
2026-08-27T14:33:25.3NZ,200,0.014883,success
2026-08-27T14:33:25.3NZ,200,0.011340,success
2026-08-27T14:33:25.3NZ,200,0.011341,success
2026-08-27T14:33:26.3NZ,200,0.010808,success
2026-08-27T14:33:26.3NZ,200,0.010807,success
2026-08-27T14:33:26.3NZ,200,0.009317,success
2026-08-27T14:33:26.3NZ,200,0.009898,success
2026-08-27T14:33:26.3NZ,200,0.007878,success
2026-08-27T14:33:26.3NZ,200,0.007878,success
2026-08-27T14:33:26.3NZ,200,0.009198,success
2026-08-27T14:33:26.3NZ,200,0.007992,success
2026-08-27T14:33:26.3NZ,200,0.007652,success
2026-08-27T14:33:26.3NZ,200,0.008465,success
2026-08-27T14:33:26.3NZ,200,0.014196,success
2026-08-27T14:33:26.3NZ,200,0.013755,success
2026-08-27T14:33:27.3NZ,200,0.008494,success
2026-08-27T14:33:27.3NZ,200,0.008494,success
2026-08-27T14:33:27.3NZ,200,0.010358,success
2026-08-27T14:33:27.3NZ,200,0.010080,success
2026-08-27T14:33:27.3NZ,200,0.022998,success
2026-08-27T14:33:27.3NZ,200,0.022983,success
2026-08-27T14:33:27.3NZ,200,0.006282,success
2026-08-27T14:33:27.3NZ,200,0.006282,success
2026-08-27T14:33:27.3NZ,200,0.008062,success
2026-08-27T14:33:27.3NZ,200,0.008039,success
2026-08-27T14:33:27.3NZ,200,0.014075,success
2026-08-27T14:33:27.3NZ,200,0.014075,success
2026-08-27T14:33:28.3NZ,200,0.006562,success
2026-08-27T14:33:28.3NZ,200,0.006841,success
2026-08-27T14:33:28.3NZ,200,0.008027,success
2026-08-27T14:33:28.3NZ,200,0.008026,success
2026-08-27T14:33:28.3NZ,200,0.008241,success
2026-08-27T14:33:28.3NZ,200,0.007776,success
2026-08-27T14:33:28.3NZ,200,0.008784,success
2026-08-27T14:33:28.3NZ,200,0.008833,success
2026-08-27T14:33:28.3NZ,200,0.005822,success
2026-08-27T14:33:28.3NZ,200,0.006482,success
2026-08-27T14:33:28.3NZ,200,0.010113,success
2026-08-27T14:33:28.3NZ,200,0.010117,success
2026-08-27T14:33:28.3NZ,200,0.013453,success
2026-08-27T14:33:28.3NZ,200,0.013465,success
2026-08-27T14:33:29.3NZ,200,0.012082,success
2026-08-27T14:33:29.3NZ,200,0.012082,success
2026-08-27T14:33:29.3NZ,200,0.008130,success
2026-08-27T14:33:29.3NZ,200,0.008140,success
2026-08-27T14:33:29.3NZ,200,0.008091,success
2026-08-27T14:33:29.3NZ,200,0.006111,success
2026-08-27T14:33:29.3NZ,200,0.009529,success
2026-08-27T14:33:29.3NZ,200,0.009606,success
2026-08-27T14:33:29.3NZ,200,0.024606,success
2026-08-27T14:33:29.3NZ,200,0.022443,success
2026-08-27T14:33:29.3NZ,200,0.006775,success
2026-08-27T14:33:29.3NZ,200,0.005076,success
2026-08-27T14:33:30.3NZ,200,0.007042,success
2026-08-27T14:33:30.3NZ,200,0.004632,success
2026-08-27T14:33:30.3NZ,200,0.007117,success
2026-08-27T14:33:30.3NZ,200,0.007118,success
2026-08-27T14:33:30.3NZ,200,0.008246,success
2026-08-27T14:33:30.3NZ,200,0.007626,success
2026-08-27T14:33:30.3NZ,200,0.008911,success
2026-08-27T14:33:30.3NZ,200,0.008911,success
2026-08-27T14:33:30.3NZ,200,0.008983,success
2026-08-27T14:33:30.3NZ,200,0.008983,success
2026-08-27T14:33:30.3NZ,200,0.011479,success
2026-08-27T14:33:30.3NZ,200,0.011329,success
2026-08-27T14:33:30.3NZ,200,0.011917,success
2026-08-27T14:33:30.3NZ,200,0.011917,success
2026-08-27T14:33:31.3NZ,200,0.009996,success
2026-08-27T14:33:31.3NZ,200,0.010005,success
2026-08-27T14:33:31.3NZ,200,0.009393,success
2026-08-27T14:33:31.3NZ,200,0.009392,success
2026-08-27T14:33:31.3NZ,200,0.018692,success
2026-08-27T14:33:31.3NZ,200,0.018692,success
2026-08-27T14:33:31.3NZ,200,0.009766,success
2026-08-27T14:33:31.3NZ,200,0.010403,success
2026-08-27T14:33:31.3NZ,200,0.007930,success
2026-08-27T14:33:31.3NZ,200,0.007930,success
2026-08-27T14:33:31.3NZ,200,0.011952,success
2026-08-27T14:33:31.3NZ,200,0.011952,success
2026-08-27T14:33:31.3NZ,200,0.010540,success
2026-08-27T14:33:31.3NZ,200,0.010540,success
2026-08-27T14:33:32.3NZ,200,0.009878,success
2026-08-27T14:33:32.3NZ,200,0.009873,success
2026-08-27T14:33:32.3NZ,200,0.008553,success
2026-08-27T14:33:32.3NZ,200,0.008552,success
2026-08-27T14:33:32.3NZ,200,0.015243,success
2026-08-27T14:33:32.3NZ,200,0.015243,success
2026-08-27T14:33:32.3NZ,200,0.010804,success
2026-08-27T14:33:32.3NZ,200,0.010825,success
2026-08-27T14:33:32.3NZ,200,0.014004,success
2026-08-27T14:33:32.3NZ,200,0.012536,success
2026-08-27T14:33:32.3NZ,200,0.006527,success
2026-08-27T14:33:32.3NZ,200,0.005728,success
2026-08-27T14:33:33.3NZ,200,0.009125,success
2026-08-27T14:33:33.3NZ,200,0.007628,success
2026-08-27T14:33:33.3NZ,200,0.007160,success
2026-08-27T14:33:33.3NZ,200,0.009586,success
2026-08-27T14:33:33.3NZ,200,0.009163,success
2026-08-27T14:33:33.3NZ,200,0.006935,success
2026-08-27T14:33:33.3NZ,200,0.010096,success
2026-08-27T14:33:33.3NZ,200,0.010096,success
2026-08-27T14:33:33.3NZ,200,0.009270,success
2026-08-27T14:33:33.3NZ,200,0.009273,success
2026-08-27T14:33:33.3NZ,200,0.009404,success
2026-08-27T14:33:33.3NZ,200,0.009408,success
2026-08-27T14:33:33.3NZ,200,0.008052,success
2026-08-27T14:33:33.3NZ,200,0.008052,success
2026-08-27T14:33:34.3NZ,200,0.005369,success
2026-08-27T14:33:34.3NZ,200,0.004899,success
2026-08-27T14:33:34.3NZ,200,0.006701,success
2026-08-27T14:33:34.3NZ,200,0.006690,success
2026-08-27T14:33:34.3NZ,200,0.004421,success
2026-08-27T14:33:34.3NZ,200,0.003567,success
2026-08-27T14:33:34.3NZ,200,0.008659,success
2026-08-27T14:33:34.3NZ,200,0.005473,success
2026-08-27T14:33:34.3NZ,200,0.007853,success
2026-08-27T14:33:34.3NZ,200,0.007865,success
2026-08-27T14:33:34.3NZ,200,0.011424,success
2026-08-27T14:33:34.3NZ,200,0.011424,success
2026-08-27T14:33:34.3NZ,200,0.009429,success
2026-08-27T14:33:34.3NZ,200,0.009428,success
2026-08-27T14:33:35.3NZ,200,0.008339,success
2026-08-27T14:33:35.3NZ,200,0.008339,success
2026-08-27T14:33:35.3NZ,200,0.009665,success
2026-08-27T14:33:35.3NZ,200,0.009665,success
2026-08-27T14:33:35.3NZ,200,0.008319,success
2026-08-27T14:33:35.3NZ,200,0.007424,success
2026-08-27T14:33:35.3NZ,200,0.006776,success
2026-08-27T14:33:35.3NZ,200,0.006776,success
2026-08-27T14:33:35.3NZ,200,0.007462,success
2026-08-27T14:33:35.3NZ,200,0.007794,success
2026-08-27T14:33:35.3NZ,200,0.008547,success
2026-08-27T14:33:35.3NZ,200,0.008245,success
2026-08-27T14:33:35.3NZ,200,0.006797,success
2026-08-27T14:33:35.3NZ,200,0.005072,success
2026-08-27T14:33:36.3NZ,200,0.009374,success
2026-08-27T14:33:36.3NZ,200,0.009374,success
2026-08-27T14:33:36.3NZ,200,0.010030,success
2026-08-27T14:33:36.3NZ,200,0.010030,success
2026-08-27T14:33:36.3NZ,200,0.010238,success
2026-08-27T14:33:36.3NZ,200,0.010068,success
2026-08-27T14:33:36.3NZ,200,0.008541,success
2026-08-27T14:33:36.3NZ,200,0.008541,success
2026-08-27T14:33:36.3NZ,200,0.011911,success
2026-08-27T14:33:36.3NZ,200,0.011912,success
2026-08-27T14:33:36.3NZ,200,0.013754,success
2026-08-27T14:33:36.3NZ,200,0.013765,success
2026-08-27T14:33:37.3NZ,200,0.012080,success
2026-08-27T14:33:37.3NZ,200,0.012080,success
2026-08-27T14:33:37.3NZ,200,0.017675,success
2026-08-27T14:33:37.3NZ,200,0.020854,success
2026-08-27T14:33:37.3NZ,200,0.008999,success
2026-08-27T14:33:37.3NZ,200,0.008996,success
2026-08-27T14:33:37.3NZ,200,0.036051,success
2026-08-27T14:33:37.3NZ,200,0.041232,success
2026-08-27T14:33:37.3NZ,200,0.009590,success
2026-08-27T14:33:37.3NZ,200,0.009583,success
2026-08-27T14:33:37.3NZ,200,0.006966,success
2026-08-27T14:33:37.3NZ,200,0.007494,success
2026-08-27T14:33:38.3NZ,200,0.006012,success
2026-08-27T14:33:38.3NZ,200,0.006649,success
2026-08-27T14:33:38.3NZ,200,0.006998,success
2026-08-27T14:33:38.3NZ,200,0.007003,success
2026-08-27T14:33:38.3NZ,200,0.008364,success
2026-08-27T14:33:38.3NZ,200,0.008599,success
2026-08-27T14:33:38.3NZ,200,0.008986,success
2026-08-27T14:33:38.3NZ,200,0.008986,success
2026-08-27T14:33:38.3NZ,200,0.007547,success
2026-08-27T14:33:38.3NZ,200,0.008642,success
2026-08-27T14:33:38.3NZ,200,0.005389,success
2026-08-27T14:33:38.3NZ,200,0.004461,success
2026-08-27T14:33:38.3NZ,200,0.007764,success
2026-08-27T14:33:38.3NZ,200,0.007883,success
2026-08-27T14:33:39.3NZ,200,0.005888,success
2026-08-27T14:33:39.3NZ,200,0.005867,success
2026-08-27T14:33:39.3NZ,200,0.006202,success
2026-08-27T14:33:39.3NZ,200,0.006632,success
2026-08-27T14:33:39.3NZ,200,0.004342,success
2026-08-27T14:33:39.3NZ,200,0.003471,success
2026-08-27T14:33:39.3NZ,200,0.005125,success
2026-08-27T14:33:39.3NZ,200,0.005124,success
2026-08-27T14:33:39.3NZ,200,0.004956,success
2026-08-27T14:33:39.3NZ,200,0.005838,success
2026-08-27T14:33:39.3NZ,200,0.009707,success
2026-08-27T14:33:39.3NZ,200,0.009675,success
2026-08-27T14:33:39.3NZ,200,0.006071,success
2026-08-27T14:33:39.3NZ,200,0.006063,success
2026-08-27T14:33:40.3NZ,200,0.010659,success
2026-08-27T14:33:40.3NZ,200,0.010697,success
2026-08-27T14:33:40.3NZ,200,0.012440,success
2026-08-27T14:33:40.3NZ,200,0.012062,success
2026-08-27T14:33:40.3NZ,200,0.005969,success
2026-08-27T14:33:40.3NZ,200,0.005969,success
2026-08-27T14:33:40.3NZ,200,0.008227,success
2026-08-27T14:33:40.3NZ,200,0.008227,success
2026-08-27T14:33:40.3NZ,200,0.011825,success
2026-08-27T14:33:40.3NZ,200,0.011826,success
2026-08-27T14:33:40.3NZ,200,0.007611,success
2026-08-27T14:33:40.3NZ,200,0.007828,success
2026-08-27T14:33:41.3NZ,200,0.011456,success
2026-08-27T14:33:41.3NZ,200,0.011456,success
2026-08-27T14:33:41.3NZ,200,0.008655,success
2026-08-27T14:33:41.3NZ,200,0.008750,success
2026-08-27T14:33:41.3NZ,200,0.009883,success
2026-08-27T14:33:41.3NZ,200,0.009899,success
2026-08-27T14:33:41.3NZ,200,0.010734,success
2026-08-27T14:33:41.3NZ,200,0.011565,success
2026-08-27T14:33:41.3NZ,200,0.009581,success
2026-08-27T14:33:41.3NZ,200,0.009581,success
2026-08-27T14:33:41.3NZ,200,0.004625,success
2026-08-27T14:33:41.3NZ,200,0.004099,success
2026-08-27T14:33:41.3NZ,200,0.008490,success
2026-08-27T14:33:41.3NZ,200,0.008490,success
2026-08-27T14:33:42.3NZ,200,0.010881,success
2026-08-27T14:33:42.3NZ,200,0.010929,success
2026-08-27T14:33:42.3NZ,200,0.007768,success
2026-08-27T14:33:42.3NZ,200,0.007768,success
2026-08-27T14:33:42.3NZ,200,0.008878,success
2026-08-27T14:33:42.3NZ,200,0.012640,success
2026-08-27T14:33:42.3NZ,200,0.011686,success
2026-08-27T14:33:42.3NZ,200,0.011919,success
2026-08-27T14:33:42.3NZ,200,0.012709,success
2026-08-27T14:33:42.3NZ,200,0.012709,success
2026-08-27T14:33:42.3NZ,200,0.013880,success
2026-08-27T14:33:42.3NZ,200,0.013884,success
2026-08-27T14:33:42.3NZ,200,0.020989,success
2026-08-27T14:33:42.3NZ,200,0.020989,success
2026-08-27T14:33:43.3NZ,200,0.008547,success
2026-08-27T14:33:43.3NZ,200,0.008547,success
2026-08-27T14:33:43.3NZ,200,0.011885,success
2026-08-27T14:33:43.3NZ,200,0.011885,success
2026-08-27T14:33:43.3NZ,200,0.010505,success
2026-08-27T14:33:43.3NZ,200,0.010487,success
2026-08-27T14:33:43.3NZ,200,0.007539,success
2026-08-27T14:33:43.3NZ,200,0.007539,success
2026-08-27T14:33:43.3NZ,200,0.008994,success
2026-08-27T14:33:43.3NZ,200,0.008993,success
2026-08-27T14:33:43.3NZ,200,0.009454,success
2026-08-27T14:33:43.3NZ,200,0.009454,success
2026-08-27T14:33:44.3NZ,200,0.009697,success
2026-08-27T14:33:44.3NZ,200,0.010001,success
2026-08-27T14:33:44.3NZ,200,0.005431,success
2026-08-27T14:33:44.3NZ,200,0.003912,success
2026-08-27T14:33:44.3NZ,200,0.004947,success
2026-08-27T14:33:44.3NZ,200,0.004940,success
2026-08-27T14:33:44.3NZ,200,0.005585,success
2026-08-27T14:33:44.3NZ,200,0.005585,success
2026-08-27T14:33:44.3NZ,200,0.009304,success
2026-08-27T14:33:44.3NZ,200,0.008373,success
2026-08-27T14:33:44.3NZ,200,0.022008,success
2026-08-27T14:33:44.3NZ,200,0.022006,success
2026-08-27T14:33:44.3NZ,200,0.008935,success
2026-08-27T14:33:44.3NZ,200,0.008927,success
2026-08-27T14:33:45.3NZ,200,0.008955,success
2026-08-27T14:33:45.3NZ,200,0.008940,success
2026-08-27T14:33:45.3NZ,200,0.011052,success
2026-08-27T14:33:45.3NZ,200,0.011298,success
2026-08-27T14:33:45.3NZ,200,0.010678,success
2026-08-27T14:33:45.3NZ,200,0.010678,success
2026-08-27T14:33:45.3NZ,200,0.007839,success
2026-08-27T14:33:45.3NZ,200,0.008131,success
2026-08-27T14:33:45.3NZ,200,0.007695,success
2026-08-27T14:33:45.3NZ,200,0.007695,success
2026-08-27T14:33:45.3NZ,200,0.006427,success
2026-08-27T14:33:45.3NZ,200,0.006427,success
2026-08-27T14:33:45.3NZ,200,0.004927,success
2026-08-27T14:33:45.3NZ,200,0.004303,success
2026-08-27T14:33:46.3NZ,200,0.005093,success
2026-08-27T14:33:46.3NZ,200,0.003560,success
2026-08-27T14:33:46.3NZ,200,0.005865,success
2026-08-27T14:33:46.3NZ,200,0.004262,success
2026-08-27T14:33:46.3NZ,200,0.008245,success
2026-08-27T14:33:46.3NZ,200,0.008245,success
2026-08-27T14:33:46.3NZ,200,0.008024,success
2026-08-27T14:33:46.3NZ,200,0.008024,success
2026-08-27T14:33:46.3NZ,200,0.008134,success
2026-08-27T14:33:46.3NZ,200,0.008323,success
2026-08-27T14:33:46.3NZ,200,0.009136,success
2026-08-27T14:33:46.3NZ,200,0.009136,success
2026-08-27T14:33:46.3NZ,200,0.010663,success
2026-08-27T14:33:46.3NZ,200,0.010663,success
2026-08-27T14:33:47.3NZ,200,0.009283,success
2026-08-27T14:33:47.3NZ,200,0.009283,success
2026-08-27T14:33:47.3NZ,200,0.012298,success
2026-08-27T14:33:47.3NZ,200,0.012000,success
2026-08-27T14:33:47.3NZ,200,0.020661,success
2026-08-27T14:33:47.3NZ,200,0.020713,success
2026-08-27T14:33:47.3NZ,200,0.005089,success
2026-08-27T14:33:47.3NZ,200,0.004121,success
2026-08-27T14:33:47.3NZ,200,0.004187,success
2026-08-27T14:33:47.3NZ,200,0.005387,success
2026-08-27T14:33:47.3NZ,200,0.006164,success
2026-08-27T14:33:47.3NZ,200,0.006157,success
2026-08-27T14:33:47.3NZ,200,0.019814,success
2026-08-27T14:33:47.3NZ,200,0.020000,success
2026-08-27T14:33:48.3NZ,200,0.005868,success
2026-08-27T14:33:48.3NZ,200,0.005786,success
2026-08-27T14:33:48.3NZ,200,0.006573,success
2026-08-27T14:33:48.3NZ,200,0.007963,success
2026-08-27T14:33:48.3NZ,200,0.009506,success
2026-08-27T14:33:48.3NZ,200,0.009506,success
2026-08-27T14:33:48.3NZ,200,0.008139,success
2026-08-27T14:33:48.3NZ,200,0.008139,success
2026-08-27T14:33:48.3NZ,200,0.005354,success
2026-08-27T14:33:48.3NZ,200,0.004648,success
2026-08-27T14:33:48.3NZ,200,0.008295,success
2026-08-27T14:33:48.3NZ,200,0.008305,success
2026-08-27T14:33:49.3NZ,200,0.008053,success
2026-08-27T14:33:49.3NZ,200,0.008057,success
2026-08-27T14:33:49.3NZ,200,0.008498,success
2026-08-27T14:33:49.3NZ,200,0.008498,success
2026-08-27T14:33:49.3NZ,200,0.007539,success
2026-08-27T14:33:49.3NZ,200,0.004122,success
2026-08-27T14:33:49.3NZ,200,0.008462,success
2026-08-27T14:33:49.3NZ,200,0.008507,success
2026-08-27T14:33:49.3NZ,200,0.014504,success
2026-08-27T14:33:49.3NZ,200,0.015238,success
2026-08-27T14:33:49.3NZ,200,0.004503,success
2026-08-27T14:33:49.3NZ,200,0.005002,success
2026-08-27T14:33:49.3NZ,200,0.005987,success
2026-08-27T14:33:49.3NZ,200,0.004005,success
2026-08-27T14:33:50.3NZ,200,0.008771,success
2026-08-27T14:33:50.3NZ,200,0.006590,success
2026-08-27T14:33:50.3NZ,200,0.006585,success
2026-08-27T14:33:50.3NZ,200,0.005982,success
2026-08-27T14:33:50.3NZ,200,0.005773,success
2026-08-27T14:33:50.3NZ,200,0.005995,success
2026-08-27T14:33:50.3NZ,200,0.005058,success
2026-08-27T14:33:50.3NZ,200,0.005727,success
2026-08-27T14:33:50.3NZ,200,0.005101,success
2026-08-27T14:33:50.3NZ,200,0.006811,success
2026-08-27T14:33:50.3NZ,200,0.007961,success
2026-08-27T14:33:50.3NZ,200,0.005957,success
2026-08-27T14:33:50.3NZ,200,0.008658,success
2026-08-27T14:33:50.3NZ,200,0.008804,success
2026-08-27T14:33:51.3NZ,200,0.007922,success
2026-08-27T14:33:51.3NZ,200,0.009632,success
2026-08-27T14:33:51.3NZ,200,0.006427,success
2026-08-27T14:33:51.3NZ,200,0.006466,success
2026-08-27T14:33:51.3NZ,200,0.006060,success
2026-08-27T14:33:51.3NZ,200,0.004817,success
2026-08-27T14:33:51.3NZ,200,0.007122,success
2026-08-27T14:33:51.3NZ,200,0.006815,success
2026-08-27T14:33:51.3NZ,200,0.006783,success
2026-08-27T14:33:51.3NZ,200,0.005260,success
2026-08-27T14:33:51.3NZ,200,0.007373,success
2026-08-27T14:33:51.3NZ,200,0.007374,success
2026-08-27T14:33:51.3NZ,200,0.009039,success
2026-08-27T14:33:51.3NZ,200,0.009039,success
2026-08-27T14:33:52.3NZ,200,0.006349,success
2026-08-27T14:33:52.3NZ,200,0.006352,success
2026-08-27T14:33:52.3NZ,200,0.006279,success
2026-08-27T14:33:52.3NZ,200,0.006335,success
2026-08-27T14:33:52.3NZ,200,0.007010,success
2026-08-27T14:33:52.3NZ,200,0.007010,success
2026-08-27T14:33:52.3NZ,200,0.006428,success
2026-08-27T14:33:52.3NZ,200,0.006145,success
2026-08-27T14:33:52.3NZ,200,0.011977,success
2026-08-27T14:33:52.3NZ,200,0.011977,success
2026-08-27T14:33:52.3NZ,200,0.011546,success
2026-08-27T14:33:52.3NZ,200,0.011547,success
2026-08-27T14:33:52.3NZ,200,0.009148,success
2026-08-27T14:33:52.3NZ,200,0.009149,success
2026-08-27T14:33:53.3NZ,200,0.009380,success
2026-08-27T14:33:53.3NZ,200,0.009380,success
2026-08-27T14:33:53.3NZ,200,0.008826,success
2026-08-27T14:33:53.3NZ,200,0.008623,success
2026-08-27T14:33:53.3NZ,200,0.007377,success
2026-08-27T14:33:53.3NZ,200,0.007380,success
2026-08-27T14:33:53.3NZ,200,0.010215,success
2026-08-27T14:33:53.3NZ,200,0.010215,success
2026-08-27T14:33:53.3NZ,200,0.012123,success
2026-08-27T14:33:53.3NZ,200,0.012123,success
2026-08-27T14:33:53.3NZ,200,0.010510,success
2026-08-27T14:33:53.3NZ,200,0.010536,success
2026-08-27T14:33:54.3NZ,200,0.005998,success
2026-08-27T14:33:54.3NZ,200,0.006488,success
2026-08-27T14:33:54.3NZ,200,0.008067,success
2026-08-27T14:33:54.3NZ,200,0.005652,success
2026-08-27T14:33:54.3NZ,200,0.005139,success
2026-08-27T14:33:54.3NZ,200,0.004443,success
2026-08-27T14:33:54.3NZ,200,0.005428,success
2026-08-27T14:33:54.3NZ,200,0.013521,success
2026-08-27T14:33:54.3NZ,200,0.006212,success
2026-08-27T14:33:54.3NZ,200,0.006073,success
2026-08-27T14:33:54.3NZ,200,0.008088,success
2026-08-27T14:33:54.3NZ,200,0.006788,success
2026-08-27T14:33:54.3NZ,200,0.006470,success
2026-08-27T14:33:54.3NZ,200,0.007312,success
2026-08-27T14:33:55.3NZ,200,0.007211,success
2026-08-27T14:33:55.3NZ,200,0.008058,success
2026-08-27T14:33:55.3NZ,200,0.005705,success
2026-08-27T14:33:55.3NZ,200,0.007312,success
2026-08-27T14:33:55.3NZ,200,0.006923,success
2026-08-27T14:33:55.3NZ,200,0.008506,success
2026-08-27T14:33:55.3NZ,200,0.009695,success
2026-08-27T14:33:55.3NZ,200,0.008364,success
2026-08-27T14:33:55.3NZ,200,0.006313,success
2026-08-27T14:33:55.3NZ,200,0.006593,success
2026-08-27T14:33:55.3NZ,200,0.006054,success
2026-08-27T14:33:55.3NZ,200,0.007998,success
2026-08-27T14:33:55.3NZ,200,0.005715,success
2026-08-27T14:33:55.3NZ,200,0.006675,success
2026-08-27T14:33:56.3NZ,200,0.005760,success
2026-08-27T14:33:56.3NZ,200,0.004779,success
2026-08-27T14:33:56.3NZ,200,0.006556,success
2026-08-27T14:33:56.3NZ,200,0.006561,success
2026-08-27T14:33:56.3NZ,200,0.005483,success
2026-08-27T14:33:56.3NZ,200,0.006266,success
2026-08-27T14:33:56.3NZ,200,0.023907,success
2026-08-27T14:33:56.3NZ,200,0.022408,success
2026-08-27T14:33:56.3NZ,200,0.005292,success
2026-08-27T14:33:56.3NZ,200,0.004240,success
2026-08-27T14:33:56.3NZ,200,0.007720,success
2026-08-27T14:33:56.3NZ,200,0.007720,success
2026-08-27T14:33:56.3NZ,200,0.011454,success
2026-08-27T14:33:56.3NZ,200,0.011454,success
2026-08-27T14:33:57.3NZ,200,0.009205,success
2026-08-27T14:33:57.3NZ,200,0.009205,success
2026-08-27T14:33:57.3NZ,200,0.035458,success
2026-08-27T14:33:57.3NZ,200,0.035424,success
2026-08-27T14:33:57.3NZ,200,0.009825,success
2026-08-27T14:33:57.3NZ,200,0.009825,success
2026-08-27T14:33:57.3NZ,200,0.008122,success
2026-08-27T14:33:57.3NZ,200,0.008033,success
2026-08-27T14:33:57.3NZ,200,0.006107,success
2026-08-27T14:33:57.3NZ,200,0.005824,success
2026-08-27T14:33:57.3NZ,200,0.005580,success
2026-08-27T14:33:57.3NZ,200,0.005601,success
2026-08-27T14:33:58.3NZ,200,0.005288,success
2026-08-27T14:33:58.3NZ,200,0.005288,success
2026-08-27T14:33:58.3NZ,200,0.005015,success
2026-08-27T14:33:58.3NZ,200,0.005571,success
2026-08-27T14:33:58.3NZ,200,0.005774,success
2026-08-27T14:33:58.3NZ,200,0.005772,success
2026-08-27T14:33:58.3NZ,200,0.007919,success
2026-08-27T14:33:58.3NZ,200,0.008546,success
2026-08-27T14:33:58.3NZ,200,0.004488,success
2026-08-27T14:33:58.3NZ,200,0.003994,success
2026-08-27T14:33:58.3NZ,200,0.007263,success
2026-08-27T14:33:58.3NZ,200,0.007449,success
2026-08-27T14:33:58.3NZ,200,0.006363,success
2026-08-27T14:33:58.3NZ,200,0.006363,success
2026-08-27T14:33:59.3NZ,200,0.014190,success
2026-08-27T14:33:59.3NZ,200,0.014271,success
2026-08-27T14:33:59.3NZ,200,0.005859,success
2026-08-27T14:33:59.3NZ,200,0.005936,success
2026-08-27T14:33:59.3NZ,200,0.005876,success
2026-08-27T14:33:59.3NZ,200,0.006581,success
2026-08-27T14:33:59.3NZ,200,0.005272,success
2026-08-27T14:33:59.3NZ,200,0.005031,success
2026-08-27T14:33:59.3NZ,200,0.024028,success
2026-08-27T14:33:59.3NZ,200,0.020467,success
2026-08-27T14:33:59.3NZ,200,0.005165,success
2026-08-27T14:33:59.3NZ,200,0.005171,success
2026-08-27T14:33:59.3NZ,200,0.008234,success
2026-08-27T14:33:59.3NZ,200,0.008187,success
2026-08-27T14:34:00.3NZ,200,0.005215,success
2026-08-27T14:34:00.3NZ,200,0.004896,success
2026-08-27T14:34:00.3NZ,200,0.006088,success
2026-08-27T14:34:00.3NZ,200,0.006087,success
2026-08-27T14:34:00.3NZ,200,0.006717,success
2026-08-27T14:34:00.3NZ,200,0.006757,success
2026-08-27T14:34:00.3NZ,200,0.004125,success
2026-08-27T14:34:00.3NZ,200,0.005818,success
2026-08-27T14:34:00.3NZ,200,0.005957,success
2026-08-27T14:34:00.3NZ,200,0.005031,success
2026-08-27T14:34:00.3NZ,200,0.005777,success
2026-08-27T14:34:00.3NZ,200,0.005352,success
2026-08-27T14:34:00.3NZ,200,0.008513,success
2026-08-27T14:34:00.3NZ,200,0.006681,success
2026-08-27T14:34:01.3NZ,200,0.007472,success
2026-08-27T14:34:01.3NZ,200,0.006464,success
2026-08-27T14:34:01.3NZ,200,0.008497,success
2026-08-27T14:34:01.3NZ,200,0.006972,success
2026-08-27T14:34:01.3NZ,200,0.011594,success
2026-08-27T14:34:01.3NZ,200,0.008987,success
2026-08-27T14:34:01.3NZ,200,0.005077,success
2026-08-27T14:34:01.3NZ,200,0.004730,success
2026-08-27T14:34:01.3NZ,200,0.005981,success
2026-08-27T14:34:01.3NZ,200,0.007529,success
2026-08-27T14:34:01.3NZ,200,0.006471,success
2026-08-27T14:34:01.3NZ,200,0.005190,success
2026-08-27T14:34:02.3NZ,200,0.028836,success
2026-08-27T14:34:02.3NZ,200,0.028712,success
2026-08-27T14:34:02.3NZ,200,0.006947,success
2026-08-27T14:34:02.3NZ,200,0.006947,success
2026-08-27T14:34:02.3NZ,200,0.005496,success
2026-08-27T14:34:02.3NZ,200,0.004294,success
2026-08-27T14:34:02.3NZ,200,0.006071,success
2026-08-27T14:34:02.3NZ,200,0.006151,success
2026-08-27T14:34:02.3NZ,200,0.005931,success
2026-08-27T14:34:02.3NZ,200,0.007221,success
2026-08-27T14:34:02.3NZ,200,0.005501,success
2026-08-27T14:34:02.3NZ,200,0.005528,success
2026-08-27T14:34:03.3NZ,200,0.007203,success
2026-08-27T14:34:03.3NZ,200,0.007203,success
2026-08-27T14:34:03.3NZ,200,0.005479,success
2026-08-27T14:34:03.3NZ,200,0.006064,success
2026-08-27T14:34:03.3NZ,200,0.004747,success
2026-08-27T14:34:03.3NZ,200,0.005513,success
2026-08-27T14:34:03.3NZ,200,0.006201,success
2026-08-27T14:34:03.3NZ,200,0.006204,success
2026-08-27T14:34:03.3NZ,200,0.004799,success
2026-08-27T14:34:03.3NZ,200,0.004047,success
2026-08-27T14:34:03.3NZ,200,0.006172,success
2026-08-27T14:34:03.3NZ,200,0.004719,success
2026-08-27T14:34:03.3NZ,200,0.009504,success
2026-08-27T14:34:03.3NZ,200,0.008370,success
2026-08-27T14:34:03.3NZ,200,0.009493,success
2026-08-27T14:34:03.3NZ,200,0.008713,success
2026-08-27T14:34:04.3NZ,200,0.007873,success
2026-08-27T14:34:04.3NZ,200,0.005664,success
2026-08-27T14:34:04.3NZ,200,0.009579,success
2026-08-27T14:34:04.3NZ,200,0.008236,success
2026-08-27T14:34:04.3NZ,200,0.015369,success
2026-08-27T14:34:04.3NZ,200,0.015369,success
2026-08-27T14:34:04.3NZ,200,0.006379,success
2026-08-27T14:34:04.3NZ,200,0.005068,success
2026-08-27T14:34:04.3NZ,200,0.006191,success
2026-08-27T14:34:04.3NZ,200,0.006251,success
2026-08-27T14:34:04.3NZ,200,0.006278,success
2026-08-27T14:34:04.3NZ,200,0.005681,success
2026-08-27T14:34:04.3NZ,200,0.029609,success
2026-08-27T14:34:04.3NZ,200,0.030447,success
2026-08-27T14:34:05.3NZ,200,0.041845,success
2026-08-27T14:34:05.3NZ,200,0.048427,success
2026-08-27T14:34:05.3NZ,200,0.016844,success
2026-08-27T14:34:05.3NZ,200,0.010127,success
2026-08-27T14:34:05.3NZ,200,0.006970,success
2026-08-27T14:34:05.3NZ,200,0.007611,success
2026-08-27T14:34:05.3NZ,200,0.011048,success
2026-08-27T14:34:05.3NZ,200,0.007902,success
2026-08-27T14:34:05.3NZ,200,0.005233,success
2026-08-27T14:34:05.3NZ,200,0.004203,success
2026-08-27T14:34:05.3NZ,200,0.006458,success
2026-08-27T14:34:05.3NZ,200,0.006428,success
2026-08-27T14:34:06.3NZ,200,0.006708,success
2026-08-27T14:34:06.3NZ,200,0.006650,success
2026-08-27T14:34:06.3NZ,200,0.006213,success
2026-08-27T14:34:06.3NZ,200,0.007274,success
2026-08-27T14:34:06.3NZ,200,0.005759,success
2026-08-27T14:34:06.3NZ,200,0.005759,success
2026-08-27T14:34:06.3NZ,200,0.006065,success
2026-08-27T14:34:06.3NZ,200,0.006459,success
2026-08-27T14:34:06.3NZ,200,0.006810,success
2026-08-27T14:34:06.3NZ,200,0.006786,success
2026-08-27T14:34:06.3NZ,200,0.008042,success
2026-08-27T14:34:06.3NZ,200,0.008043,success
2026-08-27T14:34:06.3NZ,200,0.012974,success
2026-08-27T14:34:06.3NZ,200,0.012974,success
2026-08-27T14:34:07.3NZ,200,0.013499,success
2026-08-27T14:34:07.3NZ,200,0.013419,success
2026-08-27T14:34:07.3NZ,200,0.012997,success
2026-08-27T14:34:07.3NZ,200,0.012996,success
2026-08-27T14:34:07.3NZ,200,0.012537,success
2026-08-27T14:34:07.3NZ,200,0.013013,success
2026-08-27T14:34:07.3NZ,200,0.007139,success
2026-08-27T14:34:07.3NZ,200,0.004659,success
2026-08-27T14:34:07.3NZ,200,0.004993,success
2026-08-27T14:34:07.3NZ,200,0.004083,success
2026-08-27T14:34:07.3NZ,200,0.006645,success
2026-08-27T14:34:07.3NZ,200,0.006646,success
2026-08-27T14:34:07.3NZ,200,0.007963,success
2026-08-27T14:34:07.3NZ,200,0.007963,success
2026-08-27T14:34:08.3NZ,200,0.006224,success
2026-08-27T14:34:08.3NZ,200,0.004980,success
2026-08-27T14:34:08.3NZ,200,0.010857,success
2026-08-27T14:34:08.3NZ,200,0.010855,success
2026-08-27T14:34:08.3NZ,200,0.009393,success
2026-08-27T14:34:08.3NZ,200,0.009393,success
2026-08-27T14:34:08.3NZ,200,0.008105,success
2026-08-27T14:34:08.3NZ,200,0.008102,success
2026-08-27T14:34:08.3NZ,200,0.007925,success
2026-08-27T14:34:08.3NZ,200,0.007925,success
2026-08-27T14:34:08.3NZ,200,0.011132,success
2026-08-27T14:34:08.3NZ,200,0.011131,success
2026-08-27T14:34:08.3NZ,200,0.011558,success
2026-08-27T14:34:08.3NZ,200,0.011559,success
2026-08-27T14:34:09.3NZ,200,0.009399,success
2026-08-27T14:34:09.3NZ,200,0.009330,success
2026-08-27T14:34:09.3NZ,200,0.008781,success
2026-08-27T14:34:09.3NZ,200,0.008781,success
2026-08-27T14:34:09.3NZ,200,0.008263,success
2026-08-27T14:34:09.3NZ,200,0.008285,success
2026-08-27T14:34:09.3NZ,200,0.005880,success
2026-08-27T14:34:09.3NZ,200,0.005995,success
2026-08-27T14:34:09.3NZ,200,0.022242,success
2026-08-27T14:34:09.3NZ,200,0.021884,success
2026-08-27T14:34:09.3NZ,200,0.165346,success
2026-08-27T14:34:09.3NZ,200,0.054438,success
2026-08-27T14:34:10.3NZ,200,0.006269,success
2026-08-27T14:34:10.3NZ,200,0.006086,success
2026-08-27T14:34:10.3NZ,200,0.004804,success
2026-08-27T14:34:10.3NZ,200,0.004804,success
2026-08-27T14:34:10.3NZ,200,0.010559,success
2026-08-27T14:34:10.3NZ,200,0.010127,success
2026-08-27T14:34:10.3NZ,200,0.010852,success
2026-08-27T14:34:10.3NZ,200,0.012551,success
2026-08-27T14:34:10.3NZ,200,0.007309,success
2026-08-27T14:34:10.3NZ,200,0.007309,success
2026-08-27T14:34:11.3NZ,200,0.004753,success
2026-08-27T14:34:11.3NZ,200,0.005998,success
2026-08-27T14:34:11.3NZ,200,0.005896,success
2026-08-27T14:34:11.3NZ,200,0.005718,success
2026-08-27T14:34:11.3NZ,200,0.007600,success
2026-08-27T14:34:11.3NZ,200,0.007600,success
2026-08-27T14:34:11.3NZ,200,0.006745,success
2026-08-27T14:34:11.3NZ,200,0.006744,success
2026-08-27T14:34:11.3NZ,200,0.009187,success
2026-08-27T14:34:11.3NZ,200,0.009088,success
2026-08-27T14:34:11.3NZ,200,0.004431,success
2026-08-27T14:34:11.3NZ,200,0.005342,success
2026-08-27T14:34:11.3NZ,200,0.007067,success
2026-08-27T14:34:11.3NZ,200,0.007067,success
2026-08-27T14:34:12.3NZ,200,0.006516,success
2026-08-27T14:34:12.3NZ,200,0.006516,success
2026-08-27T14:34:12.3NZ,200,0.019374,success
2026-08-27T14:34:12.3NZ,200,0.019374,success
2026-08-27T14:34:12.3NZ,200,0.007589,success
2026-08-27T14:34:12.3NZ,200,0.007589,success
2026-08-27T14:34:12.3NZ,200,0.008197,success
2026-08-27T14:34:12.3NZ,200,0.008199,success
2026-08-27T14:34:12.3NZ,200,0.008103,success
2026-08-27T14:34:12.3NZ,200,0.008103,success
2026-08-27T14:34:12.3NZ,200,0.009787,success
2026-08-27T14:34:12.3NZ,200,0.009787,success
2026-08-27T14:34:12.3NZ,200,0.008628,success
2026-08-27T14:34:12.3NZ,200,0.005862,success
2026-08-27T14:34:13.3NZ,200,0.008980,success
2026-08-27T14:34:13.3NZ,200,0.007900,success
2026-08-27T14:34:13.3NZ,200,0.007160,success
2026-08-27T14:34:13.3NZ,200,0.005233,success
2026-08-27T14:34:13.3NZ,200,0.008044,success
2026-08-27T14:34:13.3NZ,200,0.007049,success
2026-08-27T14:34:13.3NZ,200,0.011305,success
2026-08-27T14:34:13.3NZ,200,0.011800,success
2026-08-27T14:34:13.3NZ,200,0.009528,success
2026-08-27T14:34:13.3NZ,200,0.009525,success
2026-08-27T14:34:13.3NZ,200,0.010121,success
2026-08-27T14:34:13.3NZ,200,0.010121,success
2026-08-27T14:34:13.3NZ,200,0.004695,success
2026-08-27T14:34:13.3NZ,200,0.005733,success
2026-08-27T14:34:14.3NZ,200,0.006435,success
2026-08-27T14:34:14.3NZ,200,0.006435,success
2026-08-27T14:34:14.3NZ,200,0.007934,success
2026-08-27T14:34:14.3NZ,200,0.007933,success
2026-08-27T14:34:14.3NZ,200,0.009307,success
2026-08-27T14:34:14.3NZ,200,0.009307,success
2026-08-27T14:34:14.3NZ,200,0.005824,success
2026-08-27T14:34:14.3NZ,200,0.006917,success
2026-08-27T14:34:14.3NZ,200,0.008592,success
2026-08-27T14:34:14.3NZ,200,0.008592,success
2026-08-27T14:34:14.3NZ,200,0.004902,success
2026-08-27T14:34:14.3NZ,200,0.005633,success
2026-08-27T14:34:14.3NZ,200,0.004357,success
2026-08-27T14:34:14.3NZ,200,0.004357,success
2026-08-27T14:34:15.3NZ,200,0.006759,success
2026-08-27T14:34:15.3NZ,200,0.006146,success
2026-08-27T14:34:15.3NZ,200,0.005405,success
2026-08-27T14:34:15.3NZ,200,0.005298,success
2026-08-27T14:34:15.3NZ,200,0.007254,success
2026-08-27T14:34:15.3NZ,200,0.007244,success
2026-08-27T14:34:15.3NZ,200,0.013304,success
2026-08-27T14:34:15.3NZ,200,0.013305,success
2026-08-27T14:34:15.3NZ,200,0.007476,success
2026-08-27T14:34:15.3NZ,200,0.007476,success
2026-08-27T14:34:15.3NZ,200,0.033670,success
2026-08-27T14:34:15.3NZ,200,0.039968,success
2026-08-27T14:34:16.3NZ,200,0.005606,success
2026-08-27T14:34:16.3NZ,200,0.004780,success
2026-08-27T14:34:16.3NZ,200,0.004699,success
2026-08-27T14:34:16.3NZ,200,0.004182,success
2026-08-27T14:34:16.3NZ,200,0.006276,success
2026-08-27T14:34:16.3NZ,200,0.004748,success
2026-08-27T14:34:16.3NZ,200,0.004988,success
2026-08-27T14:34:16.3NZ,200,0.004365,success
2026-08-27T14:34:16.3NZ,200,0.005169,success
2026-08-27T14:34:16.3NZ,200,0.004266,success
2026-08-27T14:34:16.3NZ,200,0.006738,success
2026-08-27T14:34:16.3NZ,200,0.006737,success
2026-08-27T14:34:16.3NZ,200,0.006946,success
2026-08-27T14:34:16.3NZ,200,0.005950,success
2026-08-27T14:34:16.3NZ,200,0.009112,success
2026-08-27T14:34:16.3NZ,200,0.008529,success
2026-08-27T14:34:17.3NZ,200,0.010872,success
2026-08-27T14:34:17.3NZ,200,0.011140,success
2026-08-27T14:34:17.3NZ,200,0.005424,success
2026-08-27T14:34:17.3NZ,200,0.005513,success
2026-08-27T14:34:17.3NZ,200,0.023698,success
2026-08-27T14:34:17.3NZ,200,0.023699,success
2026-08-27T14:34:17.3NZ,200,0.004689,success
2026-08-27T14:34:17.3NZ,200,0.004341,success
2026-08-27T14:34:17.3NZ,200,0.005248,success
2026-08-27T14:34:17.3NZ,200,0.005248,success
2026-08-27T14:34:17.3NZ,200,0.005979,success
2026-08-27T14:34:17.3NZ,200,0.004827,success
2026-08-27T14:34:18.3NZ,200,0.009955,success
2026-08-27T14:34:18.3NZ,200,0.009955,success
2026-08-27T14:34:18.3NZ,200,0.010213,success
2026-08-27T14:34:18.3NZ,200,0.010213,success
2026-08-27T14:34:18.3NZ,200,0.011074,success
2026-08-27T14:34:18.3NZ,200,0.011074,success
2026-08-27T14:34:18.3NZ,200,0.007748,success
2026-08-27T14:34:18.3NZ,200,0.013028,success
2026-08-27T14:34:18.3NZ,200,0.005227,success
2026-08-27T14:34:18.3NZ,200,0.004951,success
2026-08-27T14:34:18.3NZ,200,0.006616,success
2026-08-27T14:34:18.3NZ,200,0.006598,success
2026-08-27T14:34:18.3NZ,200,0.008386,success
2026-08-27T14:34:18.3NZ,200,0.008386,success
2026-08-27T14:34:19.3NZ,200,0.010590,success
2026-08-27T14:34:19.3NZ,200,0.010589,success
2026-08-27T14:34:19.3NZ,200,0.007678,success
2026-08-27T14:34:19.3NZ,200,0.007464,success
2026-08-27T14:34:19.3NZ,200,0.008845,success
2026-08-27T14:34:19.3NZ,200,0.008845,success
2026-08-27T14:34:19.3NZ,200,0.006791,success
2026-08-27T14:34:19.3NZ,200,0.009254,success
2026-08-27T14:34:19.3NZ,200,0.005749,success
2026-08-27T14:34:19.3NZ,200,0.006625,success
2026-08-27T14:34:19.3NZ,200,0.011078,success
2026-08-27T14:34:19.3NZ,200,0.011705,success
2026-08-27T14:34:19.3NZ,200,0.008259,success
2026-08-27T14:34:19.3NZ,200,0.007933,success
2026-08-27T14:34:20.3NZ,200,0.004835,success
2026-08-27T14:34:20.3NZ,200,0.004835,success
2026-08-27T14:34:20.3NZ,200,0.005681,success
2026-08-27T14:34:20.3NZ,200,0.005681,success
2026-08-27T14:34:20.3NZ,200,0.005554,success
2026-08-27T14:34:20.3NZ,200,0.005591,success
2026-08-27T14:34:20.3NZ,200,0.005915,success
2026-08-27T14:34:20.3NZ,200,0.005748,success
2026-08-27T14:34:20.3NZ,200,0.007776,success
2026-08-27T14:34:20.3NZ,200,0.007776,success
2026-08-27T14:34:20.3NZ,200,0.010334,success
2026-08-27T14:34:20.3NZ,200,0.010335,success
2026-08-27T14:34:20.3NZ,200,0.003905,success
2026-08-27T14:34:20.3NZ,200,0.005037,success
2026-08-27T14:34:21.3NZ,200,0.005038,success
2026-08-27T14:34:21.3NZ,200,0.004274,success
2026-08-27T14:34:21.3NZ,200,0.004058,success
2026-08-27T14:34:21.3NZ,200,0.005437,success
2026-08-27T14:34:21.3NZ,200,0.005830,success
2026-08-27T14:34:21.3NZ,200,0.005830,success
2026-08-27T14:34:21.3NZ,200,0.038565,success
2026-08-27T14:34:21.3NZ,200,0.039169,success
2026-08-27T14:34:21.3NZ,200,0.004598,success
2026-08-27T14:34:21.3NZ,200,0.004598,success
2026-08-27T14:34:21.3NZ,200,0.004553,success
2026-08-27T14:34:21.3NZ,200,0.004357,success
2026-08-27T14:34:22.3NZ,200,0.006671,success
2026-08-27T14:34:22.3NZ,200,0.006671,success
2026-08-27T14:34:22.3NZ,200,0.007634,success
2026-08-27T14:34:22.3NZ,200,0.007634,success
2026-08-27T14:34:22.3NZ,200,0.005503,success
2026-08-27T14:34:22.3NZ,200,0.005503,success
2026-08-27T14:34:22.3NZ,200,0.007552,success
2026-08-27T14:34:22.3NZ,200,0.007548,success
2026-08-27T14:34:22.3NZ,200,0.009642,success
2026-08-27T14:34:22.3NZ,200,0.009642,success
2026-08-27T14:34:22.3NZ,200,0.007378,success
2026-08-27T14:34:22.3NZ,200,0.007378,success
2026-08-27T14:34:22.3NZ,200,0.009467,success
2026-08-27T14:34:22.3NZ,200,0.009467,success
2026-08-27T14:34:23.3NZ,200,0.009310,success
2026-08-27T14:34:23.3NZ,200,0.009310,success
2026-08-27T14:34:23.3NZ,200,0.010448,success
2026-08-27T14:34:23.3NZ,200,0.010448,success
2026-08-27T14:34:23.3NZ,200,0.007733,success
2026-08-27T14:34:23.3NZ,200,0.007733,success
2026-08-27T14:34:23.3NZ,200,0.012203,success
2026-08-27T14:34:23.3NZ,200,0.012183,success
2026-08-27T14:34:23.3NZ,200,0.007897,success
2026-08-27T14:34:23.3NZ,200,0.007897,success
2026-08-27T14:34:23.3NZ,200,0.029504,success
2026-08-27T14:34:23.3NZ,200,0.032132,success
2026-08-27T14:34:24.3NZ,200,0.009880,success
2026-08-27T14:34:24.3NZ,200,0.009794,success
2026-08-27T14:34:24.3NZ,200,0.005619,success
2026-08-27T14:34:24.3NZ,200,0.005620,success
2026-08-27T14:34:24.3NZ,200,0.007002,success
2026-08-27T14:34:24.3NZ,200,0.007009,success
2026-08-27T14:34:24.3NZ,200,0.009053,success
2026-08-27T14:34:24.3NZ,200,0.007161,success
2026-08-27T14:34:24.3NZ,200,0.005230,success
2026-08-27T14:34:24.3NZ,200,0.004133,success
2026-08-27T14:34:24.3NZ,200,0.008736,success
2026-08-27T14:34:24.3NZ,200,0.008390,success
2026-08-27T14:34:24.3NZ,200,0.010281,success
2026-08-27T14:34:24.3NZ,200,0.009872,success
2026-08-27T14:34:24.3NZ,200,0.005864,success
2026-08-27T14:34:24.3NZ,200,0.005864,success
2026-08-27T14:34:25.3NZ,200,0.004674,success
2026-08-27T14:34:25.3NZ,200,0.004585,success
2026-08-27T14:34:25.3NZ,200,0.007709,success
2026-08-27T14:34:25.3NZ,200,0.007708,success
2026-08-27T14:34:25.3NZ,200,0.007002,success
2026-08-27T14:34:25.3NZ,200,0.007002,success
2026-08-27T14:34:25.3NZ,200,0.007630,success
2026-08-27T14:34:25.3NZ,200,0.007646,success
2026-08-27T14:34:25.3NZ,200,0.006192,success
2026-08-27T14:34:25.3NZ,200,0.007454,success
2026-08-27T14:34:25.3NZ,200,0.009913,success
2026-08-27T14:34:25.3NZ,200,0.009913,success
2026-08-27T14:34:26.3NZ,200,0.009704,success
2026-08-27T14:34:26.3NZ,200,0.009707,success
2026-08-27T14:34:26.3NZ,200,0.009028,success
2026-08-27T14:34:26.3NZ,200,0.009028,success
2026-08-27T14:34:26.3NZ,200,0.009480,success
2026-08-27T14:34:26.3NZ,200,0.009476,success
2026-08-27T14:34:26.3NZ,200,0.010586,success
2026-08-27T14:34:26.3NZ,200,0.010586,success
2026-08-27T14:34:26.3NZ,200,0.007655,success
2026-08-27T14:34:26.3NZ,200,0.007655,success
2026-08-27T14:34:26.3NZ,200,0.006286,success
2026-08-27T14:34:26.3NZ,200,0.006643,success
2026-08-27T14:34:26.3NZ,200,0.006692,success
2026-08-27T14:34:26.3NZ,200,0.006689,success
2026-08-27T14:34:27.3NZ,200,0.007797,success
2026-08-27T14:34:27.3NZ,200,0.007797,success
2026-08-27T14:34:27.3NZ,200,0.010162,success
2026-08-27T14:34:27.3NZ,200,0.010005,success
2026-08-27T14:34:27.3NZ,200,0.006591,success
2026-08-27T14:34:27.3NZ,200,0.005774,success
2026-08-27T14:34:27.3NZ,200,0.005898,success
2026-08-27T14:34:27.3NZ,200,0.005838,success
2026-08-27T14:34:27.3NZ,200,0.007049,success
2026-08-27T14:34:27.3NZ,200,0.005214,success
2026-08-27T14:34:27.3NZ,200,0.009935,success
2026-08-27T14:34:27.3NZ,200,0.009935,success
2026-08-27T14:34:27.3NZ,200,0.012807,success
2026-08-27T14:34:27.3NZ,200,0.012807,success
2026-08-27T14:34:28.3NZ,200,0.009600,success
2026-08-27T14:34:28.3NZ,200,0.009600,success
2026-08-27T14:34:28.3NZ,200,0.010939,success
2026-08-27T14:34:28.3NZ,200,0.010939,success
2026-08-27T14:34:28.3NZ,200,0.008750,success
2026-08-27T14:34:28.3NZ,200,0.008750,success
2026-08-27T14:34:28.3NZ,200,0.008392,success
2026-08-27T14:34:28.3NZ,200,0.008392,success
2026-08-27T14:34:28.3NZ,200,0.008713,success
2026-08-27T14:34:28.3NZ,200,0.008713,success
2026-08-27T14:34:28.3NZ,200,0.009369,success
2026-08-27T14:34:28.3NZ,200,0.009369,success
2026-08-27T14:34:28.3NZ,200,0.009299,success
2026-08-27T14:34:28.3NZ,200,0.009299,success
2026-08-27T14:34:29.3NZ,200,0.008070,success
2026-08-27T14:34:29.3NZ,200,0.008071,success
2026-08-27T14:34:29.3NZ,200,0.010865,success
2026-08-27T14:34:29.3NZ,200,0.010865,success
2026-08-27T14:34:29.3NZ,200,0.008197,success
2026-08-27T14:34:29.3NZ,200,0.008197,success
2026-08-27T14:34:29.3NZ,200,0.008316,success
2026-08-27T14:34:29.3NZ,200,0.008316,success
2026-08-27T14:34:29.3NZ,200,0.006592,success
2026-08-27T14:34:29.3NZ,200,0.006592,success
2026-08-27T14:34:29.3NZ,200,0.005300,success
2026-08-27T14:34:29.3NZ,200,0.005300,success
2026-08-27T14:34:29.3NZ,200,0.006235,success
2026-08-27T14:34:29.3NZ,200,0.006685,success
2026-08-27T14:34:30.3NZ,200,0.010210,success
2026-08-27T14:34:30.3NZ,200,0.010210,success
2026-08-27T14:34:30.3NZ,200,0.008196,success
2026-08-27T14:34:30.3NZ,200,0.008196,success
2026-08-27T14:34:30.3NZ,200,0.012265,success
2026-08-27T14:34:30.3NZ,200,0.010781,success
2026-08-27T14:34:30.3NZ,200,0.011327,success
2026-08-27T14:34:30.3NZ,200,0.011327,success
2026-08-27T14:34:30.3NZ,200,0.015879,success
2026-08-27T14:34:30.3NZ,200,0.015872,success
2026-08-27T14:34:30.3NZ,200,0.013643,success
2026-08-27T14:34:30.3NZ,200,0.013643,success
2026-08-27T14:34:31.3NZ,200,0.009768,success
2026-08-27T14:34:31.3NZ,200,0.009768,success
2026-08-27T14:34:31.3NZ,200,0.008562,success
2026-08-27T14:34:31.3NZ,200,0.008562,success
2026-08-27T14:34:31.3NZ,200,0.008959,success
2026-08-27T14:34:31.3NZ,200,0.010028,success
2026-08-27T14:34:31.3NZ,200,0.010260,success
2026-08-27T14:34:31.3NZ,200,0.009026,success
2026-08-27T14:34:31.3NZ,200,0.011227,success
2026-08-27T14:34:31.3NZ,200,0.011227,success
2026-08-27T14:34:31.3NZ,200,0.014231,success
2026-08-27T14:34:31.3NZ,200,0.014231,success
2026-08-27T14:34:31.3NZ,200,0.013822,success
2026-08-27T14:34:31.3NZ,200,0.013822,success
2026-08-27T14:34:32.3NZ,200,0.006143,success
2026-08-27T14:34:32.3NZ,200,0.006185,success
2026-08-27T14:34:32.3NZ,200,0.005646,success
2026-08-27T14:34:32.3NZ,200,0.005646,success
2026-08-27T14:34:32.3NZ,200,0.007115,success
2026-08-27T14:34:32.3NZ,200,0.007133,success
2026-08-27T14:34:32.3NZ,200,0.004695,success
2026-08-27T14:34:32.3NZ,200,0.004300,success
2026-08-27T14:34:32.3NZ,200,0.007979,success
2026-08-27T14:34:32.3NZ,200,0.007875,success
2026-08-27T14:34:32.3NZ,200,0.008720,success
2026-08-27T14:34:32.3NZ,200,0.008720,success
2026-08-27T14:34:33.3NZ,200,0.010420,success
2026-08-27T14:34:33.3NZ,200,0.010420,success
2026-08-27T14:34:33.3NZ,200,0.005067,success
2026-08-27T14:34:33.3NZ,200,0.003999,success
2026-08-27T14:34:33.3NZ,200,0.005434,success
2026-08-27T14:34:33.3NZ,200,0.004148,success
2026-08-27T14:34:33.3NZ,200,0.005250,success
2026-08-27T14:34:33.3NZ,200,0.004381,success
2026-08-27T14:34:33.3NZ,200,0.005370,success
2026-08-27T14:34:33.3NZ,200,0.003899,success
2026-08-27T14:34:33.3NZ,200,0.008639,success
2026-08-27T14:34:33.3NZ,200,0.006283,success
2026-08-27T14:34:33.3NZ,200,0.014199,success
2026-08-27T14:34:33.3NZ,200,0.014199,success
2026-08-27T14:34:34.3NZ,200,0.013802,success
2026-08-27T14:34:34.3NZ,200,0.013806,success
2026-08-27T14:34:34.3NZ,200,0.008178,success
2026-08-27T14:34:34.3NZ,200,0.008165,success
2026-08-27T14:34:34.3NZ,200,0.008738,success
2026-08-27T14:34:34.3NZ,200,0.008738,success
2026-08-27T14:34:34.3NZ,200,0.009823,success
2026-08-27T14:34:34.3NZ,200,0.009825,success
2026-08-27T14:34:34.3NZ,200,0.007502,success
2026-08-27T14:34:34.3NZ,200,0.008132,success
2026-08-27T14:34:34.3NZ,200,0.011281,success
2026-08-27T14:34:34.3NZ,200,0.009995,success
2026-08-27T14:34:34.3NZ,200,0.011871,success
2026-08-27T14:34:34.3NZ,200,0.010502,success
2026-08-27T14:34:35.3NZ,200,0.008881,success
2026-08-27T14:34:35.3NZ,200,0.008880,success
2026-08-27T14:34:35.3NZ,200,0.007407,success
2026-08-27T14:34:35.3NZ,200,0.007407,success
2026-08-27T14:34:35.3NZ,200,0.006699,success
2026-08-27T14:34:35.3NZ,200,0.006695,success
2026-08-27T14:34:35.3NZ,200,0.005274,success
2026-08-27T14:34:35.3NZ,200,0.004761,success
2026-08-27T14:34:35.3NZ,200,0.008307,success
2026-08-27T14:34:35.3NZ,200,0.007450,success
2026-08-27T14:34:35.3NZ,200,0.010739,success
2026-08-27T14:34:35.3NZ,200,0.010738,success
2026-08-27T14:34:35.3NZ,200,0.007675,success
2026-08-27T14:34:35.3NZ,200,0.007677,success
2026-08-27T14:34:36.3NZ,200,0.008239,success
2026-08-27T14:34:36.3NZ,200,0.008748,success
2026-08-27T14:34:36.3NZ,200,0.005049,success
2026-08-27T14:34:36.3NZ,200,0.004966,success
2026-08-27T14:34:36.3NZ,200,0.005196,success
2026-08-27T14:34:36.3NZ,200,0.005196,success
2026-08-27T14:34:36.3NZ,200,0.011668,success
2026-08-27T14:34:36.3NZ,200,0.011658,success
2026-08-27T14:34:36.3NZ,200,0.010824,success
2026-08-27T14:34:36.3NZ,200,0.010824,success
2026-08-27T14:34:36.3NZ,200,0.007034,success
2026-08-27T14:34:36.3NZ,200,0.007163,success
2026-08-27T14:34:36.3NZ,200,0.005709,success
2026-08-27T14:34:36.3NZ,200,0.005521,success
2026-08-27T14:34:37.3NZ,200,0.004347,success
2026-08-27T14:34:37.3NZ,200,0.003992,success
2026-08-27T14:34:37.3NZ,200,0.034615,success
2026-08-27T14:34:37.3NZ,200,0.031110,success
2026-08-27T14:34:37.3NZ,200,0.005459,success
2026-08-27T14:34:37.3NZ,200,0.004000,success
2026-08-27T14:34:37.3NZ,200,0.005394,success
2026-08-27T14:34:37.3NZ,200,0.005310,success
2026-08-27T14:34:37.3NZ,200,0.006317,success
2026-08-27T14:34:37.3NZ,200,0.006357,success
2026-08-27T14:34:37.3NZ,200,0.008607,success
2026-08-27T14:34:37.3NZ,200,0.008606,success
2026-08-27T14:34:37.3NZ,200,0.007922,success
2026-08-27T14:34:37.3NZ,200,0.007672,success
2026-08-27T14:34:38.3NZ,200,0.008241,success
2026-08-27T14:34:38.3NZ,200,0.008242,success
2026-08-27T14:34:38.3NZ,200,0.007657,success
2026-08-27T14:34:38.3NZ,200,0.007656,success
2026-08-27T14:34:38.3NZ,200,0.007967,success
2026-08-27T14:34:38.3NZ,200,0.007036,success
2026-08-27T14:34:38.3NZ,200,0.005615,success
2026-08-27T14:34:38.3NZ,200,0.004236,success
2026-08-27T14:34:38.3NZ,200,0.005364,success
2026-08-27T14:34:38.3NZ,200,0.005038,success
2026-08-27T14:34:38.3NZ,200,0.008955,success
2026-08-27T14:34:38.3NZ,200,0.008954,success
2026-08-27T14:34:38.3NZ,200,0.012077,success
2026-08-27T14:34:38.3NZ,200,0.013387,success
2026-08-27T14:34:39.3NZ,200,0.006003,success
2026-08-27T14:34:39.3NZ,200,0.005999,success
2026-08-27T14:34:39.3NZ,200,0.013690,success
2026-08-27T14:34:39.3NZ,200,0.009416,success
2026-08-27T14:34:39.3NZ,200,0.011754,success
2026-08-27T14:34:39.3NZ,200,0.011710,success
2026-08-27T14:34:39.3NZ,200,0.009461,success
2026-08-27T14:34:39.3NZ,200,0.009461,success
2026-08-27T14:34:39.3NZ,200,0.006494,success
2026-08-27T14:34:39.3NZ,200,0.006367,success
2026-08-27T14:34:39.3NZ,200,0.005263,success
2026-08-27T14:34:39.3NZ,200,0.004658,success
2026-08-27T14:34:39.3NZ,200,0.006623,success
2026-08-27T14:34:39.3NZ,200,0.006623,success
2026-08-27T14:34:40.3NZ,200,0.011622,success
2026-08-27T14:34:40.3NZ,200,0.011619,success
2026-08-27T14:34:40.3NZ,200,0.008004,success
2026-08-27T14:34:40.3NZ,200,0.008004,success
2026-08-27T14:34:40.3NZ,200,0.010182,success
2026-08-27T14:34:40.3NZ,200,0.010182,success
2026-08-27T14:34:40.3NZ,200,0.008130,success
2026-08-27T14:34:40.3NZ,200,0.008134,success
2026-08-27T14:34:40.3NZ,200,0.017624,success
2026-08-27T14:34:40.3NZ,200,0.017714,success
2026-08-27T14:34:40.3NZ,200,0.009016,success
2026-08-27T14:34:40.3NZ,200,0.009016,success
2026-08-27T14:34:41.3NZ,200,0.007372,success
2026-08-27T14:34:41.3NZ,200,0.007372,success
2026-08-27T14:34:41.3NZ,200,0.007744,success
2026-08-27T14:34:41.3NZ,200,0.006360,success
2026-08-27T14:34:41.3NZ,200,0.009025,success
2026-08-27T14:34:41.3NZ,200,0.009025,success
2026-08-27T14:34:41.3NZ,200,0.009754,success
2026-08-27T14:34:41.3NZ,200,0.009754,success
2026-08-27T14:34:41.3NZ,200,0.006871,success
2026-08-27T14:34:41.3NZ,200,0.007954,success
2026-08-27T14:34:41.3NZ,200,0.006703,success
2026-08-27T14:34:41.3NZ,200,0.006703,success
2026-08-27T14:34:41.3NZ,200,0.005387,success
2026-08-27T14:34:41.3NZ,200,0.005371,success
2026-08-27T14:34:42.3NZ,200,0.006086,success
2026-08-27T14:34:42.3NZ,200,0.006439,success
2026-08-27T14:34:42.3NZ,200,0.008518,success
2026-08-27T14:34:42.3NZ,200,0.008518,success
2026-08-27T14:34:42.3NZ,200,0.012520,success
2026-08-27T14:34:42.3NZ,200,0.012435,success
2026-08-27T14:34:42.3NZ,200,0.004456,success
2026-08-27T14:34:42.3NZ,200,0.004656,success
2026-08-27T14:34:42.3NZ,200,0.005717,success
2026-08-27T14:34:42.3NZ,200,0.004741,success
2026-08-27T14:34:42.3NZ,200,0.011643,success
2026-08-27T14:34:42.3NZ,200,0.011643,success
2026-08-27T14:34:42.3NZ,200,0.013180,success
2026-08-27T14:34:42.3NZ,200,0.013245,success
2026-08-27T14:34:43.3NZ,200,0.012609,success
2026-08-27T14:34:43.3NZ,200,0.012660,success
2026-08-27T14:34:43.3NZ,200,0.010792,success
2026-08-27T14:34:43.3NZ,200,0.009722,success
2026-08-27T14:34:43.3NZ,200,0.008387,success
2026-08-27T14:34:43.3NZ,200,0.008387,success
2026-08-27T14:34:43.3NZ,200,0.006348,success
2026-08-27T14:34:43.3NZ,200,0.006084,success
2026-08-27T14:34:43.3NZ,200,0.005378,success
2026-08-27T14:34:43.3NZ,200,0.004721,success
2026-08-27T14:34:43.3NZ,200,0.005382,success
2026-08-27T14:34:43.3NZ,200,0.004974,success
2026-08-27T14:34:43.3NZ,200,0.004682,success
2026-08-27T14:34:43.3NZ,200,0.004174,success
2026-08-27T14:34:44.3NZ,200,0.006692,success
2026-08-27T14:34:44.3NZ,200,0.005647,success
2026-08-27T14:34:44.3NZ,200,0.009515,success
2026-08-27T14:34:44.3NZ,200,0.007065,success
2026-08-27T14:34:44.3NZ,200,0.010144,success
2026-08-27T14:34:44.3NZ,200,0.010142,success
2026-08-27T14:34:44.3NZ,200,0.012214,success
2026-08-27T14:34:44.3NZ,200,0.009923,success
2026-08-27T14:34:44.3NZ,200,0.012653,success
2026-08-27T14:34:44.3NZ,200,0.012818,success
2026-08-27T14:34:44.3NZ,200,0.017662,success
2026-08-27T14:34:44.3NZ,200,0.017635,success
2026-08-27T14:34:44.3NZ,200,0.005482,success
2026-08-27T14:34:44.3NZ,200,0.006637,success
2026-08-27T14:34:45.3NZ,200,0.007648,success
2026-08-27T14:34:45.3NZ,200,0.006499,success
2026-08-27T14:34:45.3NZ,200,0.006940,success
2026-08-27T14:34:45.3NZ,200,0.006002,success
2026-08-27T14:34:45.3NZ,200,0.008152,success
2026-08-27T14:34:45.3NZ,200,0.008152,success
2026-08-27T14:34:45.3NZ,200,0.003732,success
2026-08-27T14:34:45.3NZ,200,0.003749,success
2026-08-27T14:34:45.3NZ,200,0.005614,success
2026-08-27T14:34:45.3NZ,200,0.005614,success
2026-08-27T14:34:45.3NZ,200,0.006467,success
2026-08-27T14:34:45.3NZ,200,0.004567,success
2026-08-27T14:34:45.3NZ,200,0.009214,success
2026-08-27T14:34:45.3NZ,200,0.009591,success
2026-08-27T14:34:46.3NZ,200,0.010428,success
2026-08-27T14:34:46.3NZ,200,0.010428,success
2026-08-27T14:34:46.3NZ,200,0.006414,success
2026-08-27T14:34:46.3NZ,200,0.006419,success
2026-08-27T14:34:46.3NZ,200,0.008123,success
2026-08-27T14:34:46.3NZ,200,0.008331,success
2026-08-27T14:34:46.3NZ,200,0.007825,success
2026-08-27T14:34:46.3NZ,200,0.007824,success
2026-08-27T14:34:46.3NZ,200,0.007186,success
2026-08-27T14:34:46.3NZ,200,0.007696,success
2026-08-27T14:34:46.3NZ,200,0.006217,success
2026-08-27T14:34:46.3NZ,200,0.006692,success
2026-08-27T14:34:46.3NZ,200,0.006720,success
2026-08-27T14:34:46.3NZ,200,0.006682,success
2026-08-27T14:34:47.3NZ,200,0.005068,success
2026-08-27T14:34:47.3NZ,200,0.005978,success
2026-08-27T14:34:47.3NZ,200,0.011546,success
2026-08-27T14:34:47.3NZ,200,0.011642,success
2026-08-27T14:34:47.3NZ,200,0.006405,success
2026-08-27T14:34:47.3NZ,200,0.006318,success
2026-08-27T14:34:47.3NZ,200,0.020473,success
2026-08-27T14:34:47.3NZ,200,0.019049,success
2026-08-27T14:34:47.3NZ,200,0.005507,success
2026-08-27T14:34:47.3NZ,200,0.005137,success
2026-08-27T14:34:47.3NZ,200,0.003853,success
2026-08-27T14:34:47.3NZ,200,0.003933,success
2026-08-27T14:34:47.3NZ,200,0.007277,success
2026-08-27T14:34:47.3NZ,200,0.007277,success
2026-08-27T14:34:48.3NZ,200,0.010024,success
2026-08-27T14:34:48.3NZ,200,0.010025,success
2026-08-27T14:34:48.3NZ,200,0.012395,success
2026-08-27T14:34:48.3NZ,200,0.012393,success
2026-08-27T14:34:48.3NZ,200,0.008054,success
2026-08-27T14:34:48.3NZ,200,0.008054,success
2026-08-27T14:34:48.3NZ,200,0.007994,success
2026-08-27T14:34:48.3NZ,200,0.007993,success
2026-08-27T14:34:48.3NZ,200,0.007081,success
2026-08-27T14:34:48.3NZ,200,0.007075,success
2026-08-27T14:34:48.3NZ,200,0.013899,success
2026-08-27T14:34:48.3NZ,200,0.013899,success
2026-08-27T14:34:48.3NZ,200,0.007630,success
2026-08-27T14:34:48.3NZ,200,0.007946,success
2026-08-27T14:34:49.3NZ,200,0.006938,success
2026-08-27T14:34:49.3NZ,200,0.007426,success
2026-08-27T14:34:49.3NZ,200,0.007470,success
2026-08-27T14:34:49.3NZ,200,0.006843,success
2026-08-27T14:34:49.3NZ,200,0.011075,success
2026-08-27T14:34:49.3NZ,200,0.011082,success
2026-08-27T14:34:49.3NZ,200,0.009730,success
2026-08-27T14:34:49.3NZ,200,0.008179,success
2026-08-27T14:34:49.3NZ,200,0.005156,success
2026-08-27T14:34:49.3NZ,200,0.005872,success
2026-08-27T14:34:49.3NZ,200,0.004161,success
2026-08-27T14:34:49.3NZ,200,0.005040,success
2026-08-27T14:34:49.3NZ,200,0.004456,success
2026-08-27T14:34:49.3NZ,200,0.004302,success
2026-08-27T14:34:50.3NZ,200,0.006792,success
2026-08-27T14:34:50.3NZ,200,0.006792,success
2026-08-27T14:34:50.3NZ,200,0.015322,success
2026-08-27T14:34:50.3NZ,200,0.016339,success
2026-08-27T14:34:50.3NZ,200,0.006528,success
2026-08-27T14:34:50.3NZ,200,0.005991,success
2026-08-27T14:34:50.3NZ,200,0.007152,success
2026-08-27T14:34:50.3NZ,200,0.006063,success
2026-08-27T14:34:50.3NZ,200,0.006427,success
2026-08-27T14:34:50.3NZ,200,0.006606,success
2026-08-27T14:34:50.3NZ,200,0.008220,success
2026-08-27T14:34:50.3NZ,200,0.008221,success
2026-08-27T14:34:50.3NZ,200,0.009989,success
2026-08-27T14:34:50.3NZ,200,0.009989,success
2026-08-27T14:34:50.3NZ,200,0.010513,success
2026-08-27T14:34:50.3NZ,200,0.010513,success
2026-08-27T14:34:51.3NZ,200,0.010515,success
2026-08-27T14:34:51.3NZ,200,0.010563,success
2026-08-27T14:34:51.3NZ,200,0.007250,success
2026-08-27T14:34:51.3NZ,200,0.007251,success
2026-08-27T14:34:51.3NZ,200,0.010326,success
2026-08-27T14:34:51.3NZ,200,0.010337,success
2026-08-27T14:34:51.3NZ,200,0.010882,success
2026-08-27T14:34:51.3NZ,200,0.010882,success
2026-08-27T14:34:51.3NZ,200,0.013179,success
2026-08-27T14:34:51.3NZ,200,0.013366,success
2026-08-27T14:34:51.3NZ,200,0.006343,success
2026-08-27T14:34:51.3NZ,200,0.006343,success
2026-08-27T14:34:52.3NZ,200,0.006331,success
2026-08-27T14:34:52.3NZ,200,0.006729,success
2026-08-27T14:34:52.3NZ,200,0.005399,success
2026-08-27T14:34:52.3NZ,200,0.004220,success
2026-08-27T14:34:52.3NZ,200,0.006573,success
2026-08-27T14:34:52.3NZ,200,0.006451,success
2026-08-27T14:34:52.3NZ,200,0.004552,success
2026-08-27T14:34:52.3NZ,200,0.005123,success
2026-08-27T14:34:52.3NZ,200,0.005676,success
2026-08-27T14:34:52.3NZ,200,0.005681,success
2026-08-27T14:34:52.3NZ,200,0.005112,success
2026-08-27T14:34:52.3NZ,200,0.005109,success
2026-08-27T14:34:52.3NZ,200,0.005064,success
2026-08-27T14:34:52.3NZ,200,0.005721,success
2026-08-27T14:34:52.3NZ,200,0.009024,success
2026-08-27T14:34:52.3NZ,200,0.009075,success
2026-08-27T14:34:53.3NZ,200,0.006028,success
2026-08-27T14:34:53.3NZ,200,0.004729,success
2026-08-27T14:34:53.3NZ,200,0.010936,success
2026-08-27T14:34:53.3NZ,200,0.011051,success
2026-08-27T14:34:53.3NZ,200,0.008773,success
2026-08-27T14:34:53.3NZ,200,0.008787,success
2026-08-27T14:34:53.3NZ,200,0.006454,success
2026-08-27T14:34:53.3NZ,200,0.006319,success
2026-08-27T14:34:53.3NZ,200,0.007911,success
2026-08-27T14:34:53.3NZ,200,0.007911,success
2026-08-27T14:34:53.3NZ,200,0.006581,success
2026-08-27T14:34:53.3NZ,200,0.006581,success
2026-08-27T14:34:53.3NZ,200,0.007254,success
2026-08-27T14:34:53.3NZ,200,0.007254,success
2026-08-27T14:34:54.3NZ,200,0.008663,success
2026-08-27T14:34:54.3NZ,200,0.008663,success
2026-08-27T14:34:54.3NZ,200,0.011882,success
2026-08-27T14:34:54.3NZ,200,0.011882,success
2026-08-27T14:34:54.3NZ,200,0.011686,success
2026-08-27T14:34:54.3NZ,200,0.011216,success
2026-08-27T14:34:54.3NZ,200,0.009897,success
2026-08-27T14:34:54.3NZ,200,0.009418,success
2026-08-27T14:34:54.3NZ,200,0.011633,success
2026-08-27T14:34:54.3NZ,200,0.010783,success
2026-08-27T14:34:54.3NZ,200,0.012806,success
2026-08-27T14:34:54.3NZ,200,0.011573,success
2026-08-27T14:34:54.3NZ,200,0.008646,success
2026-08-27T14:34:54.3NZ,200,0.008445,success
2026-08-27T14:34:55.3NZ,200,0.005577,success
2026-08-27T14:34:55.3NZ,200,0.005575,success
2026-08-27T14:34:55.3NZ,200,0.009450,success
2026-08-27T14:34:55.3NZ,200,0.009450,success
2026-08-27T14:34:55.3NZ,200,0.010312,success
2026-08-27T14:34:55.3NZ,200,0.010394,success
2026-08-27T14:34:55.3NZ,200,0.010872,success
2026-08-27T14:34:55.3NZ,200,0.010693,success
2026-08-27T14:34:55.3NZ,200,0.006938,success
2026-08-27T14:34:55.3NZ,200,0.006604,success
2026-08-27T14:34:55.3NZ,200,0.005369,success
2026-08-27T14:34:55.3NZ,200,0.005516,success
2026-08-27T14:34:55.3NZ,200,0.004709,success
2026-08-27T14:34:55.3NZ,200,0.003913,success
2026-08-27T14:34:56.3NZ,200,0.005088,success
2026-08-27T14:34:56.3NZ,200,0.004271,success
2026-08-27T14:34:56.3NZ,200,0.007919,success
2026-08-27T14:34:56.3NZ,200,0.007799,success
2026-08-27T14:34:56.3NZ,200,0.008805,success
2026-08-27T14:34:56.3NZ,200,0.008730,success
2026-08-27T14:34:56.3NZ,200,0.006147,success
2026-08-27T14:34:56.3NZ,200,0.006443,success
2026-08-27T14:34:56.3NZ,200,0.004357,success
2026-08-27T14:34:56.3NZ,200,0.005248,success
2026-08-27T14:34:56.3NZ,200,0.006777,success
2026-08-27T14:34:56.3NZ,200,0.003867,success
2026-08-27T14:34:56.3NZ,200,0.006848,success
2026-08-27T14:34:56.3NZ,200,0.007227,success
2026-08-27T14:34:57.3NZ,200,0.008852,success
2026-08-27T14:34:57.3NZ,200,0.007247,success
2026-08-27T14:34:57.3NZ,200,0.017643,success
2026-08-27T14:34:57.3NZ,200,0.017599,success
2026-08-27T14:34:57.3NZ,200,0.013785,success
2026-08-27T14:34:57.3NZ,200,0.013537,success
2026-08-27T14:34:57.3NZ,200,0.005902,success
2026-08-27T14:34:57.3NZ,200,0.005822,success
2026-08-27T14:34:57.3NZ,200,0.006303,success
2026-08-27T14:34:57.3NZ,200,0.006240,success
2026-08-27T14:34:57.3NZ,200,0.006464,success
2026-08-27T14:34:57.3NZ,200,0.006389,success
2026-08-27T14:34:58.3NZ,200,0.008622,success
2026-08-27T14:34:58.3NZ,200,0.004850,success
2026-08-27T14:34:58.3NZ,200,0.012786,success
2026-08-27T14:34:58.3NZ,200,0.006546,success
2026-08-27T14:34:58.3NZ,200,0.021519,success
2026-08-27T14:34:58.3NZ,200,0.021166,success
2026-08-27T14:34:58.3NZ,200,0.009065,success
2026-08-27T14:34:58.3NZ,200,0.008419,success
2026-08-27T14:34:58.3NZ,200,0.005414,success
2026-08-27T14:34:58.3NZ,200,0.005424,success
2026-08-27T14:34:58.3NZ,200,0.005186,success
2026-08-27T14:34:58.3NZ,200,0.005172,success
2026-08-27T14:34:58.3NZ,200,0.009774,success
2026-08-27T14:34:58.3NZ,200,0.009774,success
2026-08-27T14:34:59.3NZ,200,0.011515,success
2026-08-27T14:34:59.3NZ,200,0.009474,success
2026-08-27T14:34:59.3NZ,200,0.005262,success
2026-08-27T14:34:59.3NZ,200,0.004112,success
2026-08-27T14:34:59.3NZ,200,0.008397,success
2026-08-27T14:34:59.3NZ,200,0.008397,success
2026-08-27T14:34:59.3NZ,200,0.010007,success
2026-08-27T14:34:59.3NZ,200,0.009995,success
2026-08-27T14:34:59.3NZ,200,0.032313,success
2026-08-27T14:34:59.3NZ,200,0.035207,success
2026-08-27T14:34:59.3NZ,200,0.004019,success
2026-08-27T14:34:59.3NZ,200,0.004565,success
2026-08-27T14:34:59.3NZ,200,0.005395,success
2026-08-27T14:34:59.3NZ,200,0.005395,success
2026-08-27T14:35:00.3NZ,200,0.007696,success
2026-08-27T14:35:00.3NZ,200,0.006195,success
2026-08-27T14:35:00.3NZ,200,0.006724,success
2026-08-27T14:35:00.3NZ,200,0.006725,success
2026-08-27T14:35:00.3NZ,200,0.005745,success
2026-08-27T14:35:00.3NZ,200,0.005745,success
2026-08-27T14:35:00.3NZ,200,0.006276,success
2026-08-27T14:35:00.3NZ,200,0.006285,success
2026-08-27T14:35:00.3NZ,200,0.005609,success
2026-08-27T14:35:00.3NZ,200,0.005040,success
2026-08-27T14:35:00.3NZ,200,0.007571,success
2026-08-27T14:35:00.3NZ,200,0.007673,success
2026-08-27T14:35:00.3NZ,200,0.006044,success
2026-08-27T14:35:00.3NZ,200,0.007574,success
2026-08-27T14:35:00.3NZ,200,0.011278,success
2026-08-27T14:35:00.3NZ,200,0.011278,success
2026-08-27T14:35:01.3NZ,200,0.009361,success
2026-08-27T14:35:01.3NZ,200,0.009361,success
2026-08-27T14:35:01.3NZ,200,0.010949,success
2026-08-27T14:35:01.3NZ,200,0.010876,success
2026-08-27T14:35:01.3NZ,200,0.013304,success
2026-08-27T14:35:01.3NZ,200,0.013304,success
2026-08-27T14:35:01.3NZ,200,0.005310,success
2026-08-27T14:35:01.3NZ,200,0.006291,success
2026-08-27T14:35:01.3NZ,200,0.008440,success
2026-08-27T14:35:01.3NZ,200,0.008321,success
2026-08-27T14:35:01.3NZ,200,0.005944,success
2026-08-27T14:35:01.3NZ,200,0.005944,success
2026-08-27T14:35:02.3NZ,200,0.009176,success
2026-08-27T14:35:02.3NZ,200,0.009176,success
2026-08-27T14:35:02.3NZ,200,0.008652,success
2026-08-27T14:35:02.3NZ,200,0.008651,success
2026-08-27T14:35:02.3NZ,200,0.006094,success
2026-08-27T14:35:02.3NZ,200,0.006108,success
2026-08-27T14:35:02.3NZ,200,0.011044,success
2026-08-27T14:35:02.3NZ,200,0.011044,success
2026-08-27T14:35:02.3NZ,200,0.012329,success
2026-08-27T14:35:02.3NZ,200,0.012329,success
2026-08-27T14:35:02.3NZ,200,0.007866,success
2026-08-27T14:35:02.3NZ,200,0.007866,success
2026-08-27T14:35:02.3NZ,200,0.009004,success
2026-08-27T14:35:02.3NZ,200,0.009004,success
2026-08-27T14:35:03.3NZ,200,0.007890,success
2026-08-27T14:35:03.3NZ,200,0.007890,success
2026-08-27T14:35:03.3NZ,200,0.009912,success
2026-08-27T14:35:03.3NZ,200,0.010415,success
2026-08-27T14:35:03.3NZ,200,0.010259,success
2026-08-27T14:35:03.3NZ,200,0.010259,success
2026-08-27T14:35:03.3NZ,200,0.008560,success
2026-08-27T14:35:03.3NZ,200,0.008560,success
2026-08-27T14:35:03.3NZ,200,0.009228,success
2026-08-27T14:35:03.3NZ,200,0.009272,success
2026-08-27T14:35:03.3NZ,200,0.010112,success
2026-08-27T14:35:03.3NZ,200,0.010297,success
2026-08-27T14:35:03.3NZ,200,0.012604,success
2026-08-27T14:35:03.3NZ,200,0.012603,success
2026-08-27T14:35:04.3NZ,200,0.009607,success
2026-08-27T14:35:04.3NZ,200,0.009607,success
2026-08-27T14:35:04.3NZ,200,0.015495,success
2026-08-27T14:35:04.3NZ,200,0.015495,success
2026-08-27T14:35:04.3NZ,200,0.014734,success
2026-08-27T14:35:04.3NZ,200,0.013949,success
2026-08-27T14:35:04.3NZ,200,0.013565,success
2026-08-27T14:35:04.3NZ,200,0.013558,success
2026-08-27T14:35:04.3NZ,200,0.009570,success
2026-08-27T14:35:04.3NZ,200,0.009570,success
2026-08-27T14:35:04.3NZ,200,0.009417,success
2026-08-27T14:35:04.3NZ,200,0.009417,success
2026-08-27T14:35:05.3NZ,200,0.010246,success
2026-08-27T14:35:05.3NZ,200,0.010246,success
2026-08-27T14:35:05.3NZ,200,0.009290,success
2026-08-27T14:35:05.3NZ,200,0.009290,success
2026-08-27T14:35:05.3NZ,200,0.015964,success
2026-08-27T14:35:05.3NZ,200,0.015964,success
2026-08-27T14:35:05.3NZ,200,0.013923,success
2026-08-27T14:35:05.3NZ,200,0.013923,success
2026-08-27T14:35:05.3NZ,200,0.011416,success
2026-08-27T14:35:05.3NZ,200,0.011416,success
2026-08-27T14:35:05.3NZ,200,0.006892,success
2026-08-27T14:35:05.3NZ,200,0.006925,success
2026-08-27T14:35:05.3NZ,200,0.005211,success
2026-08-27T14:35:05.3NZ,200,0.004061,success
2026-08-27T14:35:06.3NZ,200,0.006829,success
2026-08-27T14:35:06.3NZ,200,0.005970,success
2026-08-27T14:35:06.3NZ,200,0.007268,success
2026-08-27T14:35:06.3NZ,200,0.007268,success
2026-08-27T14:35:06.3NZ,200,0.005719,success
2026-08-27T14:35:06.3NZ,200,0.005298,success
2026-08-27T14:35:06.3NZ,200,0.006816,success
2026-08-27T14:35:06.3NZ,200,0.004796,success
2026-08-27T14:35:06.3NZ,200,0.010354,success
2026-08-27T14:35:06.3NZ,200,0.010354,success
2026-08-27T14:35:06.3NZ,200,0.010740,success
2026-08-27T14:35:06.3NZ,200,0.010740,success
2026-08-27T14:35:06.3NZ,200,0.006042,success
2026-08-27T14:35:06.3NZ,200,0.007198,success
2026-08-27T14:35:07.3NZ,200,0.009161,success
2026-08-27T14:35:07.3NZ,200,0.009160,success
2026-08-27T14:35:07.3NZ,200,0.007463,success
2026-08-27T14:35:07.3NZ,200,0.007463,success
2026-08-27T14:35:07.3NZ,200,0.006538,success
2026-08-27T14:35:07.3NZ,200,0.007539,success
2026-08-27T14:35:07.3NZ,200,0.005508,success
2026-08-27T14:35:07.3NZ,200,0.005499,success
2026-08-27T14:35:07.3NZ,200,0.004637,success
2026-08-27T14:35:07.3NZ,200,0.003994,success
2026-08-27T14:35:07.3NZ,200,0.004869,success
2026-08-27T14:35:07.3NZ,200,0.003929,success
2026-08-27T14:35:07.3NZ,200,0.005382,success
2026-08-27T14:35:07.3NZ,200,0.004971,success
2026-08-27T14:35:08.3NZ,200,0.005332,success
2026-08-27T14:35:08.3NZ,200,0.005340,success
2026-08-27T14:35:08.3NZ,200,0.006798,success
2026-08-27T14:35:08.3NZ,200,0.008452,success
2026-08-27T14:35:08.3NZ,200,0.015784,success
2026-08-27T14:35:08.3NZ,200,0.015784,success
2026-08-27T14:35:08.3NZ,200,0.009038,success
2026-08-27T14:35:08.3NZ,200,0.009038,success
2026-08-27T14:35:08.3NZ,200,0.006720,success
2026-08-27T14:35:08.3NZ,200,0.007060,success
2026-08-27T14:35:08.3NZ,200,0.009239,success
2026-08-27T14:35:08.3NZ,200,0.009239,success
2026-08-27T14:35:08.3NZ,200,0.009232,success
2026-08-27T14:35:08.3NZ,200,0.009232,success
2026-08-27T14:35:09.3NZ,200,0.009686,success
2026-08-27T14:35:09.3NZ,200,0.008268,success
2026-08-27T14:35:09.3NZ,200,0.008551,success
2026-08-27T14:35:09.3NZ,200,0.010843,success
2026-08-27T14:35:09.3NZ,200,0.013269,success
2026-08-27T14:35:09.3NZ,200,0.013274,success
2026-08-27T14:35:09.3NZ,200,0.007794,success
2026-08-27T14:35:09.3NZ,200,0.007798,success
2026-08-27T14:35:09.3NZ,200,0.010130,success
2026-08-27T14:35:09.3NZ,200,0.006959,success
2026-08-27T14:35:09.3NZ,200,0.003997,success
2026-08-27T14:35:09.3NZ,200,0.004082,success
2026-08-27T14:35:09.3NZ,200,0.004291,success
2026-08-27T14:35:09.3NZ,200,0.003501,success
2026-08-27T14:35:10.3NZ,200,0.005333,success
2026-08-27T14:35:10.3NZ,200,0.005817,success
2026-08-27T14:35:10.3NZ,200,0.010045,success
2026-08-27T14:35:10.3NZ,200,0.010423,success
2026-08-27T14:35:10.3NZ,200,0.006633,success
2026-08-27T14:35:10.3NZ,200,0.006689,success
2026-08-27T14:35:10.3NZ,200,0.008080,success
2026-08-27T14:35:10.3NZ,200,0.008080,success
2026-08-27T14:35:10.3NZ,200,0.007361,success
2026-08-27T14:35:10.3NZ,200,0.007361,success
2026-08-27T14:35:10.3NZ,200,0.008063,success
2026-08-27T14:35:10.3NZ,200,0.009377,success
2026-08-27T14:35:10.3NZ,200,0.011154,success
2026-08-27T14:35:10.3NZ,200,0.011154,success
2026-08-27T14:35:11.3NZ,200,0.011967,success
2026-08-27T14:35:11.3NZ,200,0.011967,success
2026-08-27T14:35:11.3NZ,200,0.010519,success
2026-08-27T14:35:11.3NZ,200,0.010519,success
2026-08-27T14:35:11.3NZ,200,0.008551,success
2026-08-27T14:35:11.3NZ,200,0.008551,success
2026-08-27T14:35:11.3NZ,200,0.007196,success
2026-08-27T14:35:11.3NZ,200,0.007196,success
2026-08-27T14:35:11.3NZ,200,0.008885,success
2026-08-27T14:35:11.3NZ,200,0.008966,success
2026-08-27T14:35:11.3NZ,200,0.008142,success
2026-08-27T14:35:11.3NZ,200,0.006578,success
2026-08-27T14:35:11.3NZ,200,0.010799,success
2026-08-27T14:35:11.3NZ,200,0.011376,success
2026-08-27T14:35:12.3NZ,200,0.006726,success
2026-08-27T14:35:12.3NZ,200,0.007777,success
2026-08-27T14:35:12.3NZ,200,0.010026,success
2026-08-27T14:35:12.3NZ,200,0.010026,success
2026-08-27T14:35:12.3NZ,200,0.014357,success
2026-08-27T14:35:12.3NZ,200,0.014488,success
2026-08-27T14:35:12.3NZ,200,0.014411,success
2026-08-27T14:35:12.3NZ,200,0.014411,success
2026-08-27T14:35:12.3NZ,200,0.009276,success
2026-08-27T14:35:12.3NZ,200,0.009492,success
2026-08-27T14:35:12.3NZ,200,0.010485,success
2026-08-27T14:35:12.3NZ,200,0.008149,success
2026-08-27T14:35:13.3NZ,200,0.009790,success
2026-08-27T14:35:13.3NZ,200,0.010808,success
2026-08-27T14:35:13.3NZ,200,0.008696,success
2026-08-27T14:35:13.3NZ,200,0.006915,success
2026-08-27T14:35:13.3NZ,200,0.012353,success
2026-08-27T14:35:13.3NZ,200,0.012353,success
2026-08-27T14:35:13.3NZ,200,0.012918,success
2026-08-27T14:35:13.3NZ,200,0.012917,success
2026-08-27T14:35:13.3NZ,200,0.008295,success
2026-08-27T14:35:13.3NZ,200,0.008281,success
2026-08-27T14:35:13.3NZ,200,0.009405,success
2026-08-27T14:35:13.3NZ,200,0.009405,success
2026-08-27T14:35:13.3NZ,200,0.005986,success
2026-08-27T14:35:13.3NZ,200,0.005252,success
2026-08-27T14:35:14.3NZ,200,0.004834,success
2026-08-27T14:35:14.3NZ,200,0.004835,success
2026-08-27T14:35:14.3NZ,200,0.004419,success
2026-08-27T14:35:14.3NZ,200,0.004606,success
2026-08-27T14:35:14.3NZ,200,0.006869,success
2026-08-27T14:35:14.3NZ,200,0.006851,success
2026-08-27T14:35:14.3NZ,200,0.011912,success
2026-08-27T14:35:14.3NZ,200,0.011912,success
2026-08-27T14:35:14.3NZ,200,0.014060,success
2026-08-27T14:35:14.3NZ,200,0.014637,success
2026-08-27T14:35:14.3NZ,200,0.010233,success
2026-08-27T14:35:14.3NZ,200,0.010233,success
2026-08-27T14:35:14.3NZ,200,0.008198,success
2026-08-27T14:35:14.3NZ,200,0.007981,success
2026-08-27T14:35:15.3NZ,200,0.008568,success
2026-08-27T14:35:15.3NZ,200,0.008170,success
2026-08-27T14:35:15.3NZ,200,0.005774,success
2026-08-27T14:35:15.3NZ,200,0.005772,success
2026-08-27T14:35:15.3NZ,200,0.008997,success
2026-08-27T14:35:15.3NZ,200,0.008636,success
2026-08-27T14:35:15.3NZ,200,0.008121,success
2026-08-27T14:35:15.3NZ,200,0.008122,success
2026-08-27T14:35:15.3NZ,200,0.008692,success
2026-08-27T14:35:15.3NZ,200,0.010931,success
2026-08-27T14:35:15.3NZ,200,0.008299,success
2026-08-27T14:35:15.3NZ,200,0.009915,success
2026-08-27T14:35:16.3NZ,200,0.006867,success
2026-08-27T14:35:16.3NZ,200,0.005368,success
2026-08-27T14:35:16.3NZ,200,0.005231,success
2026-08-27T14:35:16.3NZ,200,0.004660,success
2026-08-27T14:35:16.3NZ,200,0.005457,success
2026-08-27T14:35:16.3NZ,200,0.005344,success
2026-08-27T14:35:16.3NZ,200,0.009718,success
2026-08-27T14:35:16.3NZ,200,0.009718,success
2026-08-27T14:35:16.3NZ,200,0.007377,success
2026-08-27T14:35:16.3NZ,200,0.007474,success
2026-08-27T14:35:16.3NZ,200,0.007400,success
2026-08-27T14:35:16.3NZ,200,0.008281,success
2026-08-27T14:35:16.3NZ,200,0.009360,success
2026-08-27T14:35:16.3NZ,200,0.009325,success
2026-08-27T14:35:17.3NZ,200,0.011288,success
2026-08-27T14:35:17.3NZ,200,0.004767,success
2026-08-27T14:35:17.3NZ,200,0.003946,success
2026-08-27T14:35:17.3NZ,200,0.004968,success
2026-08-27T14:35:17.3NZ,200,0.020706,success
2026-08-27T14:35:17.3NZ,200,0.024477,success
2026-08-27T14:35:17.3NZ,200,0.005442,success
2026-08-27T14:35:17.3NZ,200,0.004074,success
2026-08-27T14:35:17.3NZ,200,0.004685,success
2026-08-27T14:35:17.3NZ,200,0.004140,success
2026-08-27T14:35:17.3NZ,200,0.005394,success
2026-08-27T14:35:17.3NZ,200,0.004375,success
2026-08-27T14:35:18.3NZ,200,0.018623,success
2026-08-27T14:35:18.3NZ,200,0.100600,success
2026-08-27T14:35:18.3NZ,200,0.006087,success
2026-08-27T14:35:18.3NZ,200,0.006372,success
2026-08-27T14:35:18.3NZ,200,0.005091,success
2026-08-27T14:35:18.3NZ,200,0.005372,success
2026-08-27T14:35:18.3NZ,200,0.005406,success
2026-08-27T14:35:18.3NZ,200,0.005591,success
2026-08-27T14:35:18.3NZ,200,0.004181,success
2026-08-27T14:35:18.3NZ,200,0.005644,success
2026-08-27T14:35:18.3NZ,200,0.008207,success
2026-08-27T14:35:18.3NZ,200,0.005394,success
2026-08-27T14:35:18.3NZ,200,0.007230,success
2026-08-27T14:35:18.3NZ,200,0.005975,success
2026-08-27T14:35:19.3NZ,200,0.005920,success
2026-08-27T14:35:19.3NZ,200,0.006158,success
2026-08-27T14:35:19.3NZ,200,0.003777,success
2026-08-27T14:35:19.3NZ,200,0.005782,success
2026-08-27T14:35:19.3NZ,200,0.008702,success
2026-08-27T14:35:19.3NZ,200,0.006123,success
2026-08-27T14:35:19.3NZ,200,0.010510,success
2026-08-27T14:35:19.3NZ,200,0.007330,success
2026-08-27T14:35:19.3NZ,200,0.026588,success
2026-08-27T14:35:19.3NZ,200,0.026593,success
2026-08-27T14:35:19.3NZ,200,0.004060,success
2026-08-27T14:35:19.3NZ,200,0.003617,success
2026-08-27T14:35:19.3NZ,200,0.004169,success
2026-08-27T14:35:19.3NZ,200,0.004095,success
2026-08-27T14:35:20.3NZ,200,0.006296,success
2026-08-27T14:35:20.3NZ,200,0.006284,success
2026-08-27T14:35:20.3NZ,200,0.007382,success
2026-08-27T14:35:20.3NZ,200,0.008782,success
2026-08-27T14:35:20.3NZ,200,0.007346,success
2026-08-27T14:35:20.3NZ,200,0.007346,success
2026-08-27T14:35:20.3NZ,200,0.009616,success
2026-08-27T14:35:20.3NZ,200,0.009341,success
2026-08-27T14:35:20.3NZ,200,0.007846,success
2026-08-27T14:35:20.3NZ,200,0.006376,success
2026-08-27T14:35:20.3NZ,200,0.010565,success
2026-08-27T14:35:20.3NZ,200,0.010565,success
2026-08-27T14:35:20.3NZ,200,0.009478,success
2026-08-27T14:35:20.3NZ,200,0.009466,success
2026-08-27T14:35:21.3NZ,200,0.008895,success
2026-08-27T14:35:21.3NZ,200,0.008895,success
2026-08-27T14:35:21.3NZ,200,0.007197,success
2026-08-27T14:35:21.3NZ,200,0.005531,success
2026-08-27T14:35:21.3NZ,200,0.014863,success
2026-08-27T14:35:21.3NZ,200,0.015246,success
2026-08-27T14:35:21.3NZ,200,0.007282,success
2026-08-27T14:35:21.3NZ,200,0.007282,success
2026-08-27T14:35:21.3NZ,200,0.008834,success
2026-08-27T14:35:21.3NZ,200,0.008834,success
2026-08-27T14:35:21.3NZ,200,0.010569,success
2026-08-27T14:35:21.3NZ,200,0.010569,success
2026-08-27T14:35:21.3NZ,200,0.009625,success
2026-08-27T14:35:21.3NZ,200,0.009625,success
2026-08-27T14:35:22.3NZ,200,0.005615,success
2026-08-27T14:35:22.3NZ,200,0.005556,success
2026-08-27T14:35:22.3NZ,200,0.006449,success
2026-08-27T14:35:22.3NZ,200,0.006684,success
2026-08-27T14:35:22.3NZ,200,0.004437,success
2026-08-27T14:35:22.3NZ,200,0.003338,success
2026-08-27T14:35:22.3NZ,200,0.008098,success
2026-08-27T14:35:22.3NZ,200,0.008098,success
2026-08-27T14:35:22.3NZ,200,0.007217,success
2026-08-27T14:35:22.3NZ,200,0.007522,success
2026-08-27T14:35:22.3NZ,200,0.005969,success
2026-08-27T14:35:22.3NZ,200,0.003697,success
2026-08-27T14:35:22.3NZ,200,0.006619,success
2026-08-27T14:35:22.3NZ,200,0.006618,success
2026-08-27T14:35:23.3NZ,200,0.006350,success
2026-08-27T14:35:23.3NZ,200,0.006351,success
2026-08-27T14:35:23.3NZ,200,0.012699,success
2026-08-27T14:35:23.3NZ,200,0.012699,success
2026-08-27T14:35:23.3NZ,200,0.010858,success
2026-08-27T14:35:23.3NZ,200,0.010858,success
2026-08-27T14:35:23.3NZ,200,0.010828,success
2026-08-27T14:35:23.3NZ,200,0.010828,success
2026-08-27T14:35:23.3NZ,200,0.008165,success
2026-08-27T14:35:23.3NZ,200,0.008165,success
2026-08-27T14:35:23.3NZ,200,0.011117,success
2026-08-27T14:35:23.3NZ,200,0.011118,success
2026-08-27T14:35:23.3NZ,200,0.005847,success
2026-08-27T14:35:23.3NZ,200,0.005846,success
2026-08-27T14:35:24.3NZ,200,0.011887,success
2026-08-27T14:35:24.3NZ,200,0.011856,success
2026-08-27T14:35:24.3NZ,200,0.008290,success
2026-08-27T14:35:24.3NZ,200,0.008294,success
2026-08-27T14:35:24.3NZ,200,0.010923,success
2026-08-27T14:35:24.3NZ,200,0.009785,success
2026-08-27T14:35:24.3NZ,200,0.012970,success
2026-08-27T14:35:24.3NZ,200,0.012907,success
2026-08-27T14:35:24.3NZ,200,0.010595,success
2026-08-27T14:35:24.3NZ,200,0.010784,success
2026-08-27T14:35:24.3NZ,200,0.012195,success
2026-08-27T14:35:24.3NZ,200,0.012500,success
2026-08-27T14:35:24.3NZ,200,0.007129,success
2026-08-27T14:35:24.3NZ,200,0.007112,success
2026-08-27T14:35:25.3NZ,200,0.012930,success
2026-08-27T14:35:25.3NZ,200,0.011427,success
2026-08-27T14:35:25.3NZ,200,0.007422,success
2026-08-27T14:35:25.3NZ,200,0.007065,success
2026-08-27T14:35:25.3NZ,200,0.008145,success
2026-08-27T14:35:25.3NZ,200,0.007740,success
2026-08-27T14:35:25.3NZ,200,0.009709,success
2026-08-27T14:35:25.3NZ,200,0.009709,success
2026-08-27T14:35:25.3NZ,200,0.009533,success
2026-08-27T14:35:25.3NZ,200,0.009533,success
2026-08-27T14:35:25.3NZ,200,0.010425,success
2026-08-27T14:35:25.3NZ,200,0.010425,success
2026-08-27T14:35:25.3NZ,200,0.007089,success
2026-08-27T14:35:25.3NZ,200,0.007089,success
2026-08-27T14:35:26.3NZ,200,0.007859,success
2026-08-27T14:35:26.3NZ,200,0.007264,success
2026-08-27T14:35:26.3NZ,200,0.004607,success
2026-08-27T14:35:26.3NZ,200,0.004007,success
2026-08-27T14:35:26.3NZ,200,0.004898,success
2026-08-27T14:35:26.3NZ,200,0.004263,success
2026-08-27T14:35:26.3NZ,200,0.005432,success
2026-08-27T14:35:26.3NZ,200,0.004655,success
2026-08-27T14:35:26.3NZ,200,0.005910,success
2026-08-27T14:35:26.3NZ,200,0.006579,success
2026-08-27T14:35:26.3NZ,200,0.007433,success
2026-08-27T14:35:26.3NZ,200,0.007423,success
2026-08-27T14:35:26.3NZ,200,0.009002,success
2026-08-27T14:35:26.3NZ,200,0.008997,success
2026-08-27T14:35:27.3NZ,200,0.009070,success
2026-08-27T14:35:27.3NZ,200,0.009070,success
2026-08-27T14:35:27.3NZ,200,0.008358,success
2026-08-27T14:35:27.3NZ,200,0.008361,success
2026-08-27T14:35:27.3NZ,200,0.010892,success
2026-08-27T14:35:27.3NZ,200,0.008936,success
2026-08-27T14:35:27.3NZ,200,0.008966,success
2026-08-27T14:35:27.3NZ,200,0.006084,success
2026-08-27T14:35:27.3NZ,200,0.004596,success
2026-08-27T14:35:27.3NZ,200,0.004118,success
2026-08-27T14:35:27.3NZ,200,0.005083,success
2026-08-27T14:35:27.3NZ,200,0.006158,success
2026-08-27T14:35:27.3NZ,200,0.005257,success
2026-08-27T14:35:27.3NZ,200,0.003854,success
2026-08-27T14:35:28.3NZ,200,0.004972,success
2026-08-27T14:35:28.3NZ,200,0.004082,success
2026-08-27T14:35:28.3NZ,200,0.006824,success
2026-08-27T14:35:28.3NZ,200,0.006824,success
2026-08-27T14:35:28.3NZ,200,0.009006,success
2026-08-27T14:35:28.3NZ,200,0.009006,success
2026-08-27T14:35:28.3NZ,200,0.008170,success
2026-08-27T14:35:28.3NZ,200,0.008170,success
2026-08-27T14:35:28.3NZ,200,0.012359,success
2026-08-27T14:35:28.3NZ,200,0.012359,success
2026-08-27T14:35:28.3NZ,200,0.008851,success
2026-08-27T14:35:28.3NZ,200,0.008851,success
2026-08-27T14:35:29.3NZ,200,0.010345,success
2026-08-27T14:35:29.3NZ,200,0.008498,success
2026-08-27T14:35:29.3NZ,200,0.008940,success
2026-08-27T14:35:29.3NZ,200,0.007675,success
2026-08-27T14:35:29.3NZ,200,0.011561,success
2026-08-27T14:35:29.3NZ,200,0.011579,success
2026-08-27T14:35:29.3NZ,200,0.010634,success
2026-08-27T14:35:29.3NZ,200,0.012361,success
2026-08-27T14:35:29.3NZ,200,0.007048,success
2026-08-27T14:35:29.3NZ,200,0.006761,success
2026-08-27T14:35:29.3NZ,200,0.006983,success
2026-08-27T14:35:29.3NZ,200,0.006892,success
2026-08-27T14:35:29.3NZ,200,0.006819,success
2026-08-27T14:35:29.3NZ,200,0.007439,success
2026-08-27T14:35:30.3NZ,200,0.005601,success
2026-08-27T14:35:30.3NZ,200,0.007483,success
2026-08-27T14:35:30.3NZ,200,0.008889,success
2026-08-27T14:35:30.3NZ,200,0.008889,success
2026-08-27T14:35:30.3NZ,200,0.009050,success
2026-08-27T14:35:30.3NZ,200,0.009050,success
2026-08-27T14:35:30.3NZ,200,0.009120,success
2026-08-27T14:35:30.3NZ,200,0.009145,success
2026-08-27T14:35:30.3NZ,200,0.013464,success
2026-08-27T14:35:30.3NZ,200,0.013464,success
2026-08-27T14:35:30.3NZ,200,0.009004,success
2026-08-27T14:35:30.3NZ,200,0.009004,success
2026-08-27T14:35:31.3NZ,200,0.010286,success
2026-08-27T14:35:31.3NZ,200,0.010286,success
2026-08-27T14:35:31.3NZ,200,0.006017,success
2026-08-27T14:35:31.3NZ,200,0.006044,success
2026-08-27T14:35:31.3NZ,200,0.014083,success
2026-08-27T14:35:31.3NZ,200,0.014094,success
2026-08-27T14:35:31.3NZ,200,0.010565,success
2026-08-27T14:35:31.3NZ,200,0.010565,success
2026-08-27T14:35:31.3NZ,200,0.007618,success
2026-08-27T14:35:31.3NZ,200,0.007618,success
2026-08-27T14:35:31.3NZ,200,0.009209,success
2026-08-27T14:35:31.3NZ,200,0.009203,success
2026-08-27T14:35:31.3NZ,200,0.007795,success
2026-08-27T14:35:31.3NZ,200,0.009277,success
2026-08-27T14:35:32.3NZ,200,0.008810,success
2026-08-27T14:35:32.3NZ,200,0.008748,success
2026-08-27T14:35:32.3NZ,200,0.066081,success
2026-08-27T14:35:32.3NZ,200,0.069611,success
2026-08-27T14:35:32.3NZ,200,0.007073,success
2026-08-27T14:35:32.3NZ,200,0.007077,success
2026-08-27T14:35:32.3NZ,200,0.006289,success
2026-08-27T14:35:32.3NZ,200,0.005897,success
2026-08-27T14:35:32.3NZ,200,0.004875,success
2026-08-27T14:35:32.3NZ,200,0.004875,success
2026-08-27T14:35:32.3NZ,200,0.010312,success
2026-08-27T14:35:32.3NZ,200,0.010312,success
2026-08-27T14:35:33.3NZ,200,0.005486,success
2026-08-27T14:35:33.3NZ,200,0.005866,success
2026-08-27T14:35:33.3NZ,200,0.010534,success
2026-08-27T14:35:33.3NZ,200,0.009056,success
2026-08-27T14:35:33.3NZ,200,0.011849,success
2026-08-27T14:35:33.3NZ,200,0.011849,success
2026-08-27T14:35:33.3NZ,200,0.014317,success
2026-08-27T14:35:33.3NZ,200,0.014318,success
2026-08-27T14:35:33.3NZ,200,0.008644,success
2026-08-27T14:35:33.3NZ,200,0.008644,success
2026-08-27T14:35:33.3NZ,200,0.007396,success
2026-08-27T14:35:33.3NZ,200,0.007413,success
2026-08-27T14:35:33.3NZ,200,0.006728,success
2026-08-27T14:35:33.3NZ,200,0.005142,success
2026-08-27T14:35:34.3NZ,200,0.005901,success
2026-08-27T14:35:34.3NZ,200,0.005111,success
2026-08-27T14:35:34.3NZ,200,0.008871,success
2026-08-27T14:35:34.3NZ,200,0.008871,success
2026-08-27T14:35:34.3NZ,200,0.007482,success
2026-08-27T14:35:34.3NZ,200,0.005543,success
2026-08-27T14:35:34.3NZ,200,0.006029,success
2026-08-27T14:35:34.3NZ,200,0.006017,success
2026-08-27T14:35:34.3NZ,200,0.008972,success
2026-08-27T14:35:34.3NZ,200,0.008963,success
2026-08-27T14:35:34.3NZ,200,0.009818,success
2026-08-27T14:35:34.3NZ,200,0.010921,success
2026-08-27T14:35:34.3NZ,200,0.008108,success
2026-08-27T14:35:34.3NZ,200,0.008107,success
2026-08-27T14:35:35.3NZ,200,0.007216,success
2026-08-27T14:35:35.3NZ,200,0.007227,success
2026-08-27T14:35:35.3NZ,200,0.009501,success
2026-08-27T14:35:35.3NZ,200,0.009501,success
2026-08-27T14:35:35.3NZ,200,0.011611,success
2026-08-27T14:35:35.3NZ,200,0.011611,success
2026-08-27T14:35:35.3NZ,200,0.011176,success
2026-08-27T14:35:35.3NZ,200,0.011176,success
2026-08-27T14:35:35.3NZ,200,0.009751,success
2026-08-27T14:35:35.3NZ,200,0.009751,success
2026-08-27T14:35:35.3NZ,200,0.011632,success
2026-08-27T14:35:35.3NZ,200,0.011632,success
2026-08-27T14:35:36.3NZ,200,0.009642,success
2026-08-27T14:35:36.3NZ,200,0.010330,success
2026-08-27T14:35:36.3NZ,200,0.008266,success
2026-08-27T14:35:36.3NZ,200,0.008266,success
2026-08-27T14:35:36.3NZ,200,0.010918,success
2026-08-27T14:35:36.3NZ,200,0.010923,success
2026-08-27T14:35:36.3NZ,200,0.005965,success
2026-08-27T14:35:36.3NZ,200,0.005911,success
2026-08-27T14:35:36.3NZ,200,0.005806,success
2026-08-27T14:35:36.3NZ,200,0.005515,success
2026-08-27T14:35:36.3NZ,200,0.007766,success
2026-08-27T14:35:36.3NZ,200,0.007766,success
2026-08-27T14:35:36.3NZ,200,0.007433,success
2026-08-27T14:35:36.3NZ,200,0.005673,success
2026-08-27T14:35:37.3NZ,200,0.009334,success
2026-08-27T14:35:37.3NZ,200,0.009334,success
2026-08-27T14:35:37.3NZ,200,0.007804,success
2026-08-27T14:35:37.3NZ,200,0.007804,success
2026-08-27T14:35:37.3NZ,200,0.006630,success
2026-08-27T14:35:37.3NZ,200,0.006630,success
2026-08-27T14:35:37.3NZ,200,0.005406,success
2026-08-27T14:35:37.3NZ,200,0.004049,success
2026-08-27T14:35:37.3NZ,200,0.007976,success
2026-08-27T14:35:37.3NZ,200,0.007951,success
2026-08-27T14:35:37.3NZ,200,0.008655,success
2026-08-27T14:35:37.3NZ,200,0.008669,success
2026-08-27T14:35:37.3NZ,200,0.008127,success
2026-08-27T14:35:37.3NZ,200,0.008124,success
2026-08-27T14:35:38.3NZ,200,0.009862,success
2026-08-27T14:35:38.3NZ,200,0.009862,success
2026-08-27T14:35:38.3NZ,200,0.006199,success
2026-08-27T14:35:38.3NZ,200,0.006197,success
2026-08-27T14:35:38.3NZ,200,0.005504,success
2026-08-27T14:35:38.3NZ,200,0.005490,success
2026-08-27T14:35:38.3NZ,200,0.006651,success
2026-08-27T14:35:38.3NZ,200,0.006664,success
2026-08-27T14:35:38.3NZ,200,0.008049,success
2026-08-27T14:35:38.3NZ,200,0.008049,success
2026-08-27T14:35:38.3NZ,200,0.008946,success
2026-08-27T14:35:38.3NZ,200,0.008946,success
2026-08-27T14:35:38.3NZ,200,0.015319,success
2026-08-27T14:35:38.3NZ,200,0.013750,success
2026-08-27T14:35:39.3NZ,200,0.008061,success
2026-08-27T14:35:39.3NZ,200,0.008061,success
2026-08-27T14:35:39.3NZ,200,0.008916,success
2026-08-27T14:35:39.3NZ,200,0.008978,success
2026-08-27T14:35:39.3NZ,200,0.009767,success
2026-08-27T14:35:39.3NZ,200,0.009767,success
2026-08-27T14:35:39.3NZ,200,0.008367,success
2026-08-27T14:35:39.3NZ,200,0.008362,success
2026-08-27T14:35:39.3NZ,200,0.004062,success
2026-08-27T14:35:39.3NZ,200,0.005362,success
2026-08-27T14:35:39.3NZ,200,0.006166,success
2026-08-27T14:35:39.3NZ,200,0.005745,success
2026-08-27T14:35:39.3NZ,200,0.008511,success
2026-08-27T14:35:39.3NZ,200,0.008511,success
2026-08-27T14:35:40.3NZ,200,0.008046,success
2026-08-27T14:35:40.3NZ,200,0.008046,success
2026-08-27T14:35:40.3NZ,200,0.007483,success
2026-08-27T14:35:40.3NZ,200,0.007101,success
2026-08-27T14:35:40.3NZ,200,0.010144,success
2026-08-27T14:35:40.3NZ,200,0.011121,success
2026-08-27T14:35:40.3NZ,200,0.009518,success
2026-08-27T14:35:40.3NZ,200,0.009518,success
2026-08-27T14:35:40.3NZ,200,0.008469,success
2026-08-27T14:35:40.3NZ,200,0.008453,success
2026-08-27T14:35:40.3NZ,200,0.011209,success
2026-08-27T14:35:40.3NZ,200,0.009637,success
2026-08-27T14:35:41.3NZ,200,0.010484,success
2026-08-27T14:35:41.3NZ,200,0.010483,success
2026-08-27T14:35:41.3NZ,200,0.012778,success
2026-08-27T14:35:41.3NZ,200,0.012778,success
2026-08-27T14:35:41.3NZ,200,0.013084,success
2026-08-27T14:35:41.3NZ,200,0.013084,success
2026-08-27T14:35:41.3NZ,200,0.007779,success
2026-08-27T14:35:41.3NZ,200,0.007764,success
2026-08-27T14:35:41.3NZ,200,0.027635,success
2026-08-27T14:35:41.3NZ,200,0.027109,success
2026-08-27T14:35:41.3NZ,200,0.006765,success
2026-08-27T14:35:41.3NZ,200,0.006590,success
2026-08-27T14:35:41.3NZ,200,0.006248,success
2026-08-27T14:35:41.3NZ,200,0.006248,success
2026-08-27T14:35:42.3NZ,200,0.007528,success
2026-08-27T14:35:42.3NZ,200,0.006406,success
2026-08-27T14:35:42.3NZ,200,0.009318,success
2026-08-27T14:35:42.3NZ,200,0.009502,success
2026-08-27T14:35:42.3NZ,200,0.009953,success
2026-08-27T14:35:42.3NZ,200,0.009953,success
2026-08-27T14:35:42.3NZ,200,0.008359,success
2026-08-27T14:35:42.3NZ,200,0.008349,success
2026-08-27T14:35:42.3NZ,200,0.015321,success
2026-08-27T14:35:42.3NZ,200,0.016811,success
2026-08-27T14:35:42.3NZ,200,0.012945,success
2026-08-27T14:35:42.3NZ,200,0.012945,success
2026-08-27T14:35:43.3NZ,200,0.010074,success
2026-08-27T14:35:43.3NZ,200,0.010075,success
2026-08-27T14:35:43.3NZ,200,0.009281,success
2026-08-27T14:35:43.3NZ,200,0.009777,success
2026-08-27T14:35:43.3NZ,200,0.010164,success
2026-08-27T14:35:43.3NZ,200,0.010163,success
2026-08-27T14:35:43.3NZ,200,0.011368,success
2026-08-27T14:35:43.3NZ,200,0.011368,success
2026-08-27T14:35:43.3NZ,200,0.010110,success
2026-08-27T14:35:43.3NZ,200,0.010110,success
2026-08-27T14:35:43.3NZ,200,0.009606,success
2026-08-27T14:35:43.3NZ,200,0.009606,success
2026-08-27T14:35:43.3NZ,200,0.007956,success
2026-08-27T14:35:43.3NZ,200,0.007956,success
2026-08-27T14:35:44.3NZ,200,0.008276,success
2026-08-27T14:35:44.3NZ,200,0.008247,success
2026-08-27T14:35:44.3NZ,200,0.008591,success
2026-08-27T14:35:44.3NZ,200,0.008591,success
2026-08-27T14:35:44.3NZ,200,0.012799,success
2026-08-27T14:35:44.3NZ,200,0.012800,success
2026-08-27T14:35:44.3NZ,200,0.010666,success
2026-08-27T14:35:44.3NZ,200,0.010666,success
2026-08-27T14:35:44.3NZ,200,0.015751,success
2026-08-27T14:35:44.3NZ,200,0.012713,success
2026-08-27T14:35:44.3NZ,200,0.012768,success
2026-08-27T14:35:44.3NZ,200,0.012768,success
2026-08-27T14:35:44.3NZ,200,0.010556,success
2026-08-27T14:35:44.3NZ,200,0.010557,success
2026-08-27T14:35:45.3NZ,200,0.015212,success
2026-08-27T14:35:45.3NZ,200,0.015211,success
2026-08-27T14:35:45.3NZ,200,0.008743,success
2026-08-27T14:35:45.3NZ,200,0.008746,success
2026-08-27T14:35:45.3NZ,200,0.009686,success
2026-08-27T14:35:45.3NZ,200,0.009686,success
2026-08-27T14:35:45.3NZ,200,0.012053,success
2026-08-27T14:35:45.3NZ,200,0.012053,success
2026-08-27T14:35:45.3NZ,200,0.010368,success
2026-08-27T14:35:45.3NZ,200,0.010368,success
2026-08-27T14:35:45.3NZ,200,0.015351,success
2026-08-27T14:35:45.3NZ,200,0.015351,success
2026-08-27T14:35:46.3NZ,200,0.009079,success
2026-08-27T14:35:46.3NZ,200,0.009149,success
2026-08-27T14:35:46.3NZ,200,0.008541,success
2026-08-27T14:35:46.3NZ,200,0.008541,success
2026-08-27T14:35:46.3NZ,200,0.008345,success
2026-08-27T14:35:46.3NZ,200,0.008192,success
2026-08-27T14:35:46.3NZ,200,0.009964,success
2026-08-27T14:35:46.3NZ,200,0.010702,success
2026-08-27T14:35:46.3NZ,200,0.007826,success
2026-08-27T14:35:46.3NZ,200,0.007575,success
2026-08-27T14:35:46.3NZ,200,0.006515,success
2026-08-27T14:35:46.3NZ,200,0.006521,success
2026-08-27T14:35:46.3NZ,200,0.010002,success
2026-08-27T14:35:46.3NZ,200,0.009999,success
2026-08-27T14:35:47.3NZ,200,0.008291,success
2026-08-27T14:35:47.3NZ,200,0.008290,success
2026-08-27T14:35:47.3NZ,200,0.007993,success
2026-08-27T14:35:47.3NZ,200,0.007992,success
2026-08-27T14:35:47.3NZ,200,0.013531,success
2026-08-27T14:35:47.3NZ,200,0.013501,success
2026-08-27T14:35:47.3NZ,200,0.010493,success
2026-08-27T14:35:47.3NZ,200,0.010709,success
2026-08-27T14:35:47.3NZ,200,0.004987,success
2026-08-27T14:35:47.3NZ,200,0.005713,success
2026-08-27T14:35:47.3NZ,200,0.007494,success
2026-08-27T14:35:47.3NZ,200,0.007494,success
2026-08-27T14:35:48.3NZ,200,0.009771,success
2026-08-27T14:35:48.3NZ,200,0.009771,success
2026-08-27T14:35:48.3NZ,200,0.009302,success
2026-08-27T14:35:48.3NZ,200,0.009302,success
2026-08-27T14:35:48.3NZ,200,0.010964,success
2026-08-27T14:35:48.3NZ,200,0.010950,success
2026-08-27T14:35:48.3NZ,200,0.007803,success
2026-08-27T14:35:48.3NZ,200,0.009464,success
2026-08-27T14:35:48.3NZ,200,0.004843,success
2026-08-27T14:35:48.3NZ,200,0.005043,success
2026-08-27T14:35:48.3NZ,200,0.007820,success
2026-08-27T14:35:48.3NZ,200,0.007820,success
2026-08-27T14:35:48.3NZ,200,0.011671,success
2026-08-27T14:35:48.3NZ,200,0.012223,success
2026-08-27T14:35:49.3NZ,200,0.010386,success
2026-08-27T14:35:49.3NZ,200,0.010386,success
2026-08-27T14:35:49.3NZ,200,0.008336,success
2026-08-27T14:35:49.3NZ,200,0.008220,success
2026-08-27T14:35:49.3NZ,200,0.010568,success
2026-08-27T14:35:49.3NZ,200,0.010568,success
2026-08-27T14:35:49.3NZ,200,0.007330,success
2026-08-27T14:35:49.3NZ,200,0.006730,success
2026-08-27T14:35:49.3NZ,200,0.006626,success
2026-08-27T14:35:49.3NZ,200,0.006626,success
2026-08-27T14:35:49.3NZ,200,0.005912,success
2026-08-27T14:35:49.3NZ,200,0.004944,success
2026-08-27T14:35:49.3NZ,200,0.008760,success
2026-08-27T14:35:49.3NZ,200,0.008750,success
2026-08-27T14:35:50.3NZ,200,0.009001,success
2026-08-27T14:35:50.3NZ,200,0.009002,success
2026-08-27T14:35:50.3NZ,200,0.009876,success
2026-08-27T14:35:50.3NZ,200,0.009876,success
2026-08-27T14:35:50.3NZ,200,0.007970,success
2026-08-27T14:35:50.3NZ,200,0.008056,success
2026-08-27T14:35:50.3NZ,200,0.009892,success
2026-08-27T14:35:50.3NZ,200,0.009892,success
2026-08-27T14:35:50.3NZ,200,0.009619,success
2026-08-27T14:35:50.3NZ,200,0.009619,success
2026-08-27T14:35:50.3NZ,200,0.011747,success
2026-08-27T14:35:50.3NZ,200,0.011747,success
2026-08-27T14:35:50.3NZ,200,0.012187,success
2026-08-27T14:35:50.3NZ,200,0.012175,success
2026-08-27T14:35:51.3NZ,200,0.005728,success
2026-08-27T14:35:51.3NZ,200,0.007747,success
2026-08-27T14:35:51.3NZ,200,0.010444,success
2026-08-27T14:35:51.3NZ,200,0.010444,success
2026-08-27T14:35:51.3NZ,200,0.014608,success
2026-08-27T14:35:51.3NZ,200,0.014603,success
2026-08-27T14:35:51.3NZ,200,0.009674,success
2026-08-27T14:35:51.3NZ,200,0.009674,success
2026-08-27T14:35:51.3NZ,200,0.008178,success
2026-08-27T14:35:51.3NZ,200,0.008178,success
2026-08-27T14:35:51.3NZ,200,0.008470,success
2026-08-27T14:35:51.3NZ,200,0.008466,success
2026-08-27T14:35:52.3NZ,200,0.009656,success
2026-08-27T14:35:52.3NZ,200,0.009655,success
2026-08-27T14:35:52.3NZ,200,0.008140,success
2026-08-27T14:35:52.3NZ,200,0.008140,success
2026-08-27T14:35:52.3NZ,200,0.009166,success
2026-08-27T14:35:52.3NZ,200,0.009167,success
2026-08-27T14:35:52.3NZ,200,0.006167,success
2026-08-27T14:35:52.3NZ,200,0.004565,success
2026-08-27T14:35:52.3NZ,200,0.009196,success
2026-08-27T14:35:52.3NZ,200,0.009196,success
2026-08-27T14:35:52.3NZ,200,0.011967,success
2026-08-27T14:35:52.3NZ,200,0.011966,success
2026-08-27T14:35:52.3NZ,200,0.008681,success
2026-08-27T14:35:52.3NZ,200,0.008682,success
2026-08-27T14:35:53.3NZ,200,0.009627,success
2026-08-27T14:35:53.3NZ,200,0.009627,success
2026-08-27T14:35:53.3NZ,200,0.011681,success
2026-08-27T14:35:53.3NZ,200,0.011681,success
2026-08-27T14:35:53.3NZ,200,0.011932,success
2026-08-27T14:35:53.3NZ,200,0.011933,success
2026-08-27T14:35:53.3NZ,200,0.009280,success
2026-08-27T14:35:53.3NZ,200,0.009280,success
2026-08-27T14:35:53.3NZ,200,0.009433,success
2026-08-27T14:35:53.3NZ,200,0.009433,success
2026-08-27T14:35:53.3NZ,200,0.013658,success
2026-08-27T14:35:53.3NZ,200,0.013525,success
2026-08-27T14:35:54.3NZ,200,0.008372,success
2026-08-27T14:35:54.3NZ,200,0.007576,success
2026-08-27T14:35:54.3NZ,200,0.008777,success
2026-08-27T14:35:54.3NZ,200,0.006687,success
2026-08-27T14:35:54.3NZ,200,0.006480,success
2026-08-27T14:35:54.3NZ,200,0.007399,success
2026-08-27T14:35:54.3NZ,200,0.007039,success
2026-08-27T14:35:54.3NZ,200,0.006567,success
2026-08-27T14:35:54.3NZ,200,0.009489,success
2026-08-27T14:35:54.3NZ,200,0.006761,success
2026-08-27T14:35:54.3NZ,200,0.006453,success
2026-08-27T14:35:54.3NZ,200,0.005827,success
2026-08-27T14:35:54.3NZ,200,0.004588,success
2026-08-27T14:35:54.3NZ,200,0.004777,success
2026-08-27T14:35:55.3NZ,200,0.008873,success
2026-08-27T14:35:55.3NZ,200,0.008873,success
2026-08-27T14:35:55.3NZ,200,0.011276,success
2026-08-27T14:35:55.3NZ,200,0.011276,success
2026-08-27T14:35:55.3NZ,200,0.014041,success
2026-08-27T14:35:55.3NZ,200,0.014042,success
2026-08-27T14:35:55.3NZ,200,0.010019,success
2026-08-27T14:35:55.3NZ,200,0.010829,success
2026-08-27T14:35:55.3NZ,200,0.009194,success
2026-08-27T14:35:55.3NZ,200,0.009194,success
2026-08-27T14:35:55.3NZ,200,0.010416,success
2026-08-27T14:35:55.3NZ,200,0.010416,success
2026-08-27T14:35:55.3NZ,200,0.011855,success
2026-08-27T14:35:55.3NZ,200,0.011855,success
2026-08-27T14:35:56.3NZ,200,0.009087,success
2026-08-27T14:35:56.3NZ,200,0.009087,success
2026-08-27T14:35:56.3NZ,200,0.013145,success
2026-08-27T14:35:56.3NZ,200,0.013145,success
2026-08-27T14:35:56.3NZ,200,0.014374,success
2026-08-27T14:35:56.3NZ,200,0.014374,success
2026-08-27T14:35:56.3NZ,200,0.011547,success
2026-08-27T14:35:56.3NZ,200,0.011548,success
2026-08-27T14:35:56.3NZ,200,0.008503,success
2026-08-27T14:35:56.3NZ,200,0.008459,success
2026-08-27T14:35:56.3NZ,200,0.007181,success
2026-08-27T14:35:56.3NZ,200,0.007181,success
2026-08-27T14:35:57.3NZ,200,0.005435,success
2026-08-27T14:35:57.3NZ,200,0.003874,success
2026-08-27T14:35:57.3NZ,200,0.006649,success
2026-08-27T14:35:57.3NZ,200,0.006515,success
2026-08-27T14:35:57.3NZ,200,0.006260,success
2026-08-27T14:35:57.3NZ,200,0.005546,success
2026-08-27T14:35:57.3NZ,200,0.028751,success
2026-08-27T14:35:57.3NZ,200,0.031980,success
2026-08-27T14:35:57.3NZ,200,0.005551,success
2026-08-27T14:35:57.3NZ,200,0.004225,success
2026-08-27T14:35:57.3NZ,200,0.008439,success
2026-08-27T14:35:57.3NZ,200,0.008420,success
2026-08-27T14:35:57.3NZ,200,0.007665,success
2026-08-27T14:35:57.3NZ,200,0.007594,success
2026-08-27T14:35:58.3NZ,200,0.009372,success
2026-08-27T14:35:58.3NZ,200,0.009372,success
2026-08-27T14:35:58.3NZ,200,0.009345,success
2026-08-27T14:35:58.3NZ,200,0.010045,success
2026-08-27T14:35:58.3NZ,200,0.012974,success
2026-08-27T14:35:58.3NZ,200,0.012974,success
2026-08-27T14:35:58.3NZ,200,0.008305,success
2026-08-27T14:35:58.3NZ,200,0.008756,success
2026-08-27T14:35:58.3NZ,200,0.006875,success
2026-08-27T14:35:58.3NZ,200,0.007037,success
2026-08-27T14:35:58.3NZ,200,0.006051,success
2026-08-27T14:35:58.3NZ,200,0.006051,success
2026-08-27T14:35:58.3NZ,200,0.009258,success
2026-08-27T14:35:58.3NZ,200,0.009258,success
2026-08-27T14:35:59.3NZ,200,0.009009,success
2026-08-27T14:35:59.3NZ,200,0.009009,success
2026-08-27T14:35:59.3NZ,200,0.009630,success
2026-08-27T14:35:59.3NZ,200,0.009624,success
2026-08-27T14:35:59.3NZ,200,0.009414,success
2026-08-27T14:35:59.3NZ,200,0.008664,success
2026-08-27T14:35:59.3NZ,200,0.007411,success
2026-08-27T14:35:59.3NZ,200,0.007448,success
2026-08-27T14:35:59.3NZ,200,0.006090,success
2026-08-27T14:35:59.3NZ,200,0.004952,success
2026-08-27T14:35:59.3NZ,200,0.006155,success
2026-08-27T14:35:59.3NZ,200,0.005009,success
2026-08-27T14:35:59.3NZ,200,0.009648,success
2026-08-27T14:35:59.3NZ,200,0.009648,success
2026-08-27T14:36:00.3NZ,200,0.009063,success
2026-08-27T14:36:00.3NZ,200,0.009063,success
2026-08-27T14:36:00.3NZ,200,0.012974,success
2026-08-27T14:36:00.3NZ,200,0.013036,success
2026-08-27T14:36:00.3NZ,200,0.008325,success
2026-08-27T14:36:00.3NZ,200,0.008682,success
2026-08-27T14:36:00.3NZ,200,0.012109,success
2026-08-27T14:36:00.3NZ,200,0.012106,success
2026-08-27T14:36:00.3NZ,200,0.009663,success
2026-08-27T14:36:00.3NZ,200,0.009838,success
2026-08-27T14:36:00.3NZ,200,0.009031,success
2026-08-27T14:36:00.3NZ,200,0.008899,success
2026-08-27T14:36:01.3NZ,200,0.010565,success
2026-08-27T14:36:01.3NZ,200,0.010564,success
2026-08-27T14:36:01.3NZ,200,0.009017,success
2026-08-27T14:36:01.3NZ,200,0.009017,success
2026-08-27T14:36:01.3NZ,200,0.010888,success
2026-08-27T14:36:01.3NZ,200,0.010888,success
2026-08-27T14:36:01.3NZ,200,0.011768,success
2026-08-27T14:36:01.3NZ,200,0.011747,success
2026-08-27T14:36:01.3NZ,200,0.010547,success
2026-08-27T14:36:01.3NZ,200,0.010525,success
2026-08-27T14:36:01.3NZ,200,0.009760,success
2026-08-27T14:36:01.3NZ,200,0.009760,success
2026-08-27T14:36:01.3NZ,200,0.007640,success
2026-08-27T14:36:01.3NZ,200,0.006048,success
2026-08-27T14:36:02.3NZ,200,0.007891,success
2026-08-27T14:36:02.3NZ,200,0.007599,success
2026-08-27T14:36:02.3NZ,200,0.007237,success
2026-08-27T14:36:02.3NZ,200,0.010218,success
2026-08-27T14:36:02.3NZ,200,0.006983,success
2026-08-27T14:36:02.3NZ,200,0.005220,success
2026-08-27T14:36:02.3NZ,200,0.010741,success
2026-08-27T14:36:02.3NZ,200,0.010816,success
2026-08-27T14:36:02.3NZ,200,0.010836,success
2026-08-27T14:36:02.3NZ,200,0.010841,success
2026-08-27T14:36:02.3NZ,200,0.008969,success
2026-08-27T14:36:02.3NZ,200,0.009067,success
2026-08-27T14:36:02.3NZ,200,0.010036,success
2026-08-27T14:36:02.3NZ,200,0.010032,success
2026-08-27T14:36:03.3NZ,200,0.008904,success
2026-08-27T14:36:03.3NZ,200,0.008777,success
2026-08-27T14:36:03.3NZ,200,0.007338,success
2026-08-27T14:36:03.3NZ,200,0.007297,success
2026-08-27T14:36:03.3NZ,200,0.010454,success
2026-08-27T14:36:03.3NZ,200,0.010455,success
2026-08-27T14:36:03.3NZ,200,0.012339,success
2026-08-27T14:36:03.3NZ,200,0.012332,success
2026-08-27T14:36:03.3NZ,200,0.010579,success
2026-08-27T14:36:03.3NZ,200,0.010579,success
2026-08-27T14:36:03.3NZ,200,0.011741,success
2026-08-27T14:36:03.3NZ,200,0.011741,success
2026-08-27T14:36:04.3NZ,200,0.007265,success
2026-08-27T14:36:04.3NZ,200,0.007249,success
2026-08-27T14:36:04.3NZ,200,0.007769,success
2026-08-27T14:36:04.3NZ,200,0.006399,success
2026-08-27T14:36:04.3NZ,200,0.010148,success
2026-08-27T14:36:04.3NZ,200,0.010148,success
2026-08-27T14:36:04.3NZ,200,0.013900,success
2026-08-27T14:36:04.3NZ,200,0.010618,success
2026-08-27T14:36:04.3NZ,200,0.013315,success
2026-08-27T14:36:04.3NZ,200,0.013315,success
2026-08-27T14:36:04.3NZ,200,0.010956,success
2026-08-27T14:36:04.3NZ,200,0.010976,success
2026-08-27T14:36:04.3NZ,200,0.005907,success
2026-08-27T14:36:04.3NZ,200,0.005895,success
2026-08-27T14:36:05.3NZ,200,0.008345,success
2026-08-27T14:36:05.3NZ,200,0.008233,success
2026-08-27T14:36:05.3NZ,200,0.008256,success
2026-08-27T14:36:05.3NZ,200,0.008256,success
2026-08-27T14:36:05.3NZ,200,0.011098,success
2026-08-27T14:36:05.3NZ,200,0.012023,success
2026-08-27T14:36:05.3NZ,200,0.008819,success
2026-08-27T14:36:05.3NZ,200,0.007409,success
2026-08-27T14:36:05.3NZ,200,0.005244,success
2026-08-27T14:36:05.3NZ,200,0.004274,success
2026-08-27T14:36:05.3NZ,200,0.004665,success
2026-08-27T14:36:05.3NZ,200,0.006636,success
2026-08-27T14:36:05.3NZ,200,0.009259,success
2026-08-27T14:36:05.3NZ,200,0.009259,success
2026-08-27T14:36:06.3NZ,200,0.007684,success
2026-08-27T14:36:06.3NZ,200,0.007858,success
2026-08-27T14:36:06.3NZ,200,0.007221,success
2026-08-27T14:36:06.3NZ,200,0.008701,success
2026-08-27T14:36:06.3NZ,200,0.012130,success
2026-08-27T14:36:06.3NZ,200,0.012131,success
2026-08-27T14:36:06.3NZ,200,0.010732,success
2026-08-27T14:36:06.3NZ,200,0.010732,success
2026-08-27T14:36:06.3NZ,200,0.011671,success
2026-08-27T14:36:06.3NZ,200,0.011528,success
2026-08-27T14:36:06.3NZ,200,0.008126,success
2026-08-27T14:36:06.3NZ,200,0.008126,success
2026-08-27T14:36:07.3NZ,200,0.008620,success
2026-08-27T14:36:07.3NZ,200,0.008595,success
2026-08-27T14:36:07.3NZ,200,0.006538,success
2026-08-27T14:36:07.3NZ,200,0.006699,success
2026-08-27T14:36:07.3NZ,200,0.006769,success
2026-08-27T14:36:07.3NZ,200,0.006748,success
2026-08-27T14:36:07.3NZ,200,0.005176,success
2026-08-27T14:36:07.3NZ,200,0.004965,success
2026-08-27T14:36:07.3NZ,200,0.007841,success
2026-08-27T14:36:07.3NZ,200,0.007823,success
2026-08-27T14:36:07.3NZ,200,0.007409,success
2026-08-27T14:36:07.3NZ,200,0.007409,success
2026-08-27T14:36:07.3NZ,200,0.009620,success
2026-08-27T14:36:07.3NZ,200,0.009620,success
2026-08-27T14:36:08.3NZ,200,0.010060,success
2026-08-27T14:36:08.3NZ,200,0.010060,success
2026-08-27T14:36:08.3NZ,200,0.009934,success
2026-08-27T14:36:08.3NZ,200,0.009904,success
2026-08-27T14:36:08.3NZ,200,0.010042,success
2026-08-27T14:36:08.3NZ,200,0.010042,success
2026-08-27T14:36:08.3NZ,200,0.008229,success
2026-08-27T14:36:08.3NZ,200,0.008230,success
2026-08-27T14:36:08.3NZ,200,0.010965,success
2026-08-27T14:36:08.3NZ,200,0.011052,success
2026-08-27T14:36:08.3NZ,200,0.007181,success
2026-08-27T14:36:08.3NZ,200,0.007309,success
2026-08-27T14:36:08.3NZ,200,0.006270,success
2026-08-27T14:36:08.3NZ,200,0.006524,success
2026-08-27T14:36:09.3NZ,200,0.008487,success
2026-08-27T14:36:09.3NZ,200,0.008487,success
2026-08-27T14:36:09.3NZ,200,0.006330,success
2026-08-27T14:36:09.3NZ,200,0.007920,success
2026-08-27T14:36:09.3NZ,200,0.011904,success
2026-08-27T14:36:09.3NZ,200,0.011927,success
2026-08-27T14:36:09.3NZ,200,0.010056,success
2026-08-27T14:36:09.3NZ,200,0.010056,success
2026-08-27T14:36:09.3NZ,200,0.007215,success
2026-08-27T14:36:09.3NZ,200,0.007215,success
2026-08-27T14:36:09.3NZ,200,0.009021,success
2026-08-27T14:36:09.3NZ,200,0.009021,success
2026-08-27T14:36:09.3NZ,200,0.011072,success
2026-08-27T14:36:09.3NZ,200,0.011319,success
2026-08-27T14:36:10.3NZ,200,0.006323,success
2026-08-27T14:36:10.3NZ,200,0.006977,success
2026-08-27T14:36:10.3NZ,200,0.007584,success
2026-08-27T14:36:10.3NZ,200,0.007583,success
2026-08-27T14:36:10.3NZ,200,0.009063,success
2026-08-27T14:36:10.3NZ,200,0.009063,success
2026-08-27T14:36:10.3NZ,200,0.010379,success
2026-08-27T14:36:10.3NZ,200,0.010379,success
2026-08-27T14:36:10.3NZ,200,0.013707,success
2026-08-27T14:36:10.3NZ,200,0.013709,success
2026-08-27T14:36:10.3NZ,200,0.009565,success
2026-08-27T14:36:10.3NZ,200,0.009514,success
2026-08-27T14:36:10.3NZ,200,0.009556,success
2026-08-27T14:36:10.3NZ,200,0.009556,success
2026-08-27T14:36:11.3NZ,200,0.007352,success
2026-08-27T14:36:11.3NZ,200,0.008517,success
2026-08-27T14:36:11.3NZ,200,0.011690,success
2026-08-27T14:36:11.3NZ,200,0.011689,success
2026-08-27T14:36:11.3NZ,200,0.017055,success
2026-08-27T14:36:11.3NZ,200,0.017090,success
2026-08-27T14:36:11.3NZ,200,0.008962,success
2026-08-27T14:36:11.3NZ,200,0.008961,success
2026-08-27T14:36:11.3NZ,200,0.010203,success
2026-08-27T14:36:11.3NZ,200,0.010445,success
2026-08-27T14:36:11.3NZ,200,0.009152,success
2026-08-27T14:36:11.3NZ,200,0.009152,success
2026-08-27T14:36:12.3NZ,200,0.009069,success
2026-08-27T14:36:12.3NZ,200,0.009069,success
2026-08-27T14:36:12.3NZ,200,0.008634,success
2026-08-27T14:36:12.3NZ,200,0.008634,success
2026-08-27T14:36:12.3NZ,200,0.009866,success
2026-08-27T14:36:12.3NZ,200,0.010244,success
2026-08-27T14:36:12.3NZ,200,0.012866,success
2026-08-27T14:36:12.3NZ,200,0.012866,success
2026-08-27T14:36:12.3NZ,200,0.009573,success
2026-08-27T14:36:12.3NZ,200,0.009812,success
2026-08-27T14:36:12.3NZ,200,0.019698,success
2026-08-27T14:36:12.3NZ,200,0.019698,success
2026-08-27T14:36:13.3NZ,200,0.007588,success
2026-08-27T14:36:13.3NZ,200,0.007667,success
2026-08-27T14:36:13.3NZ,200,0.010006,success
2026-08-27T14:36:13.3NZ,200,0.010009,success
2026-08-27T14:36:13.3NZ,200,0.009396,success
2026-08-27T14:36:13.3NZ,200,0.009400,success
2026-08-27T14:36:13.3NZ,200,0.007258,success
2026-08-27T14:36:13.3NZ,200,0.008661,success
2026-08-27T14:36:13.3NZ,200,0.007710,success
2026-08-27T14:36:13.3NZ,200,0.007723,success
2026-08-27T14:36:13.3NZ,200,0.006204,success
2026-08-27T14:36:13.3NZ,200,0.005562,success
2026-08-27T14:36:13.3NZ,200,0.004422,success
2026-08-27T14:36:13.3NZ,200,0.004415,success
2026-08-27T14:36:14.3NZ,200,0.007685,success
2026-08-27T14:36:14.3NZ,200,0.007567,success
2026-08-27T14:36:14.3NZ,200,0.004474,success
2026-08-27T14:36:14.3NZ,200,0.005967,success
2026-08-27T14:36:14.3NZ,200,0.007446,success
2026-08-27T14:36:14.3NZ,200,0.005765,success
2026-08-27T14:36:14.3NZ,200,0.011363,success
2026-08-27T14:36:14.3NZ,200,0.013800,success
2026-08-27T14:36:14.3NZ,200,0.011580,success
2026-08-27T14:36:14.3NZ,200,0.011848,success
2026-08-27T14:36:14.3NZ,200,0.008432,success
2026-08-27T14:36:14.3NZ,200,0.008431,success
2026-08-27T14:36:14.3NZ,200,0.008604,success
2026-08-27T14:36:14.3NZ,200,0.008604,success
2026-08-27T14:36:15.3NZ,200,0.009530,success
2026-08-27T14:36:15.3NZ,200,0.009723,success
2026-08-27T14:36:15.3NZ,200,0.009996,success
2026-08-27T14:36:15.3NZ,200,0.009996,success
2026-08-27T14:36:15.3NZ,200,0.010936,success
2026-08-27T14:36:15.3NZ,200,0.010936,success
2026-08-27T14:36:15.3NZ,200,0.010048,success
2026-08-27T14:36:15.3NZ,200,0.006891,success
2026-08-27T14:36:15.3NZ,200,0.011433,success
2026-08-27T14:36:15.3NZ,200,0.011433,success
2026-08-27T14:36:15.3NZ,200,0.007133,success
2026-08-27T14:36:15.3NZ,200,0.007794,success
2026-08-27T14:36:15.3NZ,200,0.010214,success
2026-08-27T14:36:15.3NZ,200,0.010217,success
2026-08-27T14:36:16.3NZ,200,0.009140,success
2026-08-27T14:36:16.3NZ,200,0.009143,success
2026-08-27T14:36:16.3NZ,200,0.008462,success
2026-08-27T14:36:16.3NZ,200,0.007401,success
2026-08-27T14:36:16.3NZ,200,0.008006,success
2026-08-27T14:36:16.3NZ,200,0.008235,success
2026-08-27T14:36:16.3NZ,200,0.010841,success
2026-08-27T14:36:16.3NZ,200,0.010876,success
2026-08-27T14:36:16.3NZ,200,0.010825,success
2026-08-27T14:36:16.3NZ,200,0.010668,success
2026-08-27T14:36:16.3NZ,200,0.008740,success
2026-08-27T14:36:16.3NZ,200,0.008740,success
2026-08-27T14:36:16.3NZ,200,0.006388,success
2026-08-27T14:36:16.3NZ,200,0.007915,success
2026-08-27T14:36:17.3NZ,200,0.029330,success
2026-08-27T14:36:17.3NZ,200,0.029095,success
2026-08-27T14:36:17.3NZ,200,0.005291,success
2026-08-27T14:36:17.3NZ,200,0.004383,success
2026-08-27T14:36:17.3NZ,200,0.014378,success
2026-08-27T14:36:17.3NZ,200,0.013172,success
2026-08-27T14:36:17.3NZ,200,0.005188,success
2026-08-27T14:36:17.3NZ,200,0.004771,success
2026-08-27T14:36:17.3NZ,200,0.005382,success
2026-08-27T14:36:17.3NZ,200,0.004717,success
2026-08-27T14:36:17.3NZ,200,0.007360,success
2026-08-27T14:36:17.3NZ,200,0.007449,success
2026-08-27T14:36:17.3NZ,200,0.009861,success
2026-08-27T14:36:17.3NZ,200,0.009861,success
2026-08-27T14:36:18.3NZ,200,0.012299,success
2026-08-27T14:36:18.3NZ,200,0.012298,success
2026-08-27T14:36:18.3NZ,200,0.008487,success
2026-08-27T14:36:18.3NZ,200,0.008487,success
2026-08-27T14:36:18.3NZ,200,0.011391,success
2026-08-27T14:36:18.3NZ,200,0.011391,success
2026-08-27T14:36:18.3NZ,200,0.007726,success
2026-08-27T14:36:18.3NZ,200,0.007206,success
2026-08-27T14:36:18.3NZ,200,0.008784,success
2026-08-27T14:36:18.3NZ,200,0.008830,success
2026-08-27T14:36:18.3NZ,200,0.009557,success
2026-08-27T14:36:18.3NZ,200,0.009557,success
2026-08-27T14:36:19.3NZ,200,0.007198,success
2026-08-27T14:36:19.3NZ,200,0.007198,success
2026-08-27T14:36:19.3NZ,200,0.005725,success
2026-08-27T14:36:19.3NZ,200,0.004693,success
2026-08-27T14:36:19.3NZ,200,0.008885,success
2026-08-27T14:36:19.3NZ,200,0.008885,success
2026-08-27T14:36:19.3NZ,200,0.009687,success
2026-08-27T14:36:19.3NZ,200,0.009687,success
2026-08-27T14:36:19.3NZ,200,0.008187,success
2026-08-27T14:36:19.3NZ,200,0.008082,success
2026-08-27T14:36:19.3NZ,200,0.005685,success
2026-08-27T14:36:19.3NZ,200,0.004455,success
2026-08-27T14:36:19.3NZ,200,0.005702,success
2026-08-27T14:36:19.3NZ,200,0.005196,success
2026-08-27T14:36:20.3NZ,200,0.008437,success
2026-08-27T14:36:20.3NZ,200,0.009165,success
2026-08-27T14:36:20.3NZ,200,0.006560,success
2026-08-27T14:36:20.3NZ,200,0.006322,success
2026-08-27T14:36:20.3NZ,200,0.006571,success
2026-08-27T14:36:20.3NZ,200,0.006125,success
2026-08-27T14:36:20.3NZ,200,0.004943,success
2026-08-27T14:36:20.3NZ,200,0.005514,success
2026-08-27T14:36:20.3NZ,200,0.006533,success
2026-08-27T14:36:20.3NZ,200,0.006534,success
2026-08-27T14:36:20.3NZ,200,0.008741,success
2026-08-27T14:36:20.3NZ,200,0.009876,success
2026-08-27T14:36:20.3NZ,200,0.009643,success
2026-08-27T14:36:20.3NZ,200,0.011484,success
2026-08-27T14:36:21.3NZ,200,0.006147,success
2026-08-27T14:36:21.3NZ,200,0.006133,success
2026-08-27T14:36:21.3NZ,200,0.006079,success
2026-08-27T14:36:21.3NZ,200,0.006316,success
2026-08-27T14:36:21.3NZ,200,0.004415,success
2026-08-27T14:36:21.3NZ,200,0.004408,success
2026-08-27T14:36:21.3NZ,200,0.010046,success
2026-08-27T14:36:21.3NZ,200,0.008800,success
2026-08-27T14:36:21.3NZ,200,0.009861,success
2026-08-27T14:36:21.3NZ,200,0.009873,success
2026-08-27T14:36:21.3NZ,200,0.016892,success
2026-08-27T14:36:21.3NZ,200,0.016922,success
2026-08-27T14:36:21.3NZ,200,0.011632,success
2026-08-27T14:36:21.3NZ,200,0.011960,success
2026-08-27T14:36:22.3NZ,200,0.004704,success
2026-08-27T14:36:22.3NZ,200,0.006041,success
2026-08-27T14:36:22.3NZ,200,0.010134,success
2026-08-27T14:36:22.3NZ,200,0.012229,success
2026-08-27T14:36:22.3NZ,200,0.004665,success
2026-08-27T14:36:22.3NZ,200,0.004031,success
2026-08-27T14:36:22.3NZ,200,0.017519,success
2026-08-27T14:36:22.3NZ,200,0.014354,success
2026-08-27T14:36:22.3NZ,200,0.016805,success
2026-08-27T14:36:22.3NZ,200,0.006728,success
2026-08-27T14:36:22.3NZ,200,0.006645,success
2026-08-27T14:36:22.3NZ,200,0.005379,success
2026-08-27T14:36:23.3NZ,200,0.005550,success
2026-08-27T14:36:23.3NZ,200,0.005390,success
2026-08-27T14:36:23.3NZ,200,0.005768,success
2026-08-27T14:36:23.3NZ,200,0.005065,success
2026-08-27T14:36:23.3NZ,200,0.014834,success
2026-08-27T14:36:23.3NZ,200,0.014793,success
2026-08-27T14:36:23.3NZ,200,0.013335,success
2026-08-27T14:36:23.3NZ,200,0.011209,success
2026-08-27T14:36:23.3NZ,200,0.009338,success
2026-08-27T14:36:23.3NZ,200,0.009349,success
2026-08-27T14:36:23.3NZ,200,0.009054,success
2026-08-27T14:36:23.3NZ,200,0.009033,success
2026-08-27T14:36:23.3NZ,200,0.009295,success
2026-08-27T14:36:23.3NZ,200,0.009295,success
2026-08-27T14:36:24.3NZ,200,0.010119,success
2026-08-27T14:36:24.3NZ,200,0.010119,success
2026-08-27T14:36:24.3NZ,200,0.010434,success
2026-08-27T14:36:24.3NZ,200,0.010434,success
2026-08-27T14:36:24.3NZ,200,0.019626,success
2026-08-27T14:36:24.3NZ,200,0.019532,success
2026-08-27T14:36:24.3NZ,200,0.010080,success
2026-08-27T14:36:24.3NZ,200,0.010090,success
2026-08-27T14:36:24.3NZ,200,0.010799,success
2026-08-27T14:36:24.3NZ,200,0.011806,success
2026-08-27T14:36:24.3NZ,200,0.008827,success
2026-08-27T14:36:24.3NZ,200,0.008586,success
2026-08-27T14:36:25.3NZ,200,0.010585,success
2026-08-27T14:36:25.3NZ,200,0.010585,success
2026-08-27T14:36:25.3NZ,200,0.011018,success
2026-08-27T14:36:25.3NZ,200,0.011018,success
2026-08-27T14:36:25.3NZ,200,0.012588,success
2026-08-27T14:36:25.3NZ,200,0.012588,success
2026-08-27T14:36:25.3NZ,200,0.011965,success
2026-08-27T14:36:25.3NZ,200,0.011965,success
2026-08-27T14:36:25.3NZ,200,0.011448,success
2026-08-27T14:36:25.3NZ,200,0.011444,success
2026-08-27T14:36:25.3NZ,200,0.014070,success
2026-08-27T14:36:25.3NZ,200,0.014070,success
2026-08-27T14:36:25.3NZ,200,0.008013,success
2026-08-27T14:36:25.3NZ,200,0.008020,success
2026-08-27T14:36:26.3NZ,200,0.011231,success
2026-08-27T14:36:26.3NZ,200,0.011231,success
2026-08-27T14:36:26.3NZ,200,0.009967,success
2026-08-27T14:36:26.3NZ,200,0.009966,success
2026-08-27T14:36:26.3NZ,200,0.010461,success
2026-08-27T14:36:26.3NZ,200,0.010461,success
2026-08-27T14:36:26.3NZ,200,0.010730,success
2026-08-27T14:36:26.3NZ,200,0.010730,success
2026-08-27T14:36:26.3NZ,200,0.011136,success
2026-08-27T14:36:26.3NZ,200,0.011136,success
2026-08-27T14:36:26.3NZ,200,0.010408,success
2026-08-27T14:36:26.3NZ,200,0.010405,success
2026-08-27T14:36:27.3NZ,200,0.008053,success
2026-08-27T14:36:27.3NZ,200,0.008053,success
2026-08-27T14:36:27.3NZ,200,0.011516,success
2026-08-27T14:36:27.3NZ,200,0.011516,success
2026-08-27T14:36:27.3NZ,200,0.007932,success
2026-08-27T14:36:27.3NZ,200,0.007227,success
2026-08-27T14:36:27.3NZ,200,0.014657,success
2026-08-27T14:36:27.3NZ,200,0.014656,success
2026-08-27T14:36:27.3NZ,200,0.004864,success
2026-08-27T14:36:27.3NZ,200,0.005162,success
2026-08-27T14:36:27.3NZ,200,0.005235,success
2026-08-27T14:36:27.3NZ,200,0.005401,success
2026-08-27T14:36:27.3NZ,200,0.007738,success
2026-08-27T14:36:27.3NZ,200,0.007738,success
2026-08-27T14:36:28.3NZ,200,0.009336,success
2026-08-27T14:36:28.3NZ,200,0.009335,success
2026-08-27T14:36:28.3NZ,200,0.009123,success
2026-08-27T14:36:28.3NZ,200,0.007537,success
2026-08-27T14:36:28.3NZ,200,0.011673,success
2026-08-27T14:36:28.3NZ,200,0.011673,success
2026-08-27T14:36:28.3NZ,200,0.012367,success
2026-08-27T14:36:28.3NZ,200,0.012367,success
2026-08-27T14:36:28.3NZ,200,0.010966,success
2026-08-27T14:36:28.3NZ,200,0.010966,success
2026-08-27T14:36:28.3NZ,200,0.010239,success
2026-08-27T14:36:28.3NZ,200,0.010233,success
2026-08-27T14:36:28.3NZ,200,0.011983,success
2026-08-27T14:36:28.3NZ,200,0.010727,success
2026-08-27T14:36:29.3NZ,200,0.012202,success
2026-08-27T14:36:29.3NZ,200,0.012202,success
2026-08-27T14:36:29.3NZ,200,0.007193,success
2026-08-27T14:36:29.3NZ,200,0.007193,success
2026-08-27T14:36:29.3NZ,200,0.007773,success
2026-08-27T14:36:29.3NZ,200,0.007773,success
2026-08-27T14:36:29.3NZ,200,0.007034,success
2026-08-27T14:36:29.3NZ,200,0.006812,success
2026-08-27T14:36:29.3NZ,200,0.005108,success
2026-08-27T14:36:29.3NZ,200,0.005108,success
2026-08-27T14:36:29.3NZ,200,0.006254,success
2026-08-27T14:36:29.3NZ,200,0.005594,success
2026-08-27T14:36:29.3NZ,200,0.009870,success
2026-08-27T14:36:29.3NZ,200,0.009870,success
2026-08-27T14:36:30.3NZ,200,0.009422,success
2026-08-27T14:36:30.3NZ,200,0.009646,success
2026-08-27T14:36:30.3NZ,200,0.009168,success
2026-08-27T14:36:30.3NZ,200,0.009168,success
2026-08-27T14:36:30.3NZ,200,0.015955,success
2026-08-27T14:36:30.3NZ,200,0.015944,success
2026-08-27T14:36:30.3NZ,200,0.011308,success
2026-08-27T14:36:30.3NZ,200,0.011599,success
2026-08-27T14:36:30.3NZ,200,0.008734,success
2026-08-27T14:36:30.3NZ,200,0.008734,success
2026-08-27T14:36:30.3NZ,200,0.012033,success
2026-08-27T14:36:30.3NZ,200,0.012033,success
2026-08-27T14:36:30.3NZ,200,0.012093,success
2026-08-27T14:36:30.3NZ,200,0.012093,success
2026-08-27T14:36:31.3NZ,200,0.007656,success
2026-08-27T14:36:31.3NZ,200,0.007656,success
2026-08-27T14:36:31.3NZ,200,0.009310,success
2026-08-27T14:36:31.3NZ,200,0.009310,success
2026-08-27T14:36:31.3NZ,200,0.012380,success
2026-08-27T14:36:31.3NZ,200,0.012380,success
2026-08-27T14:36:31.3NZ,200,0.009419,success
2026-08-27T14:36:31.3NZ,200,0.008428,success
2026-08-27T14:36:31.3NZ,200,0.014128,success
2026-08-27T14:36:31.3NZ,200,0.014097,success
2026-08-27T14:36:31.3NZ,200,0.009099,success
2026-08-27T14:36:31.3NZ,200,0.009099,success
2026-08-27T14:36:32.3NZ,200,0.007230,success
2026-08-27T14:36:32.3NZ,200,0.007230,success
2026-08-27T14:36:32.3NZ,200,0.006457,success
2026-08-27T14:36:32.3NZ,200,0.008451,success
2026-08-27T14:36:32.3NZ,200,0.010220,success
2026-08-27T14:36:32.3NZ,200,0.010220,success
2026-08-27T14:36:32.3NZ,200,0.009780,success
2026-08-27T14:36:32.3NZ,200,0.009296,success
2026-08-27T14:36:32.3NZ,200,0.012795,success
2026-08-27T14:36:32.3NZ,200,0.012795,success
2026-08-27T14:36:32.3NZ,200,0.012229,success
2026-08-27T14:36:32.3NZ,200,0.012229,success
2026-08-27T14:36:32.3NZ,200,0.008140,success
2026-08-27T14:36:32.3NZ,200,0.008087,success
2026-08-27T14:36:33.3NZ,200,0.009221,success
2026-08-27T14:36:33.3NZ,200,0.009208,success
2026-08-27T14:36:33.3NZ,200,0.011229,success
2026-08-27T14:36:33.3NZ,200,0.011229,success
2026-08-27T14:36:33.3NZ,200,0.009473,success
2026-08-27T14:36:33.3NZ,200,0.010728,success
2026-08-27T14:36:33.3NZ,200,0.009144,success
2026-08-27T14:36:33.3NZ,200,0.008277,success
2026-08-27T14:36:33.3NZ,200,0.009838,success
2026-08-27T14:36:33.3NZ,200,0.009838,success
2026-08-27T14:36:33.3NZ,200,0.009139,success
2026-08-27T14:36:33.3NZ,200,0.009139,success
2026-08-27T14:36:34.3NZ,200,0.009382,success
2026-08-27T14:36:34.3NZ,200,0.009324,success
2026-08-27T14:36:34.3NZ,200,0.011459,success
2026-08-27T14:36:34.3NZ,200,0.011451,success
2026-08-27T14:36:34.3NZ,200,0.010692,success
2026-08-27T14:36:34.3NZ,200,0.010670,success
2026-08-27T14:36:34.3NZ,200,0.010250,success
2026-08-27T14:36:34.3NZ,200,0.010233,success
2026-08-27T14:36:34.3NZ,200,0.012262,success
2026-08-27T14:36:34.3NZ,200,0.012262,success
2026-08-27T14:36:34.3NZ,200,0.012689,success
2026-08-27T14:36:34.3NZ,200,0.012689,success
2026-08-27T14:36:34.3NZ,200,0.008573,success
2026-08-27T14:36:34.3NZ,200,0.008573,success
2026-08-27T14:36:35.3NZ,200,0.011079,success
2026-08-27T14:36:35.3NZ,200,0.011079,success
2026-08-27T14:36:35.3NZ,200,0.014517,success
2026-08-27T14:36:35.3NZ,200,0.014515,success
2026-08-27T14:36:35.3NZ,200,0.016977,success
2026-08-27T14:36:35.3NZ,200,0.016974,success
2026-08-27T14:36:35.3NZ,200,0.010072,success
2026-08-27T14:36:35.3NZ,200,0.010058,success
2026-08-27T14:36:35.3NZ,200,0.007106,success
2026-08-27T14:36:35.3NZ,200,0.006858,success
2026-08-27T14:36:35.3NZ,200,0.009727,success
2026-08-27T14:36:35.3NZ,200,0.009724,success
2026-08-27T14:36:36.3NZ,200,0.010182,success
2026-08-27T14:36:36.3NZ,200,0.010182,success
2026-08-27T14:36:36.3NZ,200,0.009243,success
2026-08-27T14:36:36.3NZ,200,0.007794,success
2026-08-27T14:36:36.3NZ,200,0.011176,success
2026-08-27T14:36:36.3NZ,200,0.011176,success
2026-08-27T14:36:36.3NZ,200,0.011380,success
2026-08-27T14:36:36.3NZ,200,0.011380,success
2026-08-27T14:36:36.3NZ,200,0.013249,success
2026-08-27T14:36:36.3NZ,200,0.013249,success
2026-08-27T14:36:36.3NZ,200,0.013640,success
2026-08-27T14:36:36.3NZ,200,0.013606,success
2026-08-27T14:36:36.3NZ,200,0.008233,success
2026-08-27T14:36:36.3NZ,200,0.007998,success
2026-08-27T14:36:37.3NZ,200,0.009735,success
2026-08-27T14:36:37.3NZ,200,0.009777,success
2026-08-27T14:36:37.3NZ,200,0.009545,success
2026-08-27T14:36:37.3NZ,200,0.009576,success
2026-08-27T14:36:37.3NZ,200,0.013620,success
2026-08-27T14:36:37.3NZ,200,0.015105,success
2026-08-27T14:36:37.3NZ,200,0.006946,success
2026-08-27T14:36:37.3NZ,200,0.005083,success
2026-08-27T14:36:37.3NZ,200,0.005295,success
2026-08-27T14:36:37.3NZ,200,0.004441,success
2026-08-27T14:36:37.3NZ,200,0.004579,success
2026-08-27T14:36:37.3NZ,200,0.003550,success
2026-08-27T14:36:37.3NZ,200,0.007518,success
2026-08-27T14:36:37.3NZ,200,0.007544,success
2026-08-27T14:36:38.3NZ,200,0.008876,success
2026-08-27T14:36:38.3NZ,200,0.008921,success
2026-08-27T14:36:38.3NZ,200,0.008592,success
2026-08-27T14:36:38.3NZ,200,0.008607,success
2026-08-27T14:36:38.3NZ,200,0.009771,success
2026-08-27T14:36:38.3NZ,200,0.009770,success
2026-08-27T14:36:38.3NZ,200,0.008339,success
2026-08-27T14:36:38.3NZ,200,0.008991,success
2026-08-27T14:36:38.3NZ,200,0.008828,success
2026-08-27T14:36:38.3NZ,200,0.008829,success
2026-08-27T14:36:38.3NZ,200,0.011301,success
2026-08-27T14:36:38.3NZ,200,0.011298,success
2026-08-27T14:36:39.3NZ,200,0.004675,success
2026-08-27T14:36:39.3NZ,200,0.004058,success
2026-08-27T14:36:39.3NZ,200,0.003956,success
2026-08-27T14:36:39.3NZ,200,0.003798,success
2026-08-27T14:36:39.3NZ,200,0.007382,success
2026-08-27T14:36:39.3NZ,200,0.007384,success
2026-08-27T14:36:39.3NZ,200,0.004550,success
2026-08-27T14:36:39.3NZ,200,0.004288,success
2026-08-27T14:36:39.3NZ,200,0.008462,success
2026-08-27T14:36:39.3NZ,200,0.010073,success
2026-08-27T14:36:39.3NZ,200,0.004885,success
2026-08-27T14:36:39.3NZ,200,0.004828,success
2026-08-27T14:36:39.3NZ,200,0.012283,success
2026-08-27T14:36:39.3NZ,200,0.012437,success
2026-08-27T14:36:40.3NZ,200,0.006105,success
2026-08-27T14:36:40.3NZ,200,0.006116,success
2026-08-27T14:36:40.3NZ,200,0.008666,success
2026-08-27T14:36:40.3NZ,200,0.008666,success
2026-08-27T14:36:40.3NZ,200,0.014755,success
2026-08-27T14:36:40.3NZ,200,0.014742,success
2026-08-27T14:36:40.3NZ,200,0.009531,success
2026-08-27T14:36:40.3NZ,200,0.009531,success
2026-08-27T14:36:40.3NZ,200,0.011822,success
2026-08-27T14:36:40.3NZ,200,0.011822,success
2026-08-27T14:36:40.3NZ,200,0.010926,success
2026-08-27T14:36:40.3NZ,200,0.010926,success
2026-08-27T14:36:40.3NZ,200,0.009157,success
2026-08-27T14:36:40.3NZ,200,0.009157,success
2026-08-27T14:36:41.3NZ,200,0.009557,success
2026-08-27T14:36:41.3NZ,200,0.009539,success
2026-08-27T14:36:41.3NZ,200,0.008641,success
2026-08-27T14:36:41.3NZ,200,0.008643,success
2026-08-27T14:36:41.3NZ,200,0.009004,success
2026-08-27T14:36:41.3NZ,200,0.008975,success
2026-08-27T14:36:41.3NZ,200,0.010567,success
2026-08-27T14:36:41.3NZ,200,0.010543,success
2026-08-27T14:36:41.3NZ,200,0.009376,success
2026-08-27T14:36:41.3NZ,200,0.009370,success
2026-08-27T14:36:41.3NZ,200,0.011186,success
2026-08-27T14:36:41.3NZ,200,0.012118,success
2026-08-27T14:36:41.3NZ,200,0.011482,success
2026-08-27T14:36:41.3NZ,200,0.011482,success
2026-08-27T14:36:42.3NZ,200,0.006935,success
2026-08-27T14:36:42.3NZ,200,0.005368,success
2026-08-27T14:36:42.3NZ,200,0.008770,success
2026-08-27T14:36:42.3NZ,200,0.008770,success
2026-08-27T14:36:42.3NZ,200,0.011933,success
2026-08-27T14:36:42.3NZ,200,0.011932,success
2026-08-27T14:36:42.3NZ,200,0.013448,success
2026-08-27T14:36:42.3NZ,200,0.013448,success
2026-08-27T14:36:42.3NZ,200,0.007655,success
2026-08-27T14:36:42.3NZ,200,0.006759,success
2026-08-27T14:36:42.3NZ,200,0.012006,success
2026-08-27T14:36:42.3NZ,200,0.013391,success
2026-08-27T14:36:43.3NZ,200,0.008776,success
2026-08-27T14:36:43.3NZ,200,0.008344,success
2026-08-27T14:36:43.3NZ,200,0.009098,success
2026-08-27T14:36:43.3NZ,200,0.010786,success
2026-08-27T14:36:43.3NZ,200,0.010595,success
2026-08-27T14:36:43.3NZ,200,0.010595,success
2026-08-27T14:36:43.3NZ,200,0.013520,success
2026-08-27T14:36:43.3NZ,200,0.013440,success
2026-08-27T14:36:43.3NZ,200,0.012187,success
2026-08-27T14:36:43.3NZ,200,0.012187,success
2026-08-27T14:36:43.3NZ,200,0.013426,success
2026-08-27T14:36:43.3NZ,200,0.013426,success
2026-08-27T14:36:43.3NZ,200,0.008490,success
2026-08-27T14:36:43.3NZ,200,0.008898,success
2026-08-27T14:36:44.3NZ,200,0.008269,success
2026-08-27T14:36:44.3NZ,200,0.008269,success
2026-08-27T14:36:44.3NZ,200,0.010531,success
2026-08-27T14:36:44.3NZ,200,0.010535,success
2026-08-27T14:36:44.3NZ,200,0.011198,success
2026-08-27T14:36:44.3NZ,200,0.011198,success
2026-08-27T14:36:44.3NZ,200,0.007914,success
2026-08-27T14:36:44.3NZ,200,0.008249,success
2026-08-27T14:36:44.3NZ,200,0.009865,success
2026-08-27T14:36:44.3NZ,200,0.009869,success
2026-08-27T14:36:44.3NZ,200,0.014535,success
2026-08-27T14:36:44.3NZ,200,0.014536,success
2026-08-27T14:36:45.3NZ,200,0.009485,success
2026-08-27T14:36:45.3NZ,200,0.009485,success
2026-08-27T14:36:45.3NZ,200,0.010414,success
2026-08-27T14:36:45.3NZ,200,0.010413,success
2026-08-27T14:36:45.3NZ,200,0.012200,success
2026-08-27T14:36:45.3NZ,200,0.012244,success
2026-08-27T14:36:45.3NZ,200,0.013009,success
2026-08-27T14:36:45.3NZ,200,0.012954,success
2026-08-27T14:36:45.3NZ,200,0.006694,success
2026-08-27T14:36:45.3NZ,200,0.006694,success
2026-08-27T14:36:45.3NZ,200,0.010118,success
2026-08-27T14:36:45.3NZ,200,0.010117,success
2026-08-27T14:36:45.3NZ,200,0.008543,success
2026-08-27T14:36:45.3NZ,200,0.008543,success
2026-08-27T14:36:46.3NZ,200,0.010967,success
2026-08-27T14:36:46.3NZ,200,0.010967,success
2026-08-27T14:36:46.3NZ,200,0.008281,success
2026-08-27T14:36:46.3NZ,200,0.008281,success
2026-08-27T14:36:46.3NZ,200,0.009943,success
2026-08-27T14:36:46.3NZ,200,0.009943,success
2026-08-27T14:36:46.3NZ,200,0.009570,success
2026-08-27T14:36:46.3NZ,200,0.009663,success
2026-08-27T14:36:46.3NZ,200,0.012790,success
2026-08-27T14:36:46.3NZ,200,0.012794,success
2026-08-27T14:36:46.3NZ,200,0.013058,success
2026-08-27T14:36:46.3NZ,200,0.013062,success
2026-08-27T14:36:46.3NZ,200,0.012260,success
2026-08-27T14:36:46.3NZ,200,0.012260,success
2026-08-27T14:36:47.3NZ,200,0.017361,success
2026-08-27T14:36:47.3NZ,200,0.018067,success
2026-08-27T14:36:47.3NZ,200,0.006907,success
2026-08-27T14:36:47.3NZ,200,0.006758,success
2026-08-27T14:36:47.3NZ,200,0.013594,success
2026-08-27T14:36:47.3NZ,200,0.008305,success
2026-08-27T14:36:47.3NZ,200,0.007631,success
2026-08-27T14:36:47.3NZ,200,0.005631,success
2026-08-27T14:36:47.3NZ,200,0.005234,success
2026-08-27T14:36:47.3NZ,200,0.004359,success
2026-08-27T14:36:47.3NZ,200,0.006643,success
2026-08-27T14:36:47.3NZ,200,0.006643,success
2026-08-27T14:36:47.3NZ,200,0.004614,success
2026-08-27T14:36:47.3NZ,200,0.004614,success
2026-08-27T14:36:48.3NZ,200,0.006319,success
2026-08-27T14:36:48.3NZ,200,0.005982,success
2026-08-27T14:36:48.3NZ,200,0.006759,success
2026-08-27T14:36:48.3NZ,200,0.006655,success
2026-08-27T14:36:48.3NZ,200,0.010781,success
2026-08-27T14:36:48.3NZ,200,0.010774,success
2026-08-27T14:36:48.3NZ,200,0.008195,success
2026-08-27T14:36:48.3NZ,200,0.008398,success
2026-08-27T14:36:48.3NZ,200,0.009590,success
2026-08-27T14:36:48.3NZ,200,0.009501,success
2026-08-27T14:36:48.3NZ,200,0.011840,success
2026-08-27T14:36:48.3NZ,200,0.011836,success
2026-08-27T14:36:49.3NZ,200,0.009653,success
2026-08-27T14:36:49.3NZ,200,0.009653,success
2026-08-27T14:36:49.3NZ,200,0.008905,success
2026-08-27T14:36:49.3NZ,200,0.008905,success
2026-08-27T14:36:49.3NZ,200,0.012173,success
2026-08-27T14:36:49.3NZ,200,0.012174,success
2026-08-27T14:36:49.3NZ,200,0.028001,success
2026-08-27T14:36:49.3NZ,200,0.033992,success
2026-08-27T14:36:49.3NZ,200,0.018154,success
2026-08-27T14:36:49.3NZ,200,0.018207,success
2026-08-27T14:36:49.3NZ,200,0.175138,success
2026-08-27T14:36:49.3NZ,200,0.196683,success
2026-08-27T14:36:50.3NZ,200,0.005383,success
2026-08-27T14:36:50.3NZ,200,0.005100,success
2026-08-27T14:36:50.3NZ,200,0.006212,success
2026-08-27T14:36:50.3NZ,200,0.005555,success
2026-08-27T14:36:50.3NZ,200,0.008038,success
2026-08-27T14:36:50.3NZ,200,0.004460,success
2026-08-27T14:36:50.3NZ,200,0.005852,success
2026-08-27T14:36:50.3NZ,200,0.005116,success
2026-08-27T14:36:50.3NZ,200,0.007361,success
2026-08-27T14:36:50.3NZ,200,0.008215,success
2026-08-27T14:36:50.3NZ,200,0.011380,success
2026-08-27T14:36:50.3NZ,200,0.011380,success
2026-08-27T14:36:51.3NZ,200,0.012961,success
2026-08-27T14:36:51.3NZ,200,0.010655,success
2026-08-27T14:36:51.3NZ,200,0.008237,success
2026-08-27T14:36:51.3NZ,200,0.006641,success
2026-08-27T14:36:51.3NZ,200,0.010398,success
2026-08-27T14:36:51.3NZ,200,0.009393,success
2026-08-27T14:36:51.3NZ,200,0.009569,success
2026-08-27T14:36:51.3NZ,200,0.009556,success
2026-08-27T14:36:51.3NZ,200,0.007520,success
2026-08-27T14:36:51.3NZ,200,0.007935,success
2026-08-27T14:36:51.3NZ,200,0.010013,success
2026-08-27T14:36:51.3NZ,200,0.010913,success
2026-08-27T14:36:51.3NZ,200,0.006657,success
2026-08-27T14:36:51.3NZ,200,0.008891,success
2026-08-27T14:36:52.3NZ,200,0.007739,success
2026-08-27T14:36:52.3NZ,200,0.011256,success
2026-08-27T14:36:52.3NZ,200,0.012836,success
2026-08-27T14:36:52.3NZ,200,0.012811,success
2026-08-27T14:36:52.3NZ,200,0.004354,success
2026-08-27T14:36:52.3NZ,200,0.005028,success
2026-08-27T14:36:52.3NZ,200,0.007229,success
2026-08-27T14:36:52.3NZ,200,0.007228,success
2026-08-27T14:36:52.3NZ,200,0.007420,success
2026-08-27T14:36:52.3NZ,200,0.007418,success
2026-08-27T14:36:52.3NZ,200,0.007428,success
2026-08-27T14:36:52.3NZ,200,0.007428,success
2026-08-27T14:36:53.3NZ,200,0.008334,success
2026-08-27T14:36:53.3NZ,200,0.006950,success
2026-08-27T14:36:53.3NZ,200,0.009670,success
2026-08-27T14:36:53.3NZ,200,0.009670,success
2026-08-27T14:36:53.3NZ,200,0.012797,success
2026-08-27T14:36:53.3NZ,200,0.012783,success
2026-08-27T14:36:53.3NZ,200,0.009888,success
2026-08-27T14:36:53.3NZ,200,0.009888,success
2026-08-27T14:36:53.3NZ,200,0.008068,success
2026-08-27T14:36:53.3NZ,200,0.006578,success
2026-08-27T14:36:53.3NZ,200,0.007440,success
2026-08-27T14:36:53.3NZ,200,0.007440,success
2026-08-27T14:36:53.3NZ,200,0.009864,success
2026-08-27T14:36:53.3NZ,200,0.009799,success
2026-08-27T14:36:54.3NZ,200,0.009757,success
2026-08-27T14:36:54.3NZ,200,0.009757,success
2026-08-27T14:36:54.3NZ,200,0.009014,success
2026-08-27T14:36:54.3NZ,200,0.008649,success
2026-08-27T14:36:54.3NZ,200,0.009515,success
2026-08-27T14:36:54.3NZ,200,0.009515,success
2026-08-27T14:36:54.3NZ,200,0.010235,success
2026-08-27T14:36:54.3NZ,200,0.008436,success
2026-08-27T14:36:54.3NZ,200,0.008715,success
2026-08-27T14:36:54.3NZ,200,0.008221,success
2026-08-27T14:36:54.3NZ,200,0.010758,success
2026-08-27T14:36:54.3NZ,200,0.010793,success
2026-08-27T14:36:54.3NZ,200,0.010116,success
2026-08-27T14:36:54.3NZ,200,0.010116,success
2026-08-27T14:36:55.3NZ,200,0.010130,success
2026-08-27T14:36:55.3NZ,200,0.010210,success
2026-08-27T14:36:55.3NZ,200,0.007231,success
2026-08-27T14:36:55.3NZ,200,0.007213,success
2026-08-27T14:36:55.3NZ,200,0.017805,success
2026-08-27T14:36:55.3NZ,200,0.017805,success
2026-08-27T14:36:55.3NZ,200,0.009966,success
2026-08-27T14:36:55.3NZ,200,0.009935,success
2026-08-27T14:36:55.3NZ,200,0.008769,success
2026-08-27T14:36:55.3NZ,200,0.008769,success
2026-08-27T14:36:55.3NZ,200,0.012237,success
2026-08-27T14:36:55.3NZ,200,0.012232,success
2026-08-27T14:36:56.3NZ,200,0.009201,success
2026-08-27T14:36:56.3NZ,200,0.009201,success
2026-08-27T14:36:56.3NZ,200,0.011869,success
2026-08-27T14:36:56.3NZ,200,0.012179,success
2026-08-27T14:36:56.3NZ,200,0.009789,success
2026-08-27T14:36:56.3NZ,200,0.009784,success
2026-08-27T14:36:56.3NZ,200,0.008198,success
2026-08-27T14:36:56.3NZ,200,0.008203,success
2026-08-27T14:36:56.3NZ,200,0.009449,success
2026-08-27T14:36:56.3NZ,200,0.009449,success
2026-08-27T14:36:56.3NZ,200,0.010675,success
2026-08-27T14:36:56.3NZ,200,0.010674,success
2026-08-27T14:36:56.3NZ,200,0.010901,success
2026-08-27T14:36:56.3NZ,200,0.010901,success
2026-08-27T14:36:57.3NZ,200,0.015385,success
2026-08-27T14:36:57.3NZ,200,0.015423,success
2026-08-27T14:36:57.3NZ,200,0.005152,success
2026-08-27T14:36:57.3NZ,200,0.004256,success
2026-08-27T14:36:57.3NZ,200,0.004738,success
2026-08-27T14:36:57.3NZ,200,0.004825,success
2026-08-27T14:36:57.3NZ,200,0.007627,success
2026-08-27T14:36:57.3NZ,200,0.005461,success
2026-08-27T14:36:57.3NZ,200,0.006257,success
2026-08-27T14:36:57.3NZ,200,0.007371,success
2026-08-27T14:36:57.3NZ,200,0.015051,success
2026-08-27T14:36:57.3NZ,200,0.015052,success
2026-08-27T14:36:58.3NZ,200,0.008635,success
2026-08-27T14:36:58.3NZ,200,0.008700,success
2026-08-27T14:36:58.3NZ,200,0.006021,success
2026-08-27T14:36:58.3NZ,200,0.005756,success
2026-08-27T14:36:58.3NZ,200,0.007682,success
2026-08-27T14:36:58.3NZ,200,0.007695,success
2026-08-27T14:36:58.3NZ,200,0.007872,success
2026-08-27T14:36:58.3NZ,200,0.007872,success
2026-08-27T14:36:58.3NZ,200,0.007777,success
2026-08-27T14:36:58.3NZ,200,0.007778,success
2026-08-27T14:36:58.3NZ,200,0.010807,success
2026-08-27T14:36:58.3NZ,200,0.010807,success
2026-08-27T14:36:58.3NZ,200,0.013395,success
2026-08-27T14:36:58.3NZ,200,0.013192,success
2026-08-27T14:36:59.3NZ,200,0.009841,success
2026-08-27T14:36:59.3NZ,200,0.009842,success
2026-08-27T14:36:59.3NZ,200,0.008578,success
2026-08-27T14:36:59.3NZ,200,0.008764,success
2026-08-27T14:36:59.3NZ,200,0.011355,success
2026-08-27T14:36:59.3NZ,200,0.011355,success
2026-08-27T14:36:59.3NZ,200,0.008663,success
2026-08-27T14:36:59.3NZ,200,0.008663,success
2026-08-27T14:36:59.3NZ,200,0.006069,success
2026-08-27T14:36:59.3NZ,200,0.005953,success
2026-08-27T14:36:59.3NZ,200,0.006625,success
2026-08-27T14:36:59.3NZ,200,0.006625,success
2026-08-27T14:36:59.3NZ,200,0.009107,success
2026-08-27T14:36:59.3NZ,200,0.009112,success
2026-08-27T14:37:00.3NZ,200,0.205745,success
2026-08-27T14:37:00.3NZ,200,0.210771,success
2026-08-27T14:37:00.3NZ,200,0.006097,success
2026-08-27T14:37:00.3NZ,200,0.005373,success
2026-08-27T14:37:00.3NZ,200,0.006725,success
2026-08-27T14:37:00.3NZ,200,0.006493,success
2026-08-27T14:37:00.3NZ,200,0.007788,success
2026-08-27T14:37:00.3NZ,200,0.007788,success
2026-08-27T14:37:00.3NZ,200,0.005038,success
2026-08-27T14:37:00.3NZ,200,0.004437,success
2026-08-27T14:37:01.3NZ,200,0.007529,success
2026-08-27T14:37:01.3NZ,200,0.007545,success
2026-08-27T14:37:01.3NZ,200,0.013491,success
2026-08-27T14:37:01.3NZ,200,0.010250,success
2026-08-27T14:37:01.3NZ,200,0.016142,success
2026-08-27T14:37:01.3NZ,200,0.016300,success
2026-08-27T14:37:01.3NZ,200,0.011834,success
2026-08-27T14:37:01.3NZ,200,0.010984,success
2026-08-27T14:37:01.3NZ,200,0.006489,success
2026-08-27T14:37:01.3NZ,200,0.005850,success
2026-08-27T14:37:01.3NZ,200,0.017320,success
2026-08-27T14:37:01.3NZ,200,0.017318,success
2026-08-27T14:37:02.3NZ,200,0.008396,success
2026-08-27T14:37:02.3NZ,200,0.010221,success
2026-08-27T14:37:02.3NZ,200,0.012358,success
2026-08-27T14:37:02.3NZ,200,0.014979,success
2026-08-27T14:37:02.3NZ,200,0.008612,success
2026-08-27T14:37:02.3NZ,200,0.007443,success
2026-08-27T14:37:02.3NZ,200,0.004120,success
2026-08-27T14:37:02.3NZ,200,0.005207,success
2026-08-27T14:37:02.3NZ,200,0.007910,success
2026-08-27T14:37:02.3NZ,200,0.007909,success
2026-08-27T14:37:02.3NZ,200,0.007371,success
2026-08-27T14:37:02.3NZ,200,0.006666,success
2026-08-27T14:37:02.3NZ,200,0.008321,success
2026-08-27T14:37:02.3NZ,200,0.008312,success
2026-08-27T14:37:03.3NZ,200,0.006004,success
2026-08-27T14:37:03.3NZ,200,0.006274,success
2026-08-27T14:37:03.3NZ,200,0.006670,success
2026-08-27T14:37:03.3NZ,200,0.006523,success
2026-08-27T14:37:03.3NZ,200,0.006196,success
2026-08-27T14:37:03.3NZ,200,0.005568,success
2026-08-27T14:37:03.3NZ,200,0.007592,success
2026-08-27T14:37:03.3NZ,200,0.007590,success
2026-08-27T14:37:03.3NZ,200,0.008356,success
2026-08-27T14:37:03.3NZ,200,0.008302,success
2026-08-27T14:37:03.3NZ,200,0.008846,success
2026-08-27T14:37:03.3NZ,200,0.007644,success
2026-08-27T14:37:03.3NZ,200,0.013605,success
2026-08-27T14:37:03.3NZ,200,0.012898,success
2026-08-27T14:37:04.3NZ,200,0.009797,success
2026-08-27T14:37:04.3NZ,200,0.011350,success
2026-08-27T14:37:04.3NZ,200,0.006489,success
2026-08-27T14:37:04.3NZ,200,0.006458,success
2026-08-27T14:37:04.3NZ,200,0.009240,success
2026-08-27T14:37:04.3NZ,200,0.009151,success
2026-08-27T14:37:04.3NZ,200,0.011811,success
2026-08-27T14:37:04.3NZ,200,0.011905,success
2026-08-27T14:37:04.3NZ,200,0.008919,success
2026-08-27T14:37:04.3NZ,200,0.008919,success
2026-08-27T14:37:04.3NZ,200,0.007757,success
2026-08-27T14:37:04.3NZ,200,0.008171,success
2026-08-27T14:37:04.3NZ,200,0.005808,success
2026-08-27T14:37:04.3NZ,200,0.007165,success
2026-08-27T14:37:05.3NZ,200,0.007895,success
2026-08-27T14:37:05.3NZ,200,0.006942,success
2026-08-27T14:37:05.3NZ,200,0.009909,success
2026-08-27T14:37:05.3NZ,200,0.009990,success
2026-08-27T14:37:05.3NZ,200,0.013867,success
2026-08-27T14:37:05.3NZ,200,0.013868,success
2026-08-27T14:37:05.3NZ,200,0.009429,success
2026-08-27T14:37:05.3NZ,200,0.009487,success
2026-08-27T14:37:05.3NZ,200,0.013226,success
2026-08-27T14:37:05.3NZ,200,0.014161,success
2026-08-27T14:37:05.3NZ,200,0.010671,success
2026-08-27T14:37:05.3NZ,200,0.009951,success
2026-08-27T14:37:05.3NZ,200,0.025802,success
2026-08-27T14:37:05.3NZ,200,0.028710,success
2026-08-27T14:37:06.3NZ,200,0.006296,success
2026-08-27T14:37:06.3NZ,200,0.005345,success
2026-08-27T14:37:06.3NZ,200,0.005671,success
2026-08-27T14:37:06.3NZ,200,0.004674,success
2026-08-27T14:37:06.3NZ,200,0.005402,success
2026-08-27T14:37:06.3NZ,200,0.005401,success
2026-08-27T14:37:06.3NZ,200,0.008820,success
2026-08-27T14:37:06.3NZ,200,0.009053,success
2026-08-27T14:37:06.3NZ,200,0.032486,success
2026-08-27T14:37:06.3NZ,200,0.029971,success
2026-08-27T14:37:06.3NZ,200,0.010806,success
2026-08-27T14:37:06.3NZ,200,0.011145,success
2026-08-27T14:37:07.3NZ,200,0.087105,success
2026-08-27T14:37:07.3NZ,200,0.099631,success
2026-08-27T14:37:07.3NZ,200,0.031312,success
2026-08-27T14:37:07.3NZ,200,0.036346,success
2026-08-27T14:37:07.3NZ,200,0.035627,success
2026-08-27T14:37:07.3NZ,200,0.028694,success
2026-08-27T14:37:07.3NZ,200,0.006208,success
2026-08-27T14:37:07.3NZ,200,0.005987,success
2026-08-27T14:37:07.3NZ,200,0.006296,success
2026-08-27T14:37:07.3NZ,200,0.006438,success
2026-08-27T14:37:08.3NZ,200,0.006646,success
2026-08-27T14:37:08.3NZ,200,0.005618,success
2026-08-27T14:37:08.3NZ,200,0.009900,success
2026-08-27T14:37:08.3NZ,200,0.004625,success
2026-08-27T14:37:08.3NZ,200,0.005409,success
2026-08-27T14:37:08.3NZ,200,0.005517,success
2026-08-27T14:37:08.3NZ,200,0.005584,success
2026-08-27T14:37:08.3NZ,200,0.005823,success
2026-08-27T14:37:08.3NZ,200,0.004536,success
2026-08-27T14:37:08.3NZ,200,0.003767,success
2026-08-27T14:37:08.3NZ,200,0.008043,success
2026-08-27T14:37:08.3NZ,200,0.008043,success
2026-08-27T14:37:08.3NZ,200,0.009619,success
2026-08-27T14:37:08.3NZ,200,0.009618,success
2026-08-27T14:37:08.3NZ,200,0.010661,success
2026-08-27T14:37:08.3NZ,200,0.010661,success
2026-08-27T14:37:09.3NZ,200,0.009779,success
2026-08-27T14:37:09.3NZ,200,0.009779,success
2026-08-27T14:37:09.3NZ,200,0.007740,success
2026-08-27T14:37:09.3NZ,200,0.007733,success
2026-08-27T14:37:09.3NZ,200,0.010471,success
2026-08-27T14:37:09.3NZ,200,0.009691,success
2026-08-27T14:37:09.3NZ,200,0.007982,success
2026-08-27T14:37:09.3NZ,200,0.009568,success
2026-08-27T14:37:09.3NZ,200,0.009959,success
2026-08-27T14:37:09.3NZ,200,0.015656,success
2026-08-27T14:37:09.3NZ,200,0.006099,success
2026-08-27T14:37:09.3NZ,200,0.006098,success
2026-08-27T14:37:10.3NZ,200,0.007616,success
2026-08-27T14:37:10.3NZ,200,0.007596,success
2026-08-27T14:37:10.3NZ,200,0.005409,success
2026-08-27T14:37:10.3NZ,200,0.004677,success
2026-08-27T14:37:10.3NZ,200,0.007729,success
2026-08-27T14:37:10.3NZ,200,0.006707,success
2026-08-27T14:37:10.3NZ,200,0.008685,success
2026-08-27T14:37:10.3NZ,200,0.008685,success
2026-08-27T14:37:10.3NZ,200,0.010176,success
2026-08-27T14:37:10.3NZ,200,0.010161,success
2026-08-27T14:37:10.3NZ,200,0.007391,success
2026-08-27T14:37:10.3NZ,200,0.007391,success
2026-08-27T14:37:10.3NZ,200,0.004709,success
2026-08-27T14:37:10.3NZ,200,0.004959,success
2026-08-27T14:37:11.3NZ,200,0.007702,success
2026-08-27T14:37:11.3NZ,200,0.007935,success
2026-08-27T14:37:11.3NZ,200,0.008248,success
2026-08-27T14:37:11.3NZ,200,0.008251,success
2026-08-27T14:37:11.3NZ,200,0.007943,success
2026-08-27T14:37:11.3NZ,200,0.007945,success
2026-08-27T14:37:11.3NZ,200,0.010762,success
2026-08-27T14:37:11.3NZ,200,0.010533,success
2026-08-27T14:37:11.3NZ,200,0.009879,success
2026-08-27T14:37:11.3NZ,200,0.009877,success
2026-08-27T14:37:11.3NZ,200,0.010758,success
2026-08-27T14:37:11.3NZ,200,0.010754,success
2026-08-27T14:37:11.3NZ,200,0.009052,success
2026-08-27T14:37:11.3NZ,200,0.009052,success
2026-08-27T14:37:12.3NZ,200,0.006743,success
2026-08-27T14:37:12.3NZ,200,0.007374,success
2026-08-27T14:37:12.3NZ,200,0.008058,success
2026-08-27T14:37:12.3NZ,200,0.008037,success
2026-08-27T14:37:12.3NZ,200,0.007809,success
2026-08-27T14:37:12.3NZ,200,0.007808,success
2026-08-27T14:37:12.3NZ,200,0.008471,success
2026-08-27T14:37:12.3NZ,200,0.008472,success
2026-08-27T14:37:12.3NZ,200,0.009932,success
2026-08-27T14:37:12.3NZ,200,0.009932,success
2026-08-27T14:37:12.3NZ,200,0.005685,success
2026-08-27T14:37:12.3NZ,200,0.005120,success
2026-08-27T14:37:12.3NZ,200,0.006561,success
2026-08-27T14:37:12.3NZ,200,0.004875,success
2026-08-27T14:37:13.3NZ,200,0.007269,success
2026-08-27T14:37:13.3NZ,200,0.007264,success
2026-08-27T14:37:13.3NZ,200,0.008001,success
2026-08-27T14:37:13.3NZ,200,0.009438,success
2026-08-27T14:37:13.3NZ,200,0.007407,success
2026-08-27T14:37:13.3NZ,200,0.006237,success
2026-08-27T14:37:13.3NZ,200,0.010245,success
2026-08-27T14:37:13.3NZ,200,0.010245,success
2026-08-27T14:37:13.3NZ,200,0.012747,success
2026-08-27T14:37:13.3NZ,200,0.013612,success
2026-08-27T14:37:13.3NZ,200,0.010592,success
2026-08-27T14:37:13.3NZ,200,0.010592,success
2026-08-27T14:37:13.3NZ,200,0.008255,success
2026-08-27T14:37:13.3NZ,200,0.008255,success
2026-08-27T14:37:14.3NZ,200,0.011210,success
2026-08-27T14:37:14.3NZ,200,0.012967,success
2026-08-27T14:37:14.3NZ,200,0.009342,success
2026-08-27T14:37:14.3NZ,200,0.009342,success
2026-08-27T14:37:14.3NZ,200,0.011813,success
2026-08-27T14:37:14.3NZ,200,0.011813,success
2026-08-27T14:37:14.3NZ,200,0.009581,success
2026-08-27T14:37:14.3NZ,200,0.007123,success
2026-08-27T14:37:14.3NZ,200,0.011389,success
2026-08-27T14:37:14.3NZ,200,0.011389,success
2026-08-27T14:37:14.3NZ,200,0.013066,success
2026-08-27T14:37:14.3NZ,200,0.012592,success
2026-08-27T14:37:14.3NZ,200,0.008537,success
2026-08-27T14:37:14.3NZ,200,0.008537,success
2026-08-27T14:37:15.3NZ,200,0.011715,success
2026-08-27T14:37:15.3NZ,200,0.011714,success
2026-08-27T14:37:15.3NZ,200,0.009594,success
2026-08-27T14:37:15.3NZ,200,0.009594,success
2026-08-27T14:37:15.3NZ,200,0.010781,success
2026-08-27T14:37:15.3NZ,200,0.012714,success
2026-08-27T14:37:15.3NZ,200,0.019073,success
2026-08-27T14:37:15.3NZ,200,0.018944,success
2026-08-27T14:37:15.3NZ,200,0.005329,success
2026-08-27T14:37:15.3NZ,200,0.005315,success
2026-08-27T14:37:15.3NZ,200,0.004308,success
2026-08-27T14:37:15.3NZ,200,0.005549,success
2026-08-27T14:37:16.3NZ,200,0.009628,success
2026-08-27T14:37:16.3NZ,200,0.008742,success
2026-08-27T14:37:16.3NZ,200,0.005761,success
2026-08-27T14:37:16.3NZ,200,0.005414,success
2026-08-27T14:37:16.3NZ,200,0.006380,success
2026-08-27T14:37:16.3NZ,200,0.005743,success
2026-08-27T14:37:16.3NZ,200,0.009822,success
2026-08-27T14:37:16.3NZ,200,0.009831,success
2026-08-27T14:37:16.3NZ,200,0.005372,success
2026-08-27T14:37:16.3NZ,200,0.008047,success
2026-08-27T14:37:16.3NZ,200,0.010934,success
2026-08-27T14:37:16.3NZ,200,0.011241,success
2026-08-27T14:37:16.3NZ,200,0.012424,success
2026-08-27T14:37:16.3NZ,200,0.012424,success
2026-08-27T14:37:17.3NZ,200,0.009277,success
2026-08-27T14:37:17.3NZ,200,0.009277,success
2026-08-27T14:37:17.3NZ,200,0.008874,success
2026-08-27T14:37:17.3NZ,200,0.008874,success
2026-08-27T14:37:17.3NZ,200,0.005621,success
2026-08-27T14:37:17.3NZ,200,0.005560,success
2026-08-27T14:37:17.3NZ,200,0.008127,success
2026-08-27T14:37:17.3NZ,200,0.008995,success
2026-08-27T14:37:17.3NZ,200,0.007696,success
2026-08-27T14:37:17.3NZ,200,0.007670,success
2026-08-27T14:37:17.3NZ,200,0.004825,success
2026-08-27T14:37:17.3NZ,200,0.003998,success
2026-08-27T14:37:17.3NZ,200,0.005672,success
2026-08-27T14:37:17.3NZ,200,0.004432,success
2026-08-27T14:37:18.3NZ,200,0.008283,success
2026-08-27T14:37:18.3NZ,200,0.008145,success
2026-08-27T14:37:18.3NZ,200,0.008453,success
2026-08-27T14:37:18.3NZ,200,0.008471,success
2026-08-27T14:37:18.3NZ,200,0.012867,success
2026-08-27T14:37:18.3NZ,200,0.012571,success
2026-08-27T14:37:18.3NZ,200,0.007880,success
2026-08-27T14:37:18.3NZ,200,0.007880,success
2026-08-27T14:37:18.3NZ,200,0.006359,success
2026-08-27T14:37:18.3NZ,200,0.006359,success
2026-08-27T14:37:18.3NZ,200,0.007172,success
2026-08-27T14:37:18.3NZ,200,0.006417,success
2026-08-27T14:37:18.3NZ,200,0.008825,success
2026-08-27T14:37:18.3NZ,200,0.008825,success
2026-08-27T14:37:19.3NZ,200,0.008513,success
2026-08-27T14:37:19.3NZ,200,0.008064,success
2026-08-27T14:37:19.3NZ,200,0.009640,success
2026-08-27T14:37:19.3NZ,200,0.009619,success
2026-08-27T14:37:19.3NZ,200,0.010176,success
2026-08-27T14:37:19.3NZ,200,0.010176,success
2026-08-27T14:37:19.3NZ,200,0.005741,success
2026-08-27T14:37:19.3NZ,200,0.007687,success
2026-08-27T14:37:19.3NZ,200,0.005819,success
2026-08-27T14:37:19.3NZ,200,0.004051,success
2026-08-27T14:37:19.3NZ,200,0.008702,success
2026-08-27T14:37:19.3NZ,200,0.006913,success
2026-08-27T14:37:19.3NZ,200,0.009062,success
2026-08-27T14:37:19.3NZ,200,0.009062,success
2026-08-27T14:37:20.3NZ,200,0.010740,success
2026-08-27T14:37:20.3NZ,200,0.010740,success
2026-08-27T14:37:20.3NZ,200,0.008669,success
2026-08-27T14:37:20.3NZ,200,0.008674,success
2026-08-27T14:37:20.3NZ,200,0.022153,success
2026-08-27T14:37:20.3NZ,200,0.022133,success
2026-08-27T14:37:20.3NZ,200,0.007833,success
2026-08-27T14:37:20.3NZ,200,0.006170,success
2026-08-27T14:37:20.3NZ,200,0.008939,success
2026-08-27T14:37:20.3NZ,200,0.008939,success
2026-08-27T14:37:20.3NZ,200,0.009390,success
2026-08-27T14:37:20.3NZ,200,0.009371,success
2026-08-27T14:37:21.3NZ,200,0.005932,success
2026-08-27T14:37:21.3NZ,200,0.006699,success
2026-08-27T14:37:21.3NZ,200,0.005415,success
2026-08-27T14:37:21.3NZ,200,0.005416,success
2026-08-27T14:37:21.3NZ,200,0.007288,success
2026-08-27T14:37:21.3NZ,200,0.007288,success
2026-08-27T14:37:21.3NZ,200,0.011122,success
2026-08-27T14:37:21.3NZ,200,0.011099,success
2026-08-27T14:37:21.3NZ,200,0.010954,success
2026-08-27T14:37:21.3NZ,200,0.010954,success
2026-08-27T14:37:21.3NZ,200,0.010910,success
2026-08-27T14:37:21.3NZ,200,0.010910,success
2026-08-27T14:37:21.3NZ,200,0.007221,success
2026-08-27T14:37:21.3NZ,200,0.007221,success
2026-08-27T14:37:22.3NZ,200,0.009118,success
2026-08-27T14:37:22.3NZ,200,0.009117,success
2026-08-27T14:37:22.3NZ,200,0.006773,success
2026-08-27T14:37:22.3NZ,200,0.008563,success
2026-08-27T14:37:22.3NZ,200,0.005196,success
2026-08-27T14:37:22.3NZ,200,0.004241,success
2026-08-27T14:37:22.3NZ,200,0.006349,success
2026-08-27T14:37:22.3NZ,200,0.006351,success
2026-08-27T14:37:22.3NZ,200,0.035329,success
2026-08-27T14:37:22.3NZ,200,0.035354,success
2026-08-27T14:37:22.3NZ,200,0.007507,success
2026-08-27T14:37:22.3NZ,200,0.007507,success
2026-08-27T14:37:22.3NZ,200,0.008843,success
2026-08-27T14:37:22.3NZ,200,0.008843,success
2026-08-27T14:37:23.3NZ,200,0.010405,success
2026-08-27T14:37:23.3NZ,200,0.010405,success
2026-08-27T14:37:23.3NZ,200,0.011672,success
2026-08-27T14:37:23.3NZ,200,0.011670,success
2026-08-27T14:37:23.3NZ,200,0.010369,success
2026-08-27T14:37:23.3NZ,200,0.010369,success
2026-08-27T14:37:23.3NZ,200,0.010308,success
2026-08-27T14:37:23.3NZ,200,0.010308,success
2026-08-27T14:37:23.3NZ,200,0.009854,success
2026-08-27T14:37:23.3NZ,200,0.009855,success
2026-08-27T14:37:23.3NZ,200,0.007425,success
2026-08-27T14:37:23.3NZ,200,0.008779,success
2026-08-27T14:37:24.3NZ,200,0.010979,success
2026-08-27T14:37:24.3NZ,200,0.010980,success
2026-08-27T14:37:24.3NZ,200,0.010067,success
2026-08-27T14:37:24.3NZ,200,0.010067,success
2026-08-27T14:37:24.3NZ,200,0.008448,success
2026-08-27T14:37:24.3NZ,200,0.008448,success
2026-08-27T14:37:24.3NZ,200,0.010042,success
2026-08-27T14:37:24.3NZ,200,0.008700,success
2026-08-27T14:37:24.3NZ,200,0.013014,success
2026-08-27T14:37:24.3NZ,200,0.012983,success
2026-08-27T14:37:24.3NZ,200,0.008185,success
2026-08-27T14:37:24.3NZ,200,0.008185,success
2026-08-27T14:37:24.3NZ,200,0.010304,success
2026-08-27T14:37:24.3NZ,200,0.010304,success
2026-08-27T14:37:25.3NZ,200,0.010553,success
2026-08-27T14:37:25.3NZ,200,0.010553,success
2026-08-27T14:37:25.3NZ,200,0.010734,success
2026-08-27T14:37:25.3NZ,200,0.010734,success
2026-08-27T14:37:25.3NZ,200,0.009476,success
2026-08-27T14:37:25.3NZ,200,0.009476,success
2026-08-27T14:37:25.3NZ,200,0.008901,success
2026-08-27T14:37:25.3NZ,200,0.008896,success
2026-08-27T14:37:25.3NZ,200,0.007608,success
2026-08-27T14:37:25.3NZ,200,0.007834,success
2026-08-27T14:37:25.3NZ,200,0.009417,success
2026-08-27T14:37:25.3NZ,200,0.009458,success
2026-08-27T14:37:25.3NZ,200,0.012902,success
2026-08-27T14:37:25.3NZ,200,0.013000,success
2026-08-27T14:37:26.3NZ,200,0.006493,success
2026-08-27T14:37:26.3NZ,200,0.006373,success
2026-08-27T14:37:26.3NZ,200,0.007585,success
2026-08-27T14:37:26.3NZ,200,0.008177,success
2026-08-27T14:37:26.3NZ,200,0.010723,success
2026-08-27T14:37:26.3NZ,200,0.010335,success
2026-08-27T14:37:26.3NZ,200,0.010676,success
2026-08-27T14:37:26.3NZ,200,0.009706,success
2026-08-27T14:37:26.3NZ,200,0.014125,success
2026-08-27T14:37:26.3NZ,200,0.014222,success
2026-08-27T14:37:26.3NZ,200,0.007413,success
2026-08-27T14:37:26.3NZ,200,0.007413,success
2026-08-27T14:37:27.3NZ,200,0.009802,success
2026-08-27T14:37:27.3NZ,200,0.009802,success
2026-08-27T14:37:27.3NZ,200,0.016851,success
2026-08-27T14:37:27.3NZ,200,0.017012,success
2026-08-27T14:37:27.3NZ,200,0.007881,success
2026-08-27T14:37:27.3NZ,200,0.007881,success
2026-08-27T14:37:27.3NZ,200,0.006307,success
2026-08-27T14:37:27.3NZ,200,0.006211,success
2026-08-27T14:37:27.3NZ,200,0.004751,success
2026-08-27T14:37:27.3NZ,200,0.005548,success
2026-08-27T14:37:27.3NZ,200,0.005043,success
2026-08-27T14:37:27.3NZ,200,0.003829,success
2026-08-27T14:37:27.3NZ,200,0.007872,success
2026-08-27T14:37:27.3NZ,200,0.007927,success
2026-08-27T14:37:28.3NZ,200,0.009770,success
2026-08-27T14:37:28.3NZ,200,0.008043,success
2026-08-27T14:37:28.3NZ,200,0.013032,success
2026-08-27T14:37:28.3NZ,200,0.010829,success
2026-08-27T14:37:28.3NZ,200,0.008432,success
2026-08-27T14:37:28.3NZ,200,0.008431,success
2026-08-27T14:37:28.3NZ,200,0.007817,success
2026-08-27T14:37:28.3NZ,200,0.007715,success
2026-08-27T14:37:28.3NZ,200,0.007912,success
2026-08-27T14:37:28.3NZ,200,0.007913,success
2026-08-27T14:37:28.3NZ,200,0.006018,success
2026-08-27T14:37:28.3NZ,200,0.006037,success
2026-08-27T14:37:28.3NZ,200,0.004656,success
2026-08-27T14:37:28.3NZ,200,0.004714,success
2026-08-27T14:37:29.3NZ,200,0.006075,success
2026-08-27T14:37:29.3NZ,200,0.006023,success
2026-08-27T14:37:29.3NZ,200,0.007581,success
2026-08-27T14:37:29.3NZ,200,0.005481,success
2026-08-27T14:37:29.3NZ,200,0.011965,success
2026-08-27T14:37:29.3NZ,200,0.009225,success
2026-08-27T14:37:29.3NZ,200,0.008973,success
2026-08-27T14:37:29.3NZ,200,0.008113,success
2026-08-27T14:37:29.3NZ,200,0.005990,success
2026-08-27T14:37:29.3NZ,200,0.006367,success
2026-08-27T14:37:29.3NZ,200,0.006268,success
2026-08-27T14:37:29.3NZ,200,0.005420,success
2026-08-27T14:37:30.3NZ,200,0.008290,success
2026-08-27T14:37:30.3NZ,200,0.008435,success
2026-08-27T14:37:30.3NZ,200,0.008433,success
2026-08-27T14:37:30.3NZ,200,0.008433,success
2026-08-27T14:37:30.3NZ,200,0.010116,success
2026-08-27T14:37:30.3NZ,200,0.010116,success
2026-08-27T14:37:30.3NZ,200,0.005880,success
2026-08-27T14:37:30.3NZ,200,0.007134,success
2026-08-27T14:37:30.3NZ,200,0.007920,success
2026-08-27T14:37:30.3NZ,200,0.007923,success
2026-08-27T14:37:30.3NZ,200,0.010057,success
2026-08-27T14:37:30.3NZ,200,0.009881,success
2026-08-27T14:37:30.3NZ,200,0.008747,success
2026-08-27T14:37:30.3NZ,200,0.008747,success
2026-08-27T14:37:31.3NZ,200,0.010134,success
2026-08-27T14:37:31.3NZ,200,0.008884,success
2026-08-27T14:37:31.3NZ,200,0.005887,success
2026-08-27T14:37:31.3NZ,200,0.005332,success
2026-08-27T14:37:31.3NZ,200,0.006452,success
2026-08-27T14:37:31.3NZ,200,0.004733,success
2026-08-27T14:37:31.3NZ,200,0.006640,success
2026-08-27T14:37:31.3NZ,200,0.006640,success
2026-08-27T14:37:31.3NZ,200,0.010903,success
2026-08-27T14:37:31.3NZ,200,0.010904,success
2026-08-27T14:37:31.3NZ,200,0.009795,success
2026-08-27T14:37:31.3NZ,200,0.009907,success
2026-08-27T14:37:31.3NZ,200,0.008704,success
2026-08-27T14:37:31.3NZ,200,0.008432,success
2026-08-27T14:37:32.3NZ,200,0.007415,success
2026-08-27T14:37:32.3NZ,200,0.009154,success
2026-08-27T14:37:32.3NZ,200,0.006725,success
2026-08-27T14:37:32.3NZ,200,0.006719,success
2026-08-27T14:37:32.3NZ,200,0.008986,success
2026-08-27T14:37:32.3NZ,200,0.008986,success
2026-08-27T14:37:32.3NZ,200,0.009820,success
2026-08-27T14:37:32.3NZ,200,0.009824,success
2026-08-27T14:37:32.3NZ,200,0.010346,success
2026-08-27T14:37:32.3NZ,200,0.010367,success
2026-08-27T14:37:32.3NZ,200,0.009081,success
2026-08-27T14:37:32.3NZ,200,0.009081,success
2026-08-27T14:37:33.3NZ,200,0.005939,success
2026-08-27T14:37:33.3NZ,200,0.005959,success
2026-08-27T14:37:33.3NZ,200,0.006542,success
2026-08-27T14:37:33.3NZ,200,0.006485,success
2026-08-27T14:37:33.3NZ,200,0.008751,success
2026-08-27T14:37:33.3NZ,200,0.008745,success
2026-08-27T14:37:33.3NZ,200,0.012162,success
2026-08-27T14:37:33.3NZ,200,0.012181,success
2026-08-27T14:37:33.3NZ,200,0.008638,success
2026-08-27T14:37:33.3NZ,200,0.007884,success
2026-08-27T14:37:33.3NZ,200,0.006606,success
2026-08-27T14:37:33.3NZ,200,0.005995,success
2026-08-27T14:37:33.3NZ,200,0.006172,success
2026-08-27T14:37:33.3NZ,200,0.008840,success
2026-08-27T14:37:34.3NZ,200,0.010303,success
2026-08-27T14:37:34.3NZ,200,0.010295,success
2026-08-27T14:37:34.3NZ,200,0.012020,success
2026-08-27T14:37:34.3NZ,200,0.012019,success
2026-08-27T14:37:34.3NZ,200,0.008820,success
2026-08-27T14:37:34.3NZ,200,0.006484,success
2026-08-27T14:37:34.3NZ,200,0.011734,success
2026-08-27T14:37:34.3NZ,200,0.011734,success
2026-08-27T14:37:34.3NZ,200,0.018445,success
2026-08-27T14:37:34.3NZ,200,0.026358,success
2026-08-27T14:37:34.3NZ,200,0.010761,success
2026-08-27T14:37:34.3NZ,200,0.010339,success
2026-08-27T14:37:35.3NZ,200,0.005362,success
2026-08-27T14:37:35.3NZ,200,0.005683,success
2026-08-27T14:37:35.3NZ,200,0.008205,success
2026-08-27T14:37:35.3NZ,200,0.007890,success
2026-08-27T14:37:35.3NZ,200,0.008036,success
2026-08-27T14:37:35.3NZ,200,0.008190,success
2026-08-27T14:37:35.3NZ,200,0.009859,success
2026-08-27T14:37:35.3NZ,200,0.009841,success
2026-08-27T14:37:35.3NZ,200,0.018162,success
2026-08-27T14:37:35.3NZ,200,0.018322,success
2026-08-27T14:37:35.3NZ,200,0.007951,success
2026-08-27T14:37:35.3NZ,200,0.004822,success
2026-08-27T14:37:35.3NZ,200,0.009030,success
2026-08-27T14:37:35.3NZ,200,0.010091,success
2026-08-27T14:37:36.3NZ,200,0.010547,success
2026-08-27T14:37:36.3NZ,200,0.010533,success
2026-08-27T14:37:36.3NZ,200,0.010765,success
2026-08-27T14:37:36.3NZ,200,0.010765,success
2026-08-27T14:37:36.3NZ,200,0.006099,success
2026-08-27T14:37:36.3NZ,200,0.004670,success
2026-08-27T14:37:36.3NZ,200,0.012036,success
2026-08-27T14:37:36.3NZ,200,0.012373,success
2026-08-27T14:37:36.3NZ,200,0.009984,success
2026-08-27T14:37:36.3NZ,200,0.009981,success
2026-08-27T14:37:36.3NZ,200,0.006469,success
2026-08-27T14:37:36.3NZ,200,0.006467,success
2026-08-27T14:37:36.3NZ,200,0.006507,success
2026-08-27T14:37:36.3NZ,200,0.006507,success
2026-08-27T14:37:37.3NZ,200,0.007528,success
2026-08-27T14:37:37.3NZ,200,0.007540,success
2026-08-27T14:37:37.3NZ,200,0.005201,success
2026-08-27T14:37:37.3NZ,200,0.004496,success
2026-08-27T14:37:37.3NZ,200,0.007643,success
2026-08-27T14:37:37.3NZ,200,0.006735,success
2026-08-27T14:37:37.3NZ,200,0.007617,success
2026-08-27T14:37:37.3NZ,200,0.007068,success
2026-08-27T14:37:37.3NZ,200,0.007140,success
2026-08-27T14:37:37.3NZ,200,0.006327,success
2026-08-27T14:37:37.3NZ,200,0.007285,success
2026-08-27T14:37:37.3NZ,200,0.007326,success
2026-08-27T14:37:37.3NZ,200,0.007462,success
2026-08-27T14:37:37.3NZ,200,0.008331,success
2026-08-27T14:37:38.3NZ,200,0.009199,success
2026-08-27T14:37:38.3NZ,200,0.007026,success
2026-08-27T14:37:38.3NZ,200,0.007848,success
2026-08-27T14:37:38.3NZ,200,0.009437,success
2026-08-27T14:37:38.3NZ,200,0.006921,success
2026-08-27T14:37:38.3NZ,200,0.006952,success
2026-08-27T14:37:38.3NZ,200,0.009329,success
2026-08-27T14:37:38.3NZ,200,0.009326,success
2026-08-27T14:37:38.3NZ,200,0.008632,success
2026-08-27T14:37:38.3NZ,200,0.008632,success
2026-08-27T14:37:38.3NZ,200,0.007679,success
2026-08-27T14:37:38.3NZ,200,0.007241,success
2026-08-27T14:37:38.3NZ,200,0.007447,success
2026-08-27T14:37:38.3NZ,200,0.007487,success
2026-08-27T14:37:39.3NZ,200,0.006408,success
2026-08-27T14:37:39.3NZ,200,0.004072,success
2026-08-27T14:37:39.3NZ,200,0.007007,success
2026-08-27T14:37:39.3NZ,200,0.008993,success
2026-08-27T14:37:39.3NZ,200,0.102830,success
2026-08-27T14:37:39.3NZ,200,0.130913,success
2026-08-27T14:37:39.3NZ,200,0.017533,success
2026-08-27T14:37:39.3NZ,200,0.016458,success
2026-08-27T14:37:39.3NZ,200,0.005669,success
2026-08-27T14:37:39.3NZ,200,0.004876,success
2026-08-27T14:37:40.3NZ,200,0.005220,success
2026-08-27T14:37:40.3NZ,200,0.005940,success
2026-08-27T14:37:40.3NZ,200,0.004810,success
2026-08-27T14:37:40.3NZ,200,0.003653,success
2026-08-27T14:37:40.3NZ,200,0.004672,success
2026-08-27T14:37:40.3NZ,200,0.005264,success
2026-08-27T14:37:40.3NZ,200,0.007857,success
2026-08-27T14:37:40.3NZ,200,0.010940,success
2026-08-27T14:37:40.3NZ,200,0.007429,success
2026-08-27T14:37:40.3NZ,200,0.006778,success
2026-08-27T14:37:40.3NZ,200,0.008091,success
2026-08-27T14:37:40.3NZ,200,0.005284,success
2026-08-27T14:37:40.3NZ,200,0.006034,success
2026-08-27T14:37:40.3NZ,200,0.005567,success
2026-08-27T14:37:40.3NZ,200,0.006354,success
2026-08-27T14:37:41.3NZ,200,0.006232,success
2026-08-27T14:37:41.3NZ,200,0.006348,success
2026-08-27T14:37:41.3NZ,200,0.005666,success
2026-08-27T14:37:41.3NZ,200,0.007202,success
2026-08-27T14:37:41.3NZ,200,0.005935,success
2026-08-27T14:37:41.3NZ,200,0.008368,success
2026-08-27T14:37:41.3NZ,200,0.007405,success
2026-08-27T14:37:41.3NZ,200,0.007284,success
2026-08-27T14:37:41.3NZ,200,0.007717,success
2026-08-27T14:37:41.3NZ,200,0.006358,success
2026-08-27T14:37:41.3NZ,200,0.006478,success
2026-08-27T14:37:41.3NZ,200,0.013975,success
2026-08-27T14:37:41.3NZ,200,0.016530,success
2026-08-27T14:37:41.3NZ,200,0.006457,success
2026-08-27T14:37:41.3NZ,200,0.008524,success
2026-08-27T14:37:42.3NZ,200,0.009777,success
2026-08-27T14:37:42.3NZ,200,0.010023,success
2026-08-27T14:37:42.3NZ,200,0.008178,success
2026-08-27T14:37:42.3NZ,200,0.007601,success
2026-08-27T14:37:42.3NZ,200,0.006823,success
2026-08-27T14:37:42.3NZ,200,0.006563,success
2026-08-27T14:37:42.3NZ,200,0.008840,success
2026-08-27T14:37:42.3NZ,200,0.009957,success
2026-08-27T14:37:42.3NZ,200,0.008883,success
2026-08-27T14:37:42.3NZ,200,0.008366,success
2026-08-27T14:37:42.3NZ,200,0.007954,success
2026-08-27T14:37:42.3NZ,200,0.008067,success
2026-08-27T14:37:43.3NZ,200,0.009735,success
2026-08-27T14:37:43.3NZ,200,0.009755,success
2026-08-27T14:37:43.3NZ,200,0.007209,success
2026-08-27T14:37:43.3NZ,200,0.005586,success
2026-08-27T14:37:43.3NZ,200,0.005714,success
2026-08-27T14:37:43.3NZ,200,0.005562,success
2026-08-27T14:37:43.3NZ,200,0.006514,success
2026-08-27T14:37:43.3NZ,200,0.005846,success
2026-08-27T14:37:43.3NZ,200,0.008713,success
2026-08-27T14:37:43.3NZ,200,0.008713,success
2026-08-27T14:37:43.3NZ,200,0.009303,success
2026-08-27T14:37:43.3NZ,200,0.009303,success
2026-08-27T14:37:43.3NZ,200,0.008016,success
2026-08-27T14:37:43.3NZ,200,0.006330,success
2026-08-27T14:37:44.3NZ,200,0.006988,success
2026-08-27T14:37:44.3NZ,200,0.005909,success
2026-08-27T14:37:44.3NZ,200,0.006661,success
2026-08-27T14:37:44.3NZ,200,0.007130,success
2026-08-27T14:37:44.3NZ,200,0.008728,success
2026-08-27T14:37:44.3NZ,200,0.008836,success
2026-08-27T14:37:44.3NZ,200,0.009489,success
2026-08-27T14:37:44.3NZ,200,0.009490,success
2026-08-27T14:37:44.3NZ,200,0.006942,success
2026-08-27T14:37:44.3NZ,200,0.009431,success
2026-08-27T14:37:44.3NZ,200,0.012323,success
2026-08-27T14:37:44.3NZ,200,0.012352,success
2026-08-27T14:37:44.3NZ,200,0.008431,success
2026-08-27T14:37:44.3NZ,200,0.008430,success
2026-08-27T14:37:45.3NZ,200,0.009315,success
2026-08-27T14:37:45.3NZ,200,0.009314,success
2026-08-27T14:37:45.3NZ,200,0.010741,success
2026-08-27T14:37:45.3NZ,200,0.011127,success
2026-08-27T14:37:45.3NZ,200,0.012267,success
2026-08-27T14:37:45.3NZ,200,0.012280,success
2026-08-27T14:37:45.3NZ,200,0.011029,success
2026-08-27T14:37:45.3NZ,200,0.011007,success
2026-08-27T14:37:45.3NZ,200,0.024660,success
2026-08-27T14:37:45.3NZ,200,0.025200,success
2026-08-27T14:37:45.3NZ,200,0.010609,success
2026-08-27T14:37:45.3NZ,200,0.010606,success
2026-08-27T14:37:46.3NZ,200,0.010929,success
2026-08-27T14:37:46.3NZ,200,0.011184,success
2026-08-27T14:37:46.3NZ,200,0.009566,success
2026-08-27T14:37:46.3NZ,200,0.009210,success
2026-08-27T14:37:46.3NZ,200,0.009415,success
2026-08-27T14:37:46.3NZ,200,0.009448,success
2026-08-27T14:37:46.3NZ,200,0.008612,success
2026-08-27T14:37:46.3NZ,200,0.008598,success
2026-08-27T14:37:46.3NZ,200,0.009013,success
2026-08-27T14:37:46.3NZ,200,0.009009,success
2026-08-27T14:37:46.3NZ,200,0.010402,success
2026-08-27T14:37:46.3NZ,200,0.007078,success
2026-08-27T14:37:46.3NZ,200,0.009181,success
2026-08-27T14:37:46.3NZ,200,0.009036,success
2026-08-27T14:37:47.3NZ,200,0.011123,success
2026-08-27T14:37:47.3NZ,200,0.011123,success
2026-08-27T14:37:47.3NZ,200,0.007502,success
2026-08-27T14:37:47.3NZ,200,0.005445,success
2026-08-27T14:37:47.3NZ,200,0.012340,success
2026-08-27T14:37:47.3NZ,200,0.012575,success
2026-08-27T14:37:47.3NZ,200,0.006426,success
2026-08-27T14:37:47.3NZ,200,0.006427,success
2026-08-27T14:37:47.3NZ,200,0.010255,success
2026-08-27T14:37:47.3NZ,200,0.007755,success
2026-08-27T14:37:47.3NZ,200,0.005912,success
2026-08-27T14:37:47.3NZ,200,0.005393,success
2026-08-27T14:37:47.3NZ,200,0.006497,success
2026-08-27T14:37:47.3NZ,200,0.005181,success
2026-08-27T14:37:48.3NZ,200,0.012710,success
2026-08-27T14:37:48.3NZ,200,0.013968,success
2026-08-27T14:37:48.3NZ,200,0.006423,success
2026-08-27T14:37:48.3NZ,200,0.006051,success
2026-08-27T14:37:48.3NZ,200,0.009826,success
2026-08-27T14:37:48.3NZ,200,0.009846,success
2026-08-27T14:37:48.3NZ,200,0.010614,success
2026-08-27T14:37:48.3NZ,200,0.010614,success
2026-08-27T14:37:48.3NZ,200,0.009469,success
2026-08-27T14:37:48.3NZ,200,0.009100,success
2026-08-27T14:37:48.3NZ,200,0.009888,success
2026-08-27T14:37:48.3NZ,200,0.008983,success
2026-08-27T14:37:49.3NZ,200,0.009409,success
2026-08-27T14:37:49.3NZ,200,0.009381,success
2026-08-27T14:37:49.3NZ,200,0.005325,success
2026-08-27T14:37:49.3NZ,200,0.004831,success
2026-08-27T14:37:49.3NZ,200,0.006721,success
2026-08-27T14:37:49.3NZ,200,0.006720,success
2026-08-27T14:37:49.3NZ,200,0.010950,success
2026-08-27T14:37:49.3NZ,200,0.011003,success
2026-08-27T14:37:49.3NZ,200,0.008190,success
2026-08-27T14:37:49.3NZ,200,0.008612,success
2026-08-27T14:37:49.3NZ,200,0.006163,success
2026-08-27T14:37:49.3NZ,200,0.006570,success
2026-08-27T14:37:50.3NZ,200,0.009834,success
2026-08-27T14:37:50.3NZ,200,0.009850,success
2026-08-27T14:37:50.3NZ,200,0.010773,success
2026-08-27T14:37:50.3NZ,200,0.008684,success
2026-08-27T14:37:50.3NZ,200,0.009851,success
2026-08-27T14:37:50.3NZ,200,0.009854,success
2026-08-27T14:37:50.3NZ,200,0.012926,success
2026-08-27T14:37:50.3NZ,200,0.012926,success
2026-08-27T14:37:50.3NZ,200,0.006280,success
2026-08-27T14:37:50.3NZ,200,0.006513,success
2026-08-27T14:37:50.3NZ,200,0.006340,success
2026-08-27T14:37:50.3NZ,200,0.005321,success
2026-08-27T14:37:50.3NZ,200,0.009030,success
2026-08-27T14:37:50.3NZ,200,0.009494,success
2026-08-27T14:37:51.3NZ,200,0.006579,success
2026-08-27T14:37:51.3NZ,200,0.008673,success
2026-08-27T14:37:51.3NZ,200,0.008486,success
2026-08-27T14:37:51.3NZ,200,0.008338,success
2026-08-27T14:37:51.3NZ,200,0.011391,success
2026-08-27T14:37:51.3NZ,200,0.011391,success
2026-08-27T14:37:51.3NZ,200,0.008116,success
2026-08-27T14:37:51.3NZ,200,0.008117,success
2026-08-27T14:37:51.3NZ,200,0.006060,success
2026-08-27T14:37:51.3NZ,200,0.006059,success
2026-08-27T14:37:51.3NZ,200,0.005650,success
2026-08-27T14:37:51.3NZ,200,0.005968,success
2026-08-27T14:37:51.3NZ,200,0.004757,success
2026-08-27T14:37:51.3NZ,200,0.007583,success
2026-08-27T14:37:52.3NZ,200,0.005172,success
2026-08-27T14:37:52.3NZ,200,0.005568,success
2026-08-27T14:37:52.3NZ,200,0.005502,success
2026-08-27T14:37:52.3NZ,200,0.005502,success
2026-08-27T14:37:52.3NZ,200,0.007065,success
2026-08-27T14:37:52.3NZ,200,0.007355,success
2026-08-27T14:37:52.3NZ,200,0.006253,success
2026-08-27T14:37:52.3NZ,200,0.004316,success
2026-08-27T14:37:52.3NZ,200,0.007499,success
2026-08-27T14:37:52.3NZ,200,0.005850,success
2026-08-27T14:37:52.3NZ,200,0.010400,success
2026-08-27T14:37:52.3NZ,200,0.010400,success
2026-08-27T14:37:52.3NZ,200,0.007486,success
2026-08-27T14:37:52.3NZ,200,0.006003,success
2026-08-27T14:37:53.3NZ,200,0.011443,success
2026-08-27T14:37:53.3NZ,200,0.009241,success
2026-08-27T14:37:53.3NZ,200,0.005397,success
2026-08-27T14:37:53.3NZ,200,0.004815,success
2026-08-27T14:37:53.3NZ,200,0.006919,success
2026-08-27T14:37:53.3NZ,200,0.007180,success
2026-08-27T14:37:53.3NZ,200,0.006746,success
2026-08-27T14:37:53.3NZ,200,0.006745,success
2026-08-27T14:37:53.3NZ,200,0.008384,success
2026-08-27T14:37:53.3NZ,200,0.008205,success
2026-08-27T14:37:53.3NZ,200,0.007459,success
2026-08-27T14:37:53.3NZ,200,0.006455,success
2026-08-27T14:37:53.3NZ,200,0.009189,success
2026-08-27T14:37:53.3NZ,200,0.009189,success
2026-08-27T14:37:54.3NZ,200,0.010737,success
2026-08-27T14:37:54.3NZ,200,0.010708,success
2026-08-27T14:37:54.3NZ,200,0.008217,success
2026-08-27T14:37:54.3NZ,200,0.045060,success
2026-08-27T14:37:54.3NZ,200,0.005351,success
2026-08-27T14:37:54.3NZ,200,0.006311,success
2026-08-27T14:37:54.3NZ,200,0.005293,success
2026-08-27T14:37:54.3NZ,200,0.005575,success
2026-08-27T14:37:54.3NZ,200,0.009007,success
2026-08-27T14:37:54.3NZ,200,0.006987,success
2026-08-27T14:37:54.3NZ,200,0.010339,success
2026-08-27T14:37:54.3NZ,200,0.008276,success
2026-08-27T14:37:55.3NZ,200,0.009037,success
2026-08-27T14:37:55.3NZ,200,0.008031,success
2026-08-27T14:37:55.3NZ,200,0.009158,success
2026-08-27T14:37:55.3NZ,200,0.012307,success
2026-08-27T14:37:55.3NZ,200,0.006597,success
2026-08-27T14:37:55.3NZ,200,0.005974,success
2026-08-27T14:37:55.3NZ,200,0.009443,success
2026-08-27T14:37:55.3NZ,200,0.007318,success
2026-08-27T14:37:55.3NZ,200,0.010914,success
2026-08-27T14:37:55.3NZ,200,0.007486,success
2026-08-27T14:37:55.3NZ,200,0.008929,success
2026-08-27T14:37:55.3NZ,200,0.009558,success
2026-08-27T14:37:55.3NZ,200,0.011057,success
2026-08-27T14:37:55.3NZ,200,0.009149,success
2026-08-27T14:37:56.3NZ,200,0.011560,success
2026-08-27T14:37:56.3NZ,200,0.008225,success
2026-08-27T14:37:56.3NZ,200,0.009629,success
2026-08-27T14:37:56.3NZ,200,0.007959,success
2026-08-27T14:37:56.3NZ,200,0.006447,success
2026-08-27T14:37:56.3NZ,200,0.006094,success
2026-08-27T14:37:56.3NZ,200,0.009490,success
2026-08-27T14:37:56.3NZ,200,0.006868,success
2026-08-27T14:37:56.3NZ,200,0.010685,success
2026-08-27T14:37:56.3NZ,200,0.007560,success
2026-08-27T14:37:56.3NZ,200,0.010249,success
2026-08-27T14:37:56.3NZ,200,0.007504,success
2026-08-27T14:37:56.3NZ,200,0.010003,success
2026-08-27T14:37:56.3NZ,200,0.009449,success
2026-08-27T14:37:57.3NZ,200,0.009428,success
2026-08-27T14:37:57.3NZ,200,0.005295,success
2026-08-27T14:37:57.3NZ,200,0.008951,success
2026-08-27T14:37:57.3NZ,200,0.006112,success
2026-08-27T14:37:57.3NZ,200,0.008478,success
2026-08-27T14:37:57.3NZ,200,0.008478,success
2026-08-27T14:37:57.3NZ,200,0.008143,success
2026-08-27T14:37:57.3NZ,200,0.007762,success
2026-08-27T14:37:57.3NZ,200,0.009179,success
2026-08-27T14:37:57.3NZ,200,0.009061,success
2026-08-27T14:37:57.3NZ,200,0.006317,success
2026-08-27T14:37:57.3NZ,200,0.006317,success
2026-08-27T14:37:57.3NZ,200,0.007824,success
2026-08-27T14:37:57.3NZ,200,0.009053,success
2026-08-27T14:37:58.3NZ,200,0.008318,success
2026-08-27T14:37:58.3NZ,200,0.005730,success
2026-08-27T14:37:58.3NZ,200,0.008413,success
2026-08-27T14:37:58.3NZ,200,0.008073,success
2026-08-27T14:37:58.3NZ,200,0.007734,success
2026-08-27T14:37:58.3NZ,200,0.007734,success
2026-08-27T14:37:58.3NZ,200,0.008021,success
2026-08-27T14:37:58.3NZ,200,0.007974,success
2026-08-27T14:37:58.3NZ,200,0.008053,success
2026-08-27T14:37:58.3NZ,200,0.008054,success
2026-08-27T14:37:58.3NZ,200,0.011855,success
2026-08-27T14:37:58.3NZ,200,0.011855,success
2026-08-27T14:37:58.3NZ,200,0.010170,success
2026-08-27T14:37:58.3NZ,200,0.010169,success
2026-08-27T14:37:59.3NZ,200,0.009485,success
2026-08-27T14:37:59.3NZ,200,0.009485,success
2026-08-27T14:37:59.3NZ,200,0.040884,success
2026-08-27T14:37:59.3NZ,200,0.049635,success
2026-08-27T14:37:59.3NZ,200,0.004099,success
2026-08-27T14:37:59.3NZ,200,0.005163,success
2026-08-27T14:37:59.3NZ,200,0.010254,success
2026-08-27T14:37:59.3NZ,200,0.011067,success
2026-08-27T14:37:59.3NZ,200,0.005072,success
2026-08-27T14:37:59.3NZ,200,0.003868,success
2026-08-27T14:37:59.3NZ,200,0.007671,success
2026-08-27T14:37:59.3NZ,200,0.008037,success
2026-08-27T14:38:00.3NZ,200,0.006332,success
2026-08-27T14:38:00.3NZ,200,0.008036,success
2026-08-27T14:38:00.3NZ,200,0.008332,success
2026-08-27T14:38:00.3NZ,200,0.008332,success
2026-08-27T14:38:00.3NZ,200,0.011545,success
2026-08-27T14:38:00.3NZ,200,0.011543,success
2026-08-27T14:38:00.3NZ,200,0.009296,success
2026-08-27T14:38:00.3NZ,200,0.009296,success
2026-08-27T14:38:00.3NZ,200,0.011988,success
2026-08-27T14:38:00.3NZ,200,0.006868,success
2026-08-27T14:38:00.3NZ,200,0.008303,success
2026-08-27T14:38:00.3NZ,200,0.008304,success
2026-08-27T14:38:01.3NZ,200,0.005523,success
2026-08-27T14:38:01.3NZ,200,0.007569,success
2026-08-27T14:38:01.3NZ,200,0.010143,success
2026-08-27T14:38:01.3NZ,200,0.010149,success
2026-08-27T14:38:01.3NZ,200,0.007718,success
2026-08-27T14:38:01.3NZ,200,0.007654,success
2026-08-27T14:38:01.3NZ,200,0.005170,success
2026-08-27T14:38:01.3NZ,200,0.005281,success
2026-08-27T14:38:01.3NZ,200,0.007121,success
2026-08-27T14:38:01.3NZ,200,0.007013,success
2026-08-27T14:38:01.3NZ,200,0.010410,success
2026-08-27T14:38:01.3NZ,200,0.010788,success
2026-08-27T14:38:01.3NZ,200,0.008684,success
2026-08-27T14:38:01.3NZ,200,0.008554,success
2026-08-27T14:38:02.3NZ,200,0.010303,success
2026-08-27T14:38:02.3NZ,200,0.008775,success
2026-08-27T14:38:02.3NZ,200,0.010908,success
2026-08-27T14:38:02.3NZ,200,0.009525,success
2026-08-27T14:38:02.3NZ,200,0.007955,success
2026-08-27T14:38:02.3NZ,200,0.007919,success
2026-08-27T14:38:02.3NZ,200,0.007446,success
2026-08-27T14:38:02.3NZ,200,0.007751,success
2026-08-27T14:38:02.3NZ,200,0.004791,success
2026-08-27T14:38:02.3NZ,200,0.007673,success
2026-08-27T14:38:02.3NZ,200,0.004868,success
2026-08-27T14:38:02.3NZ,200,0.005158,success
2026-08-27T14:38:02.3NZ,200,0.007033,success
2026-08-27T14:38:02.3NZ,200,0.005116,success
2026-08-27T14:38:03.3NZ,200,0.006171,success
2026-08-27T14:38:03.3NZ,200,0.006009,success
2026-08-27T14:38:03.3NZ,200,0.006151,success
2026-08-27T14:38:03.3NZ,200,0.007673,success
2026-08-27T14:38:03.3NZ,200,0.007916,success
2026-08-27T14:38:03.3NZ,200,0.005432,success
2026-08-27T14:38:03.3NZ,200,0.012684,success
2026-08-27T14:38:03.3NZ,200,0.008986,success
2026-08-27T14:38:03.3NZ,200,0.008049,success
2026-08-27T14:38:03.3NZ,200,0.006369,success
2026-08-27T14:38:03.3NZ,200,0.012170,success
2026-08-27T14:38:03.3NZ,200,0.013130,success
2026-08-27T14:38:04.3NZ,200,0.007939,success
2026-08-27T14:38:04.3NZ,200,0.007966,success
2026-08-27T14:38:04.3NZ,200,0.006453,success
2026-08-27T14:38:04.3NZ,200,0.006552,success
2026-08-27T14:38:04.3NZ,200,0.007793,success
2026-08-27T14:38:04.3NZ,200,0.009358,success
2026-08-27T14:38:04.3NZ,200,0.009770,success
2026-08-27T14:38:04.3NZ,200,0.009771,success
2026-08-27T14:38:04.3NZ,200,0.010495,success
2026-08-27T14:38:04.3NZ,200,0.010494,success
2026-08-27T14:38:04.3NZ,200,0.006850,success
2026-08-27T14:38:04.3NZ,200,0.009983,success
2026-08-27T14:38:04.3NZ,200,0.007756,success
2026-08-27T14:38:04.3NZ,200,0.007571,success
2026-08-27T14:38:05.3NZ,200,0.009315,success
2026-08-27T14:38:05.3NZ,200,0.010203,success
2026-08-27T14:38:05.3NZ,200,0.009397,success
2026-08-27T14:38:05.3NZ,200,0.009747,success
2026-08-27T14:38:05.3NZ,200,0.007239,success
2026-08-27T14:38:05.3NZ,200,0.008188,success
2026-08-27T14:38:05.3NZ,200,0.011332,success
2026-08-27T14:38:05.3NZ,200,0.011332,success
2026-08-27T14:38:05.3NZ,200,0.022252,success
2026-08-27T14:38:05.3NZ,200,0.022621,success
2026-08-27T14:38:05.3NZ,200,0.011505,success
2026-08-27T14:38:05.3NZ,200,0.009366,success
2026-08-27T14:38:05.3NZ,200,0.012765,success
2026-08-27T14:38:05.3NZ,200,0.012797,success
2026-08-27T14:38:06.3NZ,200,0.009912,success
2026-08-27T14:38:06.3NZ,200,0.010343,success
2026-08-27T14:38:06.3NZ,200,0.006679,success
2026-08-27T14:38:06.3NZ,200,0.006719,success
2026-08-27T14:38:06.3NZ,200,0.008002,success
2026-08-27T14:38:06.3NZ,200,0.007967,success
2026-08-27T14:38:06.3NZ,200,0.017245,success
2026-08-27T14:38:06.3NZ,200,0.017243,success
2026-08-27T14:38:06.3NZ,200,0.007782,success
2026-08-27T14:38:06.3NZ,200,0.007465,success
2026-08-27T14:38:06.3NZ,200,0.011299,success
2026-08-27T14:38:06.3NZ,200,0.011299,success
2026-08-27T14:38:07.3NZ,200,0.010152,success
2026-08-27T14:38:07.3NZ,200,0.010152,success
2026-08-27T14:38:07.3NZ,200,0.005805,success
2026-08-27T14:38:07.3NZ,200,0.007159,success
2026-08-27T14:38:07.3NZ,200,0.007574,success
2026-08-27T14:38:07.3NZ,200,0.007454,success
2026-08-27T14:38:07.3NZ,200,0.005047,success
2026-08-27T14:38:07.3NZ,200,0.006412,success
2026-08-27T14:38:07.3NZ,200,0.007058,success
2026-08-27T14:38:07.3NZ,200,0.005586,success
2026-08-27T14:38:07.3NZ,200,0.011865,success
2026-08-27T14:38:07.3NZ,200,0.011848,success
2026-08-27T14:38:07.3NZ,200,0.007061,success
2026-08-27T14:38:07.3NZ,200,0.007180,success
2026-08-27T14:38:08.3NZ,200,0.006483,success
2026-08-27T14:38:08.3NZ,200,0.006454,success
2026-08-27T14:38:08.3NZ,200,0.007253,success
2026-08-27T14:38:08.3NZ,200,0.007254,success
2026-08-27T14:38:08.3NZ,200,0.004948,success
2026-08-27T14:38:08.3NZ,200,0.006487,success
2026-08-27T14:38:08.3NZ,200,0.010218,success
2026-08-27T14:38:08.3NZ,200,0.010216,success
2026-08-27T14:38:08.3NZ,200,0.006794,success
2026-08-27T14:38:08.3NZ,200,0.006805,success
2026-08-27T14:38:08.3NZ,200,0.007903,success
2026-08-27T14:38:08.3NZ,200,0.007583,success
2026-08-27T14:38:08.3NZ,200,0.006577,success
2026-08-27T14:38:08.3NZ,200,0.005197,success
2026-08-27T14:38:09.3NZ,200,0.008733,success
2026-08-27T14:38:09.3NZ,200,0.008733,success
2026-08-27T14:38:09.3NZ,200,0.011400,success
2026-08-27T14:38:09.3NZ,200,0.011397,success
2026-08-27T14:38:09.3NZ,200,0.010660,success
2026-08-27T14:38:09.3NZ,200,0.009566,success
2026-08-27T14:38:09.3NZ,200,0.008821,success
2026-08-27T14:38:09.3NZ,200,0.009101,success
2026-08-27T14:38:09.3NZ,200,0.009271,success
2026-08-27T14:38:09.3NZ,200,0.009270,success
2026-08-27T14:38:09.3NZ,200,0.004836,success
2026-08-27T14:38:09.3NZ,200,0.004316,success
2026-08-27T14:38:09.3NZ,200,0.006933,success
2026-08-27T14:38:10.3NZ,200,0.005564,success
2026-08-27T14:38:10.3NZ,200,0.005354,success
2026-08-27T14:38:10.3NZ,200,0.004332,success
2026-08-27T14:38:10.3NZ,200,0.007561,success
2026-08-27T14:38:10.3NZ,200,0.012289,success
2026-08-27T14:38:10.3NZ,200,0.007024,success
2026-08-27T14:38:10.3NZ,200,0.006543,success
2026-08-27T14:38:10.3NZ,200,0.005782,success
2026-08-27T14:38:10.3NZ,200,0.006442,success
2026-08-27T14:38:10.3NZ,200,0.005179,success
2026-08-27T14:38:10.3NZ,200,0.005034,success
2026-08-27T14:38:10.3NZ,200,0.006934,success
2026-08-27T14:38:10.3NZ,200,0.004583,success
2026-08-27T14:38:10.3NZ,200,0.006971,success
2026-08-27T14:38:10.3NZ,200,0.006546,success
2026-08-27T14:38:11.3NZ,200,0.007815,success
2026-08-27T14:38:11.3NZ,200,0.005790,success
2026-08-27T14:38:11.3NZ,200,0.010555,success
2026-08-27T14:38:11.3NZ,200,0.009671,success
2026-08-27T14:38:11.3NZ,200,0.008563,success
2026-08-27T14:38:11.3NZ,200,0.010089,success
2026-08-27T14:38:11.3NZ,200,0.006786,success
2026-08-27T14:38:11.3NZ,200,0.006787,success
2026-08-27T14:38:11.3NZ,200,0.007951,success
2026-08-27T14:38:11.3NZ,200,0.007951,success
2026-08-27T14:38:11.3NZ,200,0.006732,success
2026-08-27T14:38:11.3NZ,200,0.007391,success
2026-08-27T14:38:12.3NZ,200,0.008740,success
2026-08-27T14:38:12.3NZ,200,0.008739,success
2026-08-27T14:38:12.3NZ,200,0.006125,success
2026-08-27T14:38:12.3NZ,200,0.006130,success
2026-08-27T14:38:12.3NZ,200,0.005962,success
2026-08-27T14:38:12.3NZ,200,0.005967,success
2026-08-27T14:38:12.3NZ,200,0.006993,success
2026-08-27T14:38:12.3NZ,200,0.006972,success
2026-08-27T14:38:12.3NZ,200,0.005239,success
2026-08-27T14:38:12.3NZ,200,0.005051,success
2026-08-27T14:38:12.3NZ,200,0.008496,success
2026-08-27T14:38:12.3NZ,200,0.006297,success
2026-08-27T14:38:12.3NZ,200,0.007879,success
2026-08-27T14:38:12.3NZ,200,0.007239,success
2026-08-27T14:38:13.3NZ,200,0.013139,success
2026-08-27T14:38:13.3NZ,200,0.013309,success
2026-08-27T14:38:13.3NZ,200,0.005618,success
2026-08-27T14:38:13.3NZ,200,0.006217,success
2026-08-27T14:38:13.3NZ,200,0.004670,success
2026-08-27T14:38:13.3NZ,200,0.004834,success
2026-08-27T14:38:13.3NZ,200,0.006652,success
2026-08-27T14:38:13.3NZ,200,0.006651,success
2026-08-27T14:38:13.3NZ,200,0.008366,success
2026-08-27T14:38:13.3NZ,200,0.009042,success
2026-08-27T14:38:13.3NZ,200,0.006099,success
2026-08-27T14:38:13.3NZ,200,0.006139,success
2026-08-27T14:38:13.3NZ,200,0.004884,success
2026-08-27T14:38:13.3NZ,200,0.004650,success
2026-08-27T14:38:14.3NZ,200,0.005312,success
2026-08-27T14:38:14.3NZ,200,0.005641,success
2026-08-27T14:38:14.3NZ,200,0.007299,success
2026-08-27T14:38:14.3NZ,200,0.005135,success
2026-08-27T14:38:14.3NZ,200,0.013254,success
2026-08-27T14:38:14.3NZ,200,0.013254,success
2026-08-27T14:38:14.3NZ,200,0.011968,success
2026-08-27T14:38:14.3NZ,200,0.008983,success
2026-08-27T14:38:14.3NZ,200,0.007301,success
2026-08-27T14:38:14.3NZ,200,0.008202,success
2026-08-27T14:38:14.3NZ,200,0.006620,success
2026-08-27T14:38:14.3NZ,200,0.006953,success
2026-08-27T14:38:14.3NZ,200,0.005724,success
2026-08-27T14:38:14.3NZ,200,0.005916,success
2026-08-27T14:38:15.3NZ,200,0.004665,success
2026-08-27T14:38:15.3NZ,200,0.004812,success
2026-08-27T14:38:15.3NZ,200,0.009655,success
2026-08-27T14:38:15.3NZ,200,0.009749,success
2026-08-27T14:38:15.3NZ,200,0.012259,success
2026-08-27T14:38:15.3NZ,200,0.012259,success
2026-08-27T14:38:15.3NZ,200,0.011713,success
2026-08-27T14:38:15.3NZ,200,0.012476,success
2026-08-27T14:38:15.3NZ,200,0.010401,success
2026-08-27T14:38:15.3NZ,200,0.012653,success
2026-08-27T14:38:15.3NZ,200,0.013890,success
2026-08-27T14:38:15.3NZ,200,0.013890,success
2026-08-27T14:38:15.3NZ,200,0.013815,success
2026-08-27T14:38:15.3NZ,200,0.013817,success
2026-08-27T14:38:16.3NZ,200,0.010786,success
2026-08-27T14:38:16.3NZ,200,0.010582,success
2026-08-27T14:38:16.3NZ,200,0.005048,success
2026-08-27T14:38:16.3NZ,200,0.005050,success
2026-08-27T14:38:16.3NZ,200,0.009309,success
2026-08-27T14:38:16.3NZ,200,0.009222,success
2026-08-27T14:38:16.3NZ,200,0.011931,success
2026-08-27T14:38:16.3NZ,200,0.011932,success
2026-08-27T14:38:16.3NZ,200,0.013375,success
2026-08-27T14:38:16.3NZ,200,0.011205,success
2026-08-27T14:38:16.3NZ,200,0.007115,success
2026-08-27T14:38:16.3NZ,200,0.008120,success
2026-08-27T14:38:16.3NZ,200,0.011520,success
2026-08-27T14:38:16.3NZ,200,0.010702,success
2026-08-27T14:38:17.3NZ,200,0.011436,success
2026-08-27T14:38:17.3NZ,200,0.011603,success
2026-08-27T14:38:17.3NZ,200,0.006426,success
2026-08-27T14:38:17.3NZ,200,0.006427,success
2026-08-27T14:38:17.3NZ,200,0.005318,success
2026-08-27T14:38:17.3NZ,200,0.005166,success
2026-08-27T14:38:17.3NZ,200,0.012883,success
2026-08-27T14:38:17.3NZ,200,0.010993,success
2026-08-27T14:38:17.3NZ,200,0.009644,success
2026-08-27T14:38:17.3NZ,200,0.009644,success
2026-08-27T14:38:17.3NZ,200,0.006068,success
2026-08-27T14:38:17.3NZ,200,0.005410,success
2026-08-27T14:38:17.3NZ,200,0.005347,success
2026-08-27T14:38:17.3NZ,200,0.004310,success
2026-08-27T14:38:18.3NZ,200,0.007853,success
2026-08-27T14:38:18.3NZ,200,0.006872,success
2026-08-27T14:38:18.3NZ,200,0.009162,success
2026-08-27T14:38:18.3NZ,200,0.008441,success
2026-08-27T14:38:18.3NZ,200,0.010812,success
2026-08-27T14:38:18.3NZ,200,0.010490,success
2026-08-27T14:38:18.3NZ,200,0.006608,success
2026-08-27T14:38:18.3NZ,200,0.006654,success
2026-08-27T14:38:18.3NZ,200,0.006605,success
2026-08-27T14:38:18.3NZ,200,0.006600,success
2026-08-27T14:38:18.3NZ,200,0.007817,success
2026-08-27T14:38:18.3NZ,200,0.006370,success
2026-08-27T14:38:18.3NZ,200,0.006469,success
2026-08-27T14:38:18.3NZ,200,0.006473,success
2026-08-27T14:38:19.3NZ,200,0.006809,success
2026-08-27T14:38:19.3NZ,200,0.006810,success
2026-08-27T14:38:19.3NZ,200,0.009498,success
2026-08-27T14:38:19.3NZ,200,0.009498,success
2026-08-27T14:38:19.3NZ,200,0.011532,success
2026-08-27T14:38:19.3NZ,200,0.011532,success
2026-08-27T14:38:19.3NZ,200,0.010668,success
2026-08-27T14:38:19.3NZ,200,0.009119,success
2026-08-27T14:38:19.3NZ,200,0.014356,success
2026-08-27T14:38:19.3NZ,200,0.014316,success
2026-08-27T14:38:19.3NZ,200,0.005474,success
2026-08-27T14:38:19.3NZ,200,0.006027,success
2026-08-27T14:38:19.3NZ,200,0.007029,success
2026-08-27T14:38:19.3NZ,200,0.006308,success
2026-08-27T14:38:20.3NZ,200,0.007338,success
2026-08-27T14:38:20.3NZ,200,0.005131,success
2026-08-27T14:38:20.3NZ,200,0.006334,success
2026-08-27T14:38:20.3NZ,200,0.007421,success
2026-08-27T14:38:20.3NZ,200,0.005361,success
2026-08-27T14:38:20.3NZ,200,0.004730,success
2026-08-27T14:38:20.3NZ,200,0.006031,success
2026-08-27T14:38:20.3NZ,200,0.005130,success
2026-08-27T14:38:20.3NZ,200,0.004899,success
2026-08-27T14:38:20.3NZ,200,0.006268,success
2026-08-27T14:38:20.3NZ,200,0.006112,success
2026-08-27T14:38:20.3NZ,200,0.006010,success
2026-08-27T14:38:20.3NZ,200,0.008841,success
2026-08-27T14:38:20.3NZ,200,0.006797,success
2026-08-27T14:38:21.3NZ,200,0.012687,success
2026-08-27T14:38:21.3NZ,200,0.012114,success
2026-08-27T14:38:21.3NZ,200,0.010627,success
2026-08-27T14:38:21.3NZ,200,0.013375,success
2026-08-27T14:38:21.3NZ,200,0.012410,success
2026-08-27T14:38:21.3NZ,200,0.012380,success
2026-08-27T14:38:21.3NZ,200,0.020935,success
2026-08-27T14:38:21.3NZ,200,0.021388,success
2026-08-27T14:38:21.3NZ,200,0.007743,success
2026-08-27T14:38:21.3NZ,200,0.005567,success
2026-08-27T14:38:21.3NZ,200,0.007363,success
2026-08-27T14:38:21.3NZ,200,0.005584,success
2026-08-27T14:38:22.3NZ,200,0.007187,success
2026-08-27T14:38:22.3NZ,200,0.006756,success
2026-08-27T14:38:22.3NZ,200,0.007626,success
2026-08-27T14:38:22.3NZ,200,0.006535,success
2026-08-27T14:38:22.3NZ,200,0.009172,success
2026-08-27T14:38:22.3NZ,200,0.007662,success
2026-08-27T14:38:22.3NZ,200,0.004704,success
2026-08-27T14:38:22.3NZ,200,0.004298,success
2026-08-27T14:38:22.3NZ,200,0.010548,success
2026-08-27T14:38:22.3NZ,200,0.006367,success
2026-08-27T14:38:22.3NZ,200,0.006098,success
2026-08-27T14:38:22.3NZ,200,0.005632,success
2026-08-27T14:38:22.3NZ,200,0.006710,success
2026-08-27T14:38:22.3NZ,200,0.004819,success
2026-08-27T14:38:23.3NZ,200,0.005073,success
2026-08-27T14:38:23.3NZ,200,0.005347,success
2026-08-27T14:38:23.3NZ,200,0.011928,success
2026-08-27T14:38:23.3NZ,200,0.008533,success
2026-08-27T14:38:23.3NZ,200,0.006979,success
2026-08-27T14:38:23.3NZ,200,0.008971,success
2026-08-27T14:38:23.3NZ,200,0.006237,success
2026-08-27T14:38:23.3NZ,200,0.005248,success
2026-08-27T14:38:23.3NZ,200,0.009571,success
2026-08-27T14:38:23.3NZ,200,0.007074,success
2026-08-27T14:38:23.3NZ,200,0.008663,success
2026-08-27T14:38:23.3NZ,200,0.008144,success
2026-08-27T14:38:23.3NZ,200,0.007751,success
2026-08-27T14:38:23.3NZ,200,0.005877,success
2026-08-27T14:38:24.3NZ,200,0.007072,success
2026-08-27T14:38:24.3NZ,200,0.007071,success
2026-08-27T14:38:24.3NZ,200,0.009264,success
2026-08-27T14:38:24.3NZ,200,0.009295,success
2026-08-27T14:38:24.3NZ,200,0.006417,success
2026-08-27T14:38:24.3NZ,200,0.005449,success
2026-08-27T14:38:24.3NZ,200,0.013558,success
2026-08-27T14:38:24.3NZ,200,0.011813,success
2026-08-27T14:38:24.3NZ,200,0.011548,success
2026-08-27T14:38:24.3NZ,200,0.010307,success
2026-08-27T14:38:24.3NZ,200,0.017402,success
2026-08-27T14:38:24.3NZ,200,0.016387,success
2026-08-27T14:38:24.3NZ,200,0.004305,success
2026-08-27T14:38:24.3NZ,200,0.003901,success
2026-08-27T14:38:25.3NZ,200,0.007095,success
2026-08-27T14:38:25.3NZ,200,0.005481,success
2026-08-27T14:38:25.3NZ,200,0.007684,success
2026-08-27T14:38:25.3NZ,200,0.007846,success
2026-08-27T14:38:25.3NZ,200,0.012373,success
2026-08-27T14:38:25.3NZ,200,0.012478,success
2026-08-27T14:38:25.3NZ,200,0.012987,success
2026-08-27T14:38:25.3NZ,200,0.010043,success
2026-08-27T14:38:25.3NZ,200,0.012172,success
2026-08-27T14:38:25.3NZ,200,0.013244,success
2026-08-27T14:38:25.3NZ,200,0.010766,success
2026-08-27T14:38:25.3NZ,200,0.010811,success
2026-08-27T14:38:25.3NZ,200,0.015509,success
2026-08-27T14:38:25.3NZ,200,0.013454,success
2026-08-27T14:38:26.3NZ,200,0.008172,success
2026-08-27T14:38:26.3NZ,200,0.008196,success
2026-08-27T14:38:26.3NZ,200,0.006783,success
2026-08-27T14:38:26.3NZ,200,0.006781,success
2026-08-27T14:38:26.3NZ,200,0.006184,success
2026-08-27T14:38:26.3NZ,200,0.005078,success
2026-08-27T14:38:26.3NZ,200,0.010299,success
2026-08-27T14:38:26.3NZ,200,0.006362,success
2026-08-27T14:38:26.3NZ,200,0.008260,success
2026-08-27T14:38:26.3NZ,200,0.008692,success
2026-08-27T14:38:26.3NZ,200,0.007051,success
2026-08-27T14:38:26.3NZ,200,0.006932,success
2026-08-27T14:38:26.3NZ,200,0.005567,success
2026-08-27T14:38:26.3NZ,200,0.005138,success
2026-08-27T14:38:27.3NZ,200,0.012046,success
2026-08-27T14:38:27.3NZ,200,0.011647,success
2026-08-27T14:38:27.3NZ,200,0.011829,success
2026-08-27T14:38:27.3NZ,200,0.011040,success
2026-08-27T14:38:27.3NZ,200,0.007550,success
2026-08-27T14:38:27.3NZ,200,0.007665,success
2026-08-27T14:38:27.3NZ,200,0.005626,success
2026-08-27T14:38:27.3NZ,200,0.003795,success
2026-08-27T14:38:27.3NZ,200,0.006101,success
2026-08-27T14:38:27.3NZ,200,0.005112,success
2026-08-27T14:38:27.3NZ,200,0.006024,success
2026-08-27T14:38:27.3NZ,200,0.005438,success
2026-08-27T14:38:27.3NZ,200,0.008838,success
2026-08-27T14:38:27.3NZ,200,0.009499,success
2026-08-27T14:38:28.3NZ,200,0.007624,success
2026-08-27T14:38:28.3NZ,200,0.006639,success
2026-08-27T14:38:28.3NZ,200,0.008221,success
2026-08-27T14:38:28.3NZ,200,0.009008,success
2026-08-27T14:38:28.3NZ,200,0.007158,success
2026-08-27T14:38:28.3NZ,200,0.006215,success
2026-08-27T14:38:28.3NZ,200,0.007002,success
2026-08-27T14:38:28.3NZ,200,0.007036,success
2026-08-27T14:38:28.3NZ,200,0.005914,success
2026-08-27T14:38:28.3NZ,200,0.005910,success
2026-08-27T14:38:28.3NZ,200,0.005546,success
2026-08-27T14:38:28.3NZ,200,0.006917,success
2026-08-27T14:38:28.3NZ,200,0.007522,success
2026-08-27T14:38:28.3NZ,200,0.007522,success
2026-08-27T14:38:29.3NZ,200,0.011892,success
2026-08-27T14:38:29.3NZ,200,0.010000,success
2026-08-27T14:38:29.3NZ,200,0.006172,success
2026-08-27T14:38:29.3NZ,200,0.006180,success
2026-08-27T14:38:29.3NZ,200,0.006237,success
2026-08-27T14:38:29.3NZ,200,0.006238,success
2026-08-27T14:38:29.3NZ,200,0.006149,success
2026-08-27T14:38:29.3NZ,200,0.006149,success
2026-08-27T14:38:29.3NZ,200,0.042841,success
2026-08-27T14:38:29.3NZ,200,0.043809,success
2026-08-27T14:38:29.3NZ,200,0.011390,success
2026-08-27T14:38:29.3NZ,200,0.010697,success
2026-08-27T14:38:30.3NZ,200,0.007595,success
2026-08-27T14:38:30.3NZ,200,0.008007,success
2026-08-27T14:38:30.3NZ,200,0.008955,success
2026-08-27T14:38:30.3NZ,200,0.005552,success
2026-08-27T14:38:30.3NZ,200,0.006507,success
2026-08-27T14:38:30.3NZ,200,0.005901,success
2026-08-27T14:38:30.3NZ,200,0.005152,success
2026-08-27T14:38:30.3NZ,200,0.006998,success
2026-08-27T14:38:30.3NZ,200,0.006987,success
2026-08-27T14:38:30.3NZ,200,0.006400,success
2026-08-27T14:38:30.3NZ,200,0.011351,success
2026-08-27T14:38:30.3NZ,200,0.007876,success
2026-08-27T14:38:30.3NZ,200,0.007980,success
2026-08-27T14:38:30.3NZ,200,0.008246,success
2026-08-27T14:38:31.3NZ,200,0.010209,success
2026-08-27T14:38:31.3NZ,200,0.010208,success
2026-08-27T14:38:31.3NZ,200,0.006546,success
2026-08-27T14:38:31.3NZ,200,0.006546,success
2026-08-27T14:38:31.3NZ,200,0.005505,success
2026-08-27T14:38:31.3NZ,200,0.005203,success
2026-08-27T14:38:31.3NZ,200,0.004579,success
2026-08-27T14:38:31.3NZ,200,0.006005,success
2026-08-27T14:38:31.3NZ,200,0.005942,success
2026-08-27T14:38:31.3NZ,200,0.007842,success
2026-08-27T14:38:31.3NZ,200,0.007141,success
2026-08-27T14:38:31.3NZ,200,0.007355,success
2026-08-27T14:38:31.3NZ,200,0.009290,success
2026-08-27T14:38:31.3NZ,200,0.007830,success
2026-08-27T14:38:32.3NZ,200,0.006139,success
2026-08-27T14:38:32.3NZ,200,0.005188,success
2026-08-27T14:38:32.3NZ,200,0.015265,success
2026-08-27T14:38:32.3NZ,200,0.015265,success
2026-08-27T14:38:32.3NZ,200,0.006317,success
2026-08-27T14:38:32.3NZ,200,0.004263,success
2026-08-27T14:38:32.3NZ,200,0.005864,success
2026-08-27T14:38:32.3NZ,200,0.005566,success
2026-08-27T14:38:32.3NZ,200,0.007519,success
2026-08-27T14:38:32.3NZ,200,0.006521,success
2026-08-27T14:38:32.3NZ,200,0.013082,success
2026-08-27T14:38:32.3NZ,200,0.013833,success
2026-08-27T14:38:32.3NZ,200,0.005895,success
2026-08-27T14:38:32.3NZ,200,0.005671,success
2026-08-27T14:38:33.3NZ,200,0.005770,success
2026-08-27T14:38:33.3NZ,200,0.005485,success
2026-08-27T14:38:33.3NZ,200,0.005880,success
2026-08-27T14:38:33.3NZ,200,0.006295,success
2026-08-27T14:38:33.3NZ,200,0.006502,success
2026-08-27T14:38:33.3NZ,200,0.004724,success
2026-08-27T14:38:33.3NZ,200,0.005691,success
2026-08-27T14:38:33.3NZ,200,0.004369,success
2026-08-27T14:38:33.3NZ,200,0.005365,success
2026-08-27T14:38:33.3NZ,200,0.004450,success
2026-08-27T14:38:33.3NZ,200,0.006619,success
2026-08-27T14:38:33.3NZ,200,0.005474,success
2026-08-27T14:38:33.3NZ,200,0.009474,success
2026-08-27T14:38:33.3NZ,200,0.005840,success
2026-08-27T14:38:34.3NZ,200,0.010264,success
2026-08-27T14:38:34.3NZ,200,0.010265,success
2026-08-27T14:38:34.3NZ,200,0.010879,success
2026-08-27T14:38:34.3NZ,200,0.010858,success
2026-08-27T14:38:34.3NZ,200,0.004782,success
2026-08-27T14:38:34.3NZ,200,0.005718,success
2026-08-27T14:38:34.3NZ,200,0.006157,success
2026-08-27T14:38:34.3NZ,200,0.007066,success
2026-08-27T14:38:34.3NZ,200,0.005681,success
2026-08-27T14:38:34.3NZ,200,0.004390,success
2026-08-27T14:38:34.3NZ,200,0.008445,success
2026-08-27T14:38:34.3NZ,200,0.008722,success
2026-08-27T14:38:34.3NZ,200,0.007326,success
2026-08-27T14:38:34.3NZ,200,0.006031,success
2026-08-27T14:38:35.3NZ,200,0.008151,success
2026-08-27T14:38:35.3NZ,200,0.008343,success
2026-08-27T14:38:35.3NZ,200,0.009111,success
2026-08-27T14:38:35.3NZ,200,0.009082,success
2026-08-27T14:38:35.3NZ,200,0.010550,success
2026-08-27T14:38:35.3NZ,200,0.010575,success
2026-08-27T14:38:35.3NZ,200,0.011535,success
2026-08-27T14:38:35.3NZ,200,0.013639,success
2026-08-27T14:38:35.3NZ,200,0.008445,success
2026-08-27T14:38:35.3NZ,200,0.009581,success
2026-08-27T14:38:35.3NZ,200,0.006593,success
2026-08-27T14:38:35.3NZ,200,0.005261,success
2026-08-27T14:38:35.3NZ,200,0.004751,success
2026-08-27T14:38:35.3NZ,200,0.004539,success
2026-08-27T14:38:36.3NZ,200,0.005110,success
2026-08-27T14:38:36.3NZ,200,0.006621,success
2026-08-27T14:38:36.3NZ,200,0.006679,success
2026-08-27T14:38:36.3NZ,200,0.006585,success
2026-08-27T14:38:36.3NZ,200,0.008510,success
2026-08-27T14:38:36.3NZ,200,0.008510,success
2026-08-27T14:38:36.3NZ,200,0.006864,success
2026-08-27T14:38:36.3NZ,200,0.004564,success
2026-08-27T14:38:36.3NZ,200,0.008042,success
2026-08-27T14:38:36.3NZ,200,0.008048,success
2026-08-27T14:38:36.3NZ,200,0.009480,success
2026-08-27T14:38:36.3NZ,200,0.009480,success
2026-08-27T14:38:36.3NZ,200,0.007797,success
2026-08-27T14:38:36.3NZ,200,0.006818,success
2026-08-27T14:38:37.3NZ,200,0.009615,success
2026-08-27T14:38:37.3NZ,200,0.009694,success
2026-08-27T14:38:37.3NZ,200,0.009532,success
2026-08-27T14:38:37.3NZ,200,0.009023,success
2026-08-27T14:38:37.3NZ,200,0.006813,success
2026-08-27T14:38:37.3NZ,200,0.006676,success
2026-08-27T14:38:37.3NZ,200,0.004880,success
2026-08-27T14:38:37.3NZ,200,0.004186,success
2026-08-27T14:38:37.3NZ,200,0.006542,success
2026-08-27T14:38:37.3NZ,200,0.006542,success
2026-08-27T14:38:37.3NZ,200,0.005376,success
2026-08-27T14:38:37.3NZ,200,0.005498,success
2026-08-27T14:38:37.3NZ,200,0.004545,success
2026-08-27T14:38:37.3NZ,200,0.004135,success
2026-08-27T14:38:38.3NZ,200,0.005983,success
2026-08-27T14:38:38.3NZ,200,0.005012,success
2026-08-27T14:38:38.3NZ,200,0.005333,success
2026-08-27T14:38:38.3NZ,200,0.006260,success
2026-08-27T14:38:38.3NZ,200,0.006682,success
2026-08-27T14:38:38.3NZ,200,0.006725,success
2026-08-27T14:38:38.3NZ,200,0.004285,success
2026-08-27T14:38:38.3NZ,200,0.004648,success
2026-08-27T14:38:38.3NZ,200,0.006920,success
2026-08-27T14:38:38.3NZ,200,0.006920,success
2026-08-27T14:38:38.3NZ,200,0.005692,success
2026-08-27T14:38:38.3NZ,200,0.005997,success
2026-08-27T14:38:38.3NZ,200,0.005168,success
2026-08-27T14:38:38.3NZ,200,0.004516,success
2026-08-27T14:38:38.3NZ,200,0.004756,success
2026-08-27T14:38:38.3NZ,200,0.006576,success
2026-08-27T14:38:39.3NZ,200,0.004678,success
2026-08-27T14:38:39.3NZ,200,0.005034,success
2026-08-27T14:38:39.3NZ,200,0.007589,success
2026-08-27T14:38:39.3NZ,200,0.007363,success
2026-08-27T14:38:39.3NZ,200,0.006729,success
2026-08-27T14:38:39.3NZ,200,0.006729,success
2026-08-27T14:38:39.3NZ,200,0.008879,success
2026-08-27T14:38:39.3NZ,200,0.007793,success
2026-08-27T14:38:39.3NZ,200,0.005445,success
2026-08-27T14:38:39.3NZ,200,0.005431,success
2026-08-27T14:38:39.3NZ,200,0.005509,success
2026-08-27T14:38:39.3NZ,200,0.007491,success
2026-08-27T14:38:39.3NZ,200,0.006345,success
2026-08-27T14:38:39.3NZ,200,0.005687,success
2026-08-27T14:38:40.3NZ,200,0.005833,success
2026-08-27T14:38:40.3NZ,200,0.005761,success
2026-08-27T14:38:40.3NZ,200,0.006057,success
2026-08-27T14:38:40.3NZ,200,0.006057,success
2026-08-27T14:38:40.3NZ,200,0.005939,success
2026-08-27T14:38:40.3NZ,200,0.006372,success
2026-08-27T14:38:40.3NZ,200,0.006855,success
2026-08-27T14:38:40.3NZ,200,0.004919,success
2026-08-27T14:38:40.3NZ,200,0.006574,success
2026-08-27T14:38:40.3NZ,200,0.008731,success
2026-08-27T14:38:40.3NZ,200,0.004765,success
2026-08-27T14:38:40.3NZ,200,0.004382,success
2026-08-27T14:38:40.3NZ,200,0.006593,success
2026-08-27T14:38:40.3NZ,200,0.006969,success
2026-08-27T14:38:41.3NZ,200,0.007550,success
2026-08-27T14:38:41.3NZ,200,0.008178,success
2026-08-27T14:38:41.3NZ,200,0.008769,success
2026-08-27T14:38:41.3NZ,200,0.006200,success
2026-08-27T14:38:41.3NZ,200,0.011671,success
2026-08-27T14:38:41.3NZ,200,0.010952,success
2026-08-27T14:38:41.3NZ,200,0.014286,success
2026-08-27T14:38:41.3NZ,200,0.014286,success
2026-08-27T14:38:41.3NZ,200,0.008946,success
2026-08-27T14:38:41.3NZ,200,0.008934,success
2026-08-27T14:38:41.3NZ,200,0.008526,success
2026-08-27T14:38:41.3NZ,200,0.005859,success
2026-08-27T14:38:41.3NZ,200,0.014524,success
2026-08-27T14:38:41.3NZ,200,0.014524,success
2026-08-27T14:38:42.3NZ,200,0.019786,success
2026-08-27T14:38:42.3NZ,200,0.018816,success
2026-08-27T14:38:42.3NZ,200,0.007177,success
2026-08-27T14:38:42.3NZ,200,0.007177,success
2026-08-27T14:38:42.3NZ,200,0.009046,success
2026-08-27T14:38:42.3NZ,200,0.007751,success
2026-08-27T14:38:42.3NZ,200,0.009429,success
2026-08-27T14:38:42.3NZ,200,0.010894,success
2026-08-27T14:38:42.3NZ,200,0.011493,success
2026-08-27T14:38:42.3NZ,200,0.011486,success
2026-08-27T14:38:42.3NZ,200,0.030649,success
2026-08-27T14:38:42.3NZ,200,0.043871,success
2026-08-27T14:38:43.3NZ,200,0.007234,success
2026-08-27T14:38:43.3NZ,200,0.009723,success
2026-08-27T14:38:43.3NZ,200,0.005175,success
2026-08-27T14:38:43.3NZ,200,0.006766,success
2026-08-27T14:38:43.3NZ,200,0.006112,success
2026-08-27T14:38:43.3NZ,200,0.004162,success
2026-08-27T14:38:43.3NZ,200,0.006405,success
2026-08-27T14:38:43.3NZ,200,0.005272,success
2026-08-27T14:38:43.3NZ,200,0.007436,success
2026-08-27T14:38:43.3NZ,200,0.006180,success
2026-08-27T14:38:43.3NZ,200,0.008634,success
2026-08-27T14:38:43.3NZ,200,0.013577,success
2026-08-27T14:38:43.3NZ,200,0.006125,success
2026-08-27T14:38:44.3NZ,200,0.005234,success
2026-08-27T14:38:44.3NZ,200,0.009738,success
2026-08-27T14:38:44.3NZ,200,0.008599,success
2026-08-27T14:38:44.3NZ,200,0.007130,success
2026-08-27T14:38:44.3NZ,200,0.006922,success
2026-08-27T14:38:44.3NZ,200,0.006913,success
2026-08-27T14:38:44.3NZ,200,0.007416,success
2026-08-27T14:38:44.3NZ,200,0.009554,success
2026-08-27T14:38:44.3NZ,200,0.009553,success
2026-08-27T14:38:44.3NZ,200,0.009556,success
2026-08-27T14:38:44.3NZ,200,0.006702,success
2026-08-27T14:38:44.3NZ,200,0.008793,success
2026-08-27T14:38:44.3NZ,200,0.008776,success
2026-08-27T14:38:45.3NZ,200,0.007215,success
2026-08-27T14:38:45.3NZ,200,0.007215,success
2026-08-27T14:38:45.3NZ,200,0.008309,success
2026-08-27T14:38:45.3NZ,200,0.005596,success
2026-08-27T14:38:45.3NZ,200,0.008598,success
2026-08-27T14:38:45.3NZ,200,0.009738,success
2026-08-27T14:38:45.3NZ,200,0.017262,success
2026-08-27T14:38:45.3NZ,200,0.017575,success
2026-08-27T14:38:45.3NZ,200,0.006452,success
2026-08-27T14:38:45.3NZ,200,0.007441,success
2026-08-27T14:38:45.3NZ,200,0.025671,success
2026-08-27T14:38:45.3NZ,200,0.025942,success
2026-08-27T14:38:46.3NZ,200,0.032216,success
2026-08-27T14:38:46.3NZ,200,0.034665,success
2026-08-27T14:38:46.3NZ,200,0.008434,success
2026-08-27T14:38:46.3NZ,200,0.005377,success
2026-08-27T14:38:46.3NZ,200,0.004966,success
2026-08-27T14:38:46.3NZ,200,0.004279,success
2026-08-27T14:38:46.3NZ,200,0.005103,success
2026-08-27T14:38:46.3NZ,200,0.004289,success
2026-08-27T14:38:46.3NZ,200,0.007989,success
2026-08-27T14:38:46.3NZ,200,0.004889,success
2026-08-27T14:38:46.3NZ,200,0.009788,success
2026-08-27T14:38:46.3NZ,200,0.009675,success
2026-08-27T14:38:46.3NZ,200,0.007027,success
2026-08-27T14:38:46.3NZ,200,0.007027,success
2026-08-27T14:38:47.3NZ,200,0.011052,success
2026-08-27T14:38:47.3NZ,200,0.010773,success
2026-08-27T14:38:47.3NZ,200,0.008104,success
2026-08-27T14:38:47.3NZ,200,0.008596,success
2026-08-27T14:38:47.3NZ,200,0.005232,success
2026-08-27T14:38:47.3NZ,200,0.005262,success
2026-08-27T14:38:47.3NZ,200,0.005860,success
2026-08-27T14:38:47.3NZ,200,0.004907,success
2026-08-27T14:38:47.3NZ,200,0.006126,success
2026-08-27T14:38:47.3NZ,200,0.005987,success
2026-08-27T14:38:47.3NZ,200,0.005335,success
2026-08-27T14:38:47.3NZ,200,0.004436,success
2026-08-27T14:38:47.3NZ,200,0.009464,success
2026-08-27T14:38:47.3NZ,200,0.009457,success
2026-08-27T14:38:48.3NZ,200,0.006262,success
2026-08-27T14:38:48.3NZ,200,0.007798,success
2026-08-27T14:38:48.3NZ,200,0.008034,success
2026-08-27T14:38:48.3NZ,200,0.008034,success
2026-08-27T14:38:48.3NZ,200,0.007708,success
2026-08-27T14:38:48.3NZ,200,0.007680,success
2026-08-27T14:38:48.3NZ,200,0.005368,success
2026-08-27T14:38:48.3NZ,200,0.005369,success
2026-08-27T14:38:48.3NZ,200,0.006549,success
2026-08-27T14:38:48.3NZ,200,0.005950,success
2026-08-27T14:38:48.3NZ,200,0.009385,success
2026-08-27T14:38:48.3NZ,200,0.009464,success
2026-08-27T14:38:48.3NZ,200,0.009789,success
2026-08-27T14:38:48.3NZ,200,0.007677,success
2026-08-27T14:38:49.3NZ,200,0.008714,success
2026-08-27T14:38:49.3NZ,200,0.007600,success
2026-08-27T14:38:49.3NZ,200,0.008012,success
2026-08-27T14:38:49.3NZ,200,0.006501,success
2026-08-27T14:38:49.3NZ,200,0.005478,success
2026-08-27T14:38:49.3NZ,200,0.005608,success
2026-08-27T14:38:49.3NZ,200,0.004865,success
2026-08-27T14:38:49.3NZ,200,0.005149,success
2026-08-27T14:38:49.3NZ,200,0.007879,success
2026-08-27T14:38:49.3NZ,200,0.014396,success
2026-08-27T14:38:49.3NZ,200,0.006701,success
2026-08-27T14:38:49.3NZ,200,0.005067,success
2026-08-27T14:38:49.3NZ,200,0.006344,success
2026-08-27T14:38:50.3NZ,200,0.004831,success
2026-08-27T14:38:50.3NZ,200,0.005136,success
2026-08-27T14:38:50.3NZ,200,0.006436,success
2026-08-27T14:38:50.3NZ,200,0.005856,success
2026-08-27T14:38:50.3NZ,200,0.007881,success
2026-08-27T14:38:50.3NZ,200,0.008433,success
2026-08-27T14:38:50.3NZ,200,0.007801,success
2026-08-27T14:38:50.3NZ,200,0.004708,success
2026-08-27T14:38:50.3NZ,200,0.005596,success
2026-08-27T14:38:50.3NZ,200,0.007548,success
2026-08-27T14:38:50.3NZ,200,0.006487,success
2026-08-27T14:38:50.3NZ,200,0.005351,success
2026-08-27T14:38:50.3NZ,200,0.005009,success
2026-08-27T14:38:50.3NZ,200,0.004377,success
2026-08-27T14:38:50.3NZ,200,0.006136,success
2026-08-27T14:38:51.3NZ,200,0.005345,success
2026-08-27T14:38:51.3NZ,200,0.006626,success
2026-08-27T14:38:51.3NZ,200,0.003887,success
2026-08-27T14:38:51.3NZ,200,0.005436,success
2026-08-27T14:38:51.3NZ,200,0.006155,success
2026-08-27T14:38:51.3NZ,200,0.009694,success
2026-08-27T14:38:51.3NZ,200,0.007804,success
2026-08-27T14:38:51.3NZ,200,0.006381,success
2026-08-27T14:38:51.3NZ,200,0.006094,success
2026-08-27T14:38:51.3NZ,200,0.004488,success
2026-08-27T14:38:51.3NZ,200,0.004455,success
2026-08-27T14:38:51.3NZ,200,0.007022,success
2026-08-27T14:38:51.3NZ,200,0.008124,success
2026-08-27T14:38:51.3NZ,200,0.005936,success
2026-08-27T14:38:51.3NZ,200,0.006592,success
2026-08-27T14:38:52.3NZ,200,0.008085,success
2026-08-27T14:38:52.3NZ,200,0.009318,success
2026-08-27T14:38:52.3NZ,200,0.005603,success
2026-08-27T14:38:52.3NZ,200,0.010175,success
2026-08-27T14:38:52.3NZ,200,0.005352,success
2026-08-27T14:38:52.3NZ,200,0.022832,success
2026-08-27T14:38:52.3NZ,200,0.004903,success
2026-08-27T14:38:52.3NZ,200,0.006975,success
2026-08-27T14:38:52.3NZ,200,0.005906,success
2026-08-27T14:38:52.3NZ,200,0.004552,success
2026-08-27T14:38:52.3NZ,200,0.005861,success
2026-08-27T14:38:52.3NZ,200,0.006048,success
2026-08-27T14:38:52.3NZ,200,0.006439,success
2026-08-27T14:38:52.3NZ,200,0.006672,success
2026-08-27T14:38:53.3NZ,200,0.007378,success
2026-08-27T14:38:53.3NZ,200,0.007740,success
2026-08-27T14:38:53.3NZ,200,0.006349,success
2026-08-27T14:38:53.3NZ,200,0.009412,success
2026-08-27T14:38:53.3NZ,200,0.005172,success
2026-08-27T14:38:53.3NZ,200,0.011312,success
2026-08-27T14:38:53.3NZ,200,0.008820,success
2026-08-27T14:38:53.3NZ,200,0.006611,success
2026-08-27T14:38:53.3NZ,200,0.005257,success
2026-08-27T14:38:53.3NZ,200,0.005655,success
2026-08-27T14:38:53.3NZ,200,0.005731,success
2026-08-27T14:38:53.3NZ,200,0.004284,success
2026-08-27T14:38:53.3NZ,200,0.005168,success
2026-08-27T14:38:53.3NZ,200,0.005261,success
2026-08-27T14:38:53.3NZ,200,0.006515,success
2026-08-27T14:38:54.3NZ,200,0.006283,success
2026-08-27T14:38:54.3NZ,200,0.005954,success
2026-08-27T14:38:54.3NZ,200,0.006172,success
2026-08-27T14:38:54.3NZ,200,0.005380,success
2026-08-27T14:38:54.3NZ,200,0.007134,success
2026-08-27T14:38:54.3NZ,200,0.008362,success
2026-08-27T14:38:54.3NZ,200,0.009440,success
2026-08-27T14:38:54.3NZ,200,0.009280,success
2026-08-27T14:38:54.3NZ,200,0.006567,success
2026-08-27T14:38:54.3NZ,200,0.008279,success
2026-08-27T14:38:54.3NZ,200,0.009183,success
2026-08-27T14:38:54.3NZ,200,0.008557,success
2026-08-27T14:38:54.3NZ,200,0.015469,success
2026-08-27T14:38:54.3NZ,200,0.010806,success
2026-08-27T14:38:54.3NZ,200,0.008296,success
2026-08-27T14:38:55.3NZ,200,0.008284,success
2026-08-27T14:38:55.3NZ,200,0.007572,success
2026-08-27T14:38:55.3NZ,200,0.009279,success
2026-08-27T14:38:55.3NZ,200,0.008364,success
2026-08-27T14:38:55.3NZ,200,0.007789,success
2026-08-27T14:38:55.3NZ,200,0.006815,success
2026-08-27T14:38:55.3NZ,200,0.008825,success
2026-08-27T14:38:55.3NZ,200,0.007151,success
2026-08-27T14:38:55.3NZ,200,0.006680,success
2026-08-27T14:38:55.3NZ,200,0.008072,success
2026-08-27T14:38:55.3NZ,200,0.006267,success
2026-08-27T14:38:55.3NZ,200,0.009132,success
2026-08-27T14:38:55.3NZ,200,0.005737,success
2026-08-27T14:38:56.3NZ,200,0.011482,success
2026-08-27T14:38:56.3NZ,200,0.006442,success
2026-08-27T14:38:56.3NZ,200,0.005667,success
2026-08-27T14:38:56.3NZ,200,0.005943,success
2026-08-27T14:38:56.3NZ,200,0.008521,success
2026-08-27T14:38:56.3NZ,200,0.007043,success
2026-08-27T14:38:56.3NZ,200,0.012764,success
2026-08-27T14:38:56.3NZ,200,0.008354,success
2026-08-27T14:38:56.3NZ,200,0.008651,success
2026-08-27T14:38:56.3NZ,200,0.006790,success
2026-08-27T14:38:56.3NZ,200,0.005499,success
2026-08-27T14:38:56.3NZ,200,0.004640,success
2026-08-27T14:38:56.3NZ,200,0.009642,success
2026-08-27T14:38:56.3NZ,200,0.006367,success
2026-08-27T14:38:56.3NZ,200,0.008276,success
2026-08-27T14:38:56.3NZ,200,0.009493,success
2026-08-27T14:38:57.3NZ,200,0.007334,success
2026-08-27T14:38:57.3NZ,200,0.008031,success
2026-08-27T14:38:57.3NZ,200,0.004625,success
2026-08-27T14:38:57.3NZ,200,0.006339,success
2026-08-27T14:38:57.3NZ,200,0.011538,success
2026-08-27T14:38:57.3NZ,200,0.018373,success
2026-08-27T14:38:57.3NZ,200,0.006745,success
2026-08-27T14:38:57.3NZ,200,0.005330,success
2026-08-27T14:38:57.3NZ,200,0.006861,success
2026-08-27T14:38:57.3NZ,200,0.006115,success
2026-08-27T14:38:57.3NZ,200,0.006862,success
2026-08-27T14:38:57.3NZ,200,0.010577,success
2026-08-27T14:38:58.3NZ,200,0.007671,success
2026-08-27T14:38:58.3NZ,200,0.012528,success
2026-08-27T14:38:58.3NZ,200,0.005994,success
2026-08-27T14:38:58.3NZ,200,0.005724,success
2026-08-27T14:38:58.3NZ,200,0.006739,success
2026-08-27T14:38:58.3NZ,200,0.006166,success
2026-08-27T14:38:58.3NZ,200,0.009074,success
2026-08-27T14:38:58.3NZ,200,0.010033,success
2026-08-27T14:38:58.3NZ,200,0.005366,success
2026-08-27T14:38:58.3NZ,200,0.005334,success
2026-08-27T14:38:58.3NZ,200,0.006354,success
2026-08-27T14:38:58.3NZ,200,0.008071,success
2026-08-27T14:38:58.3NZ,200,0.012425,success
2026-08-27T14:38:58.3NZ,200,0.008985,success
2026-08-27T14:38:59.3NZ,200,0.014741,success
2026-08-27T14:38:59.3NZ,200,0.006468,success
2026-08-27T14:38:59.3NZ,200,0.007471,success
2026-08-27T14:38:59.3NZ,200,0.008529,success
2026-08-27T14:38:59.3NZ,200,0.008076,success
2026-08-27T14:38:59.3NZ,200,0.008708,success
2026-08-27T14:38:59.3NZ,200,0.007567,success
2026-08-27T14:38:59.3NZ,200,0.010894,success
2026-08-27T14:38:59.3NZ,200,0.005523,success
2026-08-27T14:38:59.3NZ,200,0.004277,success
2026-08-27T14:38:59.3NZ,200,0.005102,success
2026-08-27T14:38:59.3NZ,200,0.004576,success
2026-08-27T14:38:59.3NZ,200,0.004476,success
2026-08-27T14:38:59.3NZ,200,0.006047,success
2026-08-27T14:39:00.3NZ,200,0.005258,success
2026-08-27T14:39:00.3NZ,200,0.006457,success
2026-08-27T14:39:00.3NZ,200,0.009373,success
2026-08-27T14:39:00.3NZ,200,0.006183,success
2026-08-27T14:39:00.3NZ,200,0.008839,success
2026-08-27T14:39:00.3NZ,200,0.007014,success
2026-08-27T14:39:00.3NZ,200,0.007356,success
2026-08-27T14:39:00.3NZ,200,0.007356,success
2026-08-27T14:39:00.3NZ,200,0.012957,success
2026-08-27T14:39:00.3NZ,200,0.012957,success
2026-08-27T14:39:00.3NZ,200,0.029025,success
2026-08-27T14:39:00.3NZ,200,0.032980,success
2026-08-27T14:39:01.3NZ,200,0.009015,success
2026-08-27T14:39:01.3NZ,200,0.008865,success
2026-08-27T14:39:01.3NZ,200,0.005444,success
2026-08-27T14:39:01.3NZ,200,0.005444,success
2026-08-27T14:39:01.3NZ,200,0.006196,success
2026-08-27T14:39:01.3NZ,200,0.005837,success
2026-08-27T14:39:01.3NZ,200,0.007264,success
2026-08-27T14:39:01.3NZ,200,0.006777,success
2026-08-27T14:39:01.3NZ,200,0.017197,success
2026-08-27T14:39:01.3NZ,200,0.013508,success
2026-08-27T14:39:01.3NZ,200,0.008321,success
2026-08-27T14:39:01.3NZ,200,0.008321,success
2026-08-27T14:39:01.3NZ,200,0.011152,success
2026-08-27T14:39:01.3NZ,200,0.011153,success
2026-08-27T14:39:02.3NZ,200,0.008109,success
2026-08-27T14:39:02.3NZ,200,0.006352,success
2026-08-27T14:39:02.3NZ,200,0.009362,success
2026-08-27T14:39:02.3NZ,200,0.009501,success
2026-08-27T14:39:02.3NZ,200,0.005951,success
2026-08-27T14:39:02.3NZ,200,0.008432,success
2026-08-27T14:39:02.3NZ,200,0.008626,success
2026-08-27T14:39:02.3NZ,200,0.008626,success
2026-08-27T14:39:02.3NZ,200,0.011311,success
2026-08-27T14:39:02.3NZ,200,0.010767,success
2026-08-27T14:39:02.3NZ,200,0.005953,success
2026-08-27T14:39:02.3NZ,200,0.005898,success
2026-08-27T14:39:03.3NZ,200,0.006877,success
2026-08-27T14:39:03.3NZ,200,0.005569,success
2026-08-27T14:39:03.3NZ,200,0.003866,success
2026-08-27T14:39:03.3NZ,200,0.004762,success
2026-08-27T14:39:03.3NZ,200,0.007455,success
2026-08-27T14:39:03.3NZ,200,0.005223,success
2026-08-27T14:39:03.3NZ,200,0.009102,success
2026-08-27T14:39:03.3NZ,200,0.007260,success
2026-08-27T14:39:03.3NZ,200,0.005870,success
2026-08-27T14:39:03.3NZ,200,0.005711,success
2026-08-27T14:39:03.3NZ,200,0.008668,success
2026-08-27T14:39:03.3NZ,200,0.008942,success
2026-08-27T14:39:03.3NZ,200,0.006492,success
2026-08-27T14:39:03.3NZ,200,0.006229,success
2026-08-27T14:39:04.3NZ,200,0.006203,success
2026-08-27T14:39:04.3NZ,200,0.006202,success
2026-08-27T14:39:04.3NZ,200,0.007894,success
2026-08-27T14:39:04.3NZ,200,0.004719,success
2026-08-27T14:39:04.3NZ,200,0.008917,success
2026-08-27T14:39:04.3NZ,200,0.009332,success
2026-08-27T14:39:04.3NZ,200,0.008646,success
2026-08-27T14:39:04.3NZ,200,0.008644,success
2026-08-27T14:39:04.3NZ,200,0.012796,success
2026-08-27T14:39:04.3NZ,200,0.012796,success
2026-08-27T14:39:04.3NZ,200,0.010403,success
2026-08-27T14:39:04.3NZ,200,0.010404,success
2026-08-27T14:39:04.3NZ,200,0.017033,success
2026-08-27T14:39:04.3NZ,200,0.017130,success
2026-08-27T14:39:05.3NZ,200,0.007309,success
2026-08-27T14:39:05.3NZ,200,0.006925,success
2026-08-27T14:39:05.3NZ,200,0.025574,success
2026-08-27T14:39:05.3NZ,200,0.025392,success
2026-08-27T14:39:05.3NZ,200,0.006385,success
2026-08-27T14:39:05.3NZ,200,0.006095,success
2026-08-27T14:39:05.3NZ,200,0.008680,success
2026-08-27T14:39:05.3NZ,200,0.008688,success
2026-08-27T14:39:05.3NZ,200,0.004627,success
2026-08-27T14:39:05.3NZ,200,0.006379,success
2026-08-27T14:39:05.3NZ,200,0.004311,success
2026-08-27T14:39:05.3NZ,200,0.004277,success
2026-08-27T14:39:05.3NZ,200,0.007152,success
2026-08-27T14:39:05.3NZ,200,0.007340,success
2026-08-27T14:39:06.3NZ,200,0.006317,success
2026-08-27T14:39:06.3NZ,200,0.006828,success
2026-08-27T14:39:06.3NZ,200,0.009968,success
2026-08-27T14:39:06.3NZ,200,0.007960,success
2026-08-27T14:39:06.3NZ,200,0.009841,success
2026-08-27T14:39:06.3NZ,200,0.009849,success
2026-08-27T14:39:06.3NZ,200,0.007400,success
2026-08-27T14:39:06.3NZ,200,0.007309,success
2026-08-27T14:39:06.3NZ,200,0.008202,success
2026-08-27T14:39:06.3NZ,200,0.007757,success
2026-08-27T14:39:06.3NZ,200,0.013394,success
2026-08-27T14:39:06.3NZ,200,0.014743,success
2026-08-27T14:39:07.3NZ,200,0.008576,success
2026-08-27T14:39:07.3NZ,200,0.008492,success
2026-08-27T14:39:07.3NZ,200,0.006267,success
2026-08-27T14:39:07.3NZ,200,0.006611,success
2026-08-27T14:39:07.3NZ,200,0.007967,success
2026-08-27T14:39:07.3NZ,200,0.005713,success
2026-08-27T14:39:07.3NZ,200,0.007639,success
2026-08-27T14:39:07.3NZ,200,0.008266,success
2026-08-27T14:39:07.3NZ,200,0.009284,success
2026-08-27T14:39:07.3NZ,200,0.009139,success
2026-08-27T14:39:07.3NZ,200,0.004436,success
2026-08-27T14:39:07.3NZ,200,0.004529,success
2026-08-27T14:39:07.3NZ,200,0.006875,success
2026-08-27T14:39:07.3NZ,200,0.006872,success
2026-08-27T14:39:08.3NZ,200,0.004495,success
2026-08-27T14:39:08.3NZ,200,0.004321,success
2026-08-27T14:39:08.3NZ,200,0.007782,success
2026-08-27T14:39:08.3NZ,200,0.007363,success
2026-08-27T14:39:08.3NZ,200,0.005118,success
2026-08-27T14:39:08.3NZ,200,0.004732,success
2026-08-27T14:39:08.3NZ,200,0.005718,success
2026-08-27T14:39:08.3NZ,200,0.006245,success
2026-08-27T14:39:08.3NZ,200,0.005441,success
2026-08-27T14:39:08.3NZ,200,0.004516,success
2026-08-27T14:39:08.3NZ,200,0.006163,success
2026-08-27T14:39:08.3NZ,200,0.006224,success
2026-08-27T14:39:08.3NZ,200,0.005167,success
2026-08-27T14:39:08.3NZ,200,0.004481,success
2026-08-27T14:39:09.3NZ,200,0.005225,success
2026-08-27T14:39:09.3NZ,200,0.005058,success
2026-08-27T14:39:09.3NZ,200,0.005900,success
2026-08-27T14:39:09.3NZ,200,0.004712,success
2026-08-27T14:39:09.3NZ,200,0.006591,success
2026-08-27T14:39:09.3NZ,200,0.005179,success
2026-08-27T14:39:09.3NZ,200,0.008042,success
2026-08-27T14:39:09.3NZ,200,0.007880,success
2026-08-27T14:39:09.3NZ,200,0.008769,success
2026-08-27T14:39:09.3NZ,200,0.009026,success
2026-08-27T14:39:09.3NZ,200,0.005166,success
2026-08-27T14:39:09.3NZ,200,0.005096,success
2026-08-27T14:39:09.3NZ,200,0.005558,success
2026-08-27T14:39:09.3NZ,200,0.005987,success
2026-08-27T14:39:10.3NZ,200,0.005889,success
2026-08-27T14:39:10.3NZ,200,0.005882,success
2026-08-27T14:39:10.3NZ,200,0.006817,success
2026-08-27T14:39:10.3NZ,200,0.005488,success
2026-08-27T14:39:10.3NZ,200,0.005268,success
2026-08-27T14:39:10.3NZ,200,0.008423,success
2026-08-27T14:39:10.3NZ,200,0.008784,success
2026-08-27T14:39:10.3NZ,200,0.008784,success
2026-08-27T14:39:10.3NZ,200,0.009363,success
2026-08-27T14:39:10.3NZ,200,0.009339,success
2026-08-27T14:39:10.3NZ,200,0.004465,success
2026-08-27T14:39:10.3NZ,200,0.004463,success
2026-08-27T14:39:10.3NZ,200,0.004849,success
2026-08-27T14:39:10.3NZ,200,0.004874,success
2026-08-27T14:39:10.3NZ,200,0.007231,success
2026-08-27T14:39:10.3NZ,200,0.007692,success
2026-08-27T14:39:11.3NZ,200,0.008151,success
2026-08-27T14:39:11.3NZ,200,0.008144,success
2026-08-27T14:39:11.3NZ,200,0.007384,success
2026-08-27T14:39:11.3NZ,200,0.005561,success
2026-08-27T14:39:11.3NZ,200,0.006142,success
2026-08-27T14:39:11.3NZ,200,0.004868,success
2026-08-27T14:39:11.3NZ,200,0.004227,success
2026-08-27T14:39:11.3NZ,200,0.004129,success
2026-08-27T14:39:11.3NZ,200,0.008491,success
2026-08-27T14:39:11.3NZ,200,0.008490,success
2026-08-27T14:39:11.3NZ,200,0.008767,success
2026-08-27T14:39:11.3NZ,200,0.008748,success
2026-08-27T14:39:11.3NZ,200,0.009578,success
2026-08-27T14:39:11.3NZ,200,0.009578,success
2026-08-27T14:39:12.3NZ,200,0.009949,success
2026-08-27T14:39:12.3NZ,200,0.009949,success
2026-08-27T14:39:12.3NZ,200,0.009347,success
2026-08-27T14:39:12.3NZ,200,0.008486,success
2026-08-27T14:39:12.3NZ,200,0.007586,success
2026-08-27T14:39:12.3NZ,200,0.006546,success
2026-08-27T14:39:12.3NZ,200,0.009277,success
2026-08-27T14:39:12.3NZ,200,0.009214,success
2026-08-27T14:39:12.3NZ,200,0.013280,success
2026-08-27T14:39:12.3NZ,200,0.013275,success
2026-08-27T14:39:12.3NZ,200,0.011243,success
2026-08-27T14:39:12.3NZ,200,0.011243,success
2026-08-27T14:39:13.3NZ,200,0.009808,success
2026-08-27T14:39:13.3NZ,200,0.009808,success
2026-08-27T14:39:13.3NZ,200,0.006752,success
2026-08-27T14:39:13.3NZ,200,0.008845,success
2026-08-27T14:39:13.3NZ,200,0.012311,success
2026-08-27T14:39:13.3NZ,200,0.011889,success
2026-08-27T14:39:13.3NZ,200,0.011508,success
2026-08-27T14:39:13.3NZ,200,0.011508,success
2026-08-27T14:39:13.3NZ,200,0.006610,success
2026-08-27T14:39:13.3NZ,200,0.006032,success
2026-08-27T14:39:13.3NZ,200,0.008154,success
2026-08-27T14:39:13.3NZ,200,0.009100,success
2026-08-27T14:39:13.3NZ,200,0.006474,success
2026-08-27T14:39:13.3NZ,200,0.005636,success
2026-08-27T14:39:14.3NZ,200,0.006657,success
2026-08-27T14:39:14.3NZ,200,0.006241,success
2026-08-27T14:39:14.3NZ,200,0.004128,success
2026-08-27T14:39:14.3NZ,200,0.004128,success
2026-08-27T14:39:14.3NZ,200,0.009165,success
2026-08-27T14:39:14.3NZ,200,0.009265,success
2026-08-27T14:39:14.3NZ,200,0.007950,success
2026-08-27T14:39:14.3NZ,200,0.007950,success
2026-08-27T14:39:14.3NZ,200,0.008611,success
2026-08-27T14:39:14.3NZ,200,0.005491,success
2026-08-27T14:39:14.3NZ,200,0.009580,success
2026-08-27T14:39:14.3NZ,200,0.009364,success
2026-08-27T14:39:14.3NZ,200,0.009500,success
2026-08-27T14:39:14.3NZ,200,0.009500,success
2026-08-27T14:39:15.3NZ,200,0.006091,success
2026-08-27T14:39:15.3NZ,200,0.004143,success
2026-08-27T14:39:15.3NZ,200,0.009112,success
2026-08-27T14:39:15.3NZ,200,0.008736,success
2026-08-27T14:39:15.3NZ,200,0.007330,success
2026-08-27T14:39:15.3NZ,200,0.007332,success
2026-08-27T14:39:15.3NZ,200,0.013273,success
2026-08-27T14:39:15.3NZ,200,0.013239,success
2026-08-27T14:39:15.3NZ,200,0.004176,success
2026-08-27T14:39:15.3NZ,200,0.005790,success
2026-08-27T14:39:15.3NZ,200,0.005885,success
2026-08-27T14:39:15.3NZ,200,0.005929,success
2026-08-27T14:39:15.3NZ,200,0.005413,success
2026-08-27T14:39:15.3NZ,200,0.004019,success
2026-08-27T14:39:16.3NZ,200,0.007722,success
2026-08-27T14:39:16.3NZ,200,0.008997,success
2026-08-27T14:39:16.3NZ,200,0.005501,success
2026-08-27T14:39:16.3NZ,200,0.004877,success
2026-08-27T14:39:16.3NZ,200,0.004229,success
2026-08-27T14:39:16.3NZ,200,0.004190,success
2026-08-27T14:39:16.3NZ,200,0.006149,success
2026-08-27T14:39:16.3NZ,200,0.007884,success
2026-08-27T14:39:16.3NZ,200,0.006892,success
2026-08-27T14:39:16.3NZ,200,0.005578,success
2026-08-27T14:39:16.3NZ,200,0.011975,success
2026-08-27T14:39:16.3NZ,200,0.011975,success
2026-08-27T14:39:16.3NZ,200,0.011250,success
2026-08-27T14:39:16.3NZ,200,0.010139,success
2026-08-27T14:39:16.3NZ,200,0.012078,success
2026-08-27T14:39:16.3NZ,200,0.013026,success
2026-08-27T14:39:17.3NZ,200,0.014139,success
2026-08-27T14:39:17.3NZ,200,0.016279,success
2026-08-27T14:39:17.3NZ,200,0.008467,success
2026-08-27T14:39:17.3NZ,200,0.006068,success
2026-08-27T14:39:17.3NZ,200,0.007225,success
2026-08-27T14:39:17.3NZ,200,0.005859,success
2026-08-27T14:39:17.3NZ,200,0.006702,success
2026-08-27T14:39:17.3NZ,200,0.004895,success
2026-08-27T14:39:17.3NZ,200,0.005070,success
2026-08-27T14:39:17.3NZ,200,0.006114,success
2026-08-27T14:39:17.3NZ,200,0.006350,success
2026-08-27T14:39:17.3NZ,200,0.005114,success
2026-08-27T14:39:17.3NZ,200,0.005325,success
2026-08-27T14:39:17.3NZ,200,0.006081,success
2026-08-27T14:39:18.3NZ,200,0.004833,success
2026-08-27T14:39:18.3NZ,200,0.004683,success
2026-08-27T14:39:18.3NZ,200,0.007341,success
2026-08-27T14:39:18.3NZ,200,0.006959,success
2026-08-27T14:39:18.3NZ,200,0.004544,success
2026-08-27T14:39:18.3NZ,200,0.005203,success
2026-08-27T14:39:18.3NZ,200,0.006179,success
2026-08-27T14:39:18.3NZ,200,0.004909,success
2026-08-27T14:39:18.3NZ,200,0.005641,success
2026-08-27T14:39:18.3NZ,200,0.004789,success
2026-08-27T14:39:18.3NZ,200,0.005197,success
2026-08-27T14:39:18.3NZ,200,0.004792,success
2026-08-27T14:39:18.3NZ,200,0.005373,success
2026-08-27T14:39:18.3NZ,200,0.004897,success
2026-08-27T14:39:19.3NZ,200,0.005566,success
2026-08-27T14:39:19.3NZ,200,0.005565,success
2026-08-27T14:39:19.3NZ,200,0.006051,success
2026-08-27T14:39:19.3NZ,200,0.004344,success
2026-08-27T14:39:19.3NZ,200,0.010592,success
2026-08-27T14:39:19.3NZ,200,0.010592,success
2026-08-27T14:39:19.3NZ,200,0.010266,success
2026-08-27T14:39:19.3NZ,200,0.010022,success
2026-08-27T14:39:19.3NZ,200,0.010006,success
2026-08-27T14:39:19.3NZ,200,0.010006,success
2026-08-27T14:39:19.3NZ,200,0.007092,success
2026-08-27T14:39:19.3NZ,200,0.004951,success
2026-08-27T14:39:19.3NZ,200,0.005973,success
2026-08-27T14:39:19.3NZ,200,0.006418,success
2026-08-27T14:39:20.3NZ,200,0.003502,success
2026-08-27T14:39:20.3NZ,200,0.003648,success
2026-08-27T14:39:20.3NZ,200,0.007674,success
2026-08-27T14:39:20.3NZ,200,0.007674,success
2026-08-27T14:39:20.3NZ,200,0.007132,success
2026-08-27T14:39:20.3NZ,200,0.009438,success
2026-08-27T14:39:20.3NZ,200,0.010994,success
2026-08-27T14:39:20.3NZ,200,0.010998,success
2026-08-27T14:39:20.3NZ,200,0.007721,success
2026-08-27T14:39:20.3NZ,200,0.007721,success
2026-08-27T14:39:20.3NZ,200,0.012911,success
2026-08-27T14:39:20.3NZ,200,0.012916,success
2026-08-27T14:39:20.3NZ,200,0.008721,success
2026-08-27T14:39:20.3NZ,200,0.008719,success
2026-08-27T14:39:21.3NZ,200,0.006809,success
2026-08-27T14:39:21.3NZ,200,0.006818,success
2026-08-27T14:39:21.3NZ,200,0.006867,success
2026-08-27T14:39:21.3NZ,200,0.006813,success
2026-08-27T14:39:21.3NZ,200,0.007998,success
2026-08-27T14:39:21.3NZ,200,0.005363,success
2026-08-27T14:39:21.3NZ,200,0.004577,success
2026-08-27T14:39:21.3NZ,200,0.005581,success
2026-08-27T14:39:21.3NZ,200,0.005150,success
2026-08-27T14:39:21.3NZ,200,0.004586,success
2026-08-27T14:39:21.3NZ,200,0.008352,success
2026-08-27T14:39:21.3NZ,200,0.006019,success
2026-08-27T14:39:21.3NZ,200,0.007769,success
2026-08-27T14:39:21.3NZ,200,0.008217,success
2026-08-27T14:39:21.3NZ,200,0.006359,success
2026-08-27T14:39:21.3NZ,200,0.005942,success
2026-08-27T14:39:22.3NZ,200,0.005535,success
2026-08-27T14:39:22.3NZ,200,0.005601,success
2026-08-27T14:39:22.3NZ,200,0.009101,success
2026-08-27T14:39:22.3NZ,200,0.007529,success
2026-08-27T14:39:22.3NZ,200,0.006547,success
2026-08-27T14:39:22.3NZ,200,0.006524,success
2026-08-27T14:39:22.3NZ,200,0.003594,success
2026-08-27T14:39:22.3NZ,200,0.004484,success
2026-08-27T14:39:22.3NZ,200,0.004532,success
2026-08-27T14:39:22.3NZ,200,0.003978,success
2026-08-27T14:39:22.3NZ,200,0.008497,success
2026-08-27T14:39:22.3NZ,200,0.008818,success
2026-08-27T14:39:22.3NZ,200,0.009605,success
2026-08-27T14:39:22.3NZ,200,0.009609,success
2026-08-27T14:39:23.3NZ,200,0.010985,success
2026-08-27T14:39:23.3NZ,200,0.010985,success
2026-08-27T14:39:23.3NZ,200,0.016817,success
2026-08-27T14:39:23.3NZ,200,0.016805,success
2026-08-27T14:39:23.3NZ,200,0.014136,success
2026-08-27T14:39:23.3NZ,200,0.013068,success
2026-08-27T14:39:23.3NZ,200,0.006408,success
2026-08-27T14:39:23.3NZ,200,0.006408,success
2026-08-27T14:39:23.3NZ,200,0.005075,success
2026-08-27T14:39:23.3NZ,200,0.004420,success
2026-08-27T14:39:23.3NZ,200,0.005624,success
2026-08-27T14:39:23.3NZ,200,0.004653,success
2026-08-27T14:39:23.3NZ,200,0.007822,success
2026-08-27T14:39:23.3NZ,200,0.007841,success
2026-08-27T14:39:24.3NZ,200,0.011870,success
2026-08-27T14:39:24.3NZ,200,0.011870,success
2026-08-27T14:39:24.3NZ,200,0.005453,success
2026-08-27T14:39:24.3NZ,200,0.005522,success
2026-08-27T14:39:24.3NZ,200,0.005450,success
2026-08-27T14:39:24.3NZ,200,0.003933,success
2026-08-27T14:39:24.3NZ,200,0.006293,success
2026-08-27T14:39:24.3NZ,200,0.005437,success
2026-08-27T14:39:24.3NZ,200,0.010236,success
2026-08-27T14:39:24.3NZ,200,0.010225,success
2026-08-27T14:39:24.3NZ,200,0.007531,success
2026-08-27T14:39:24.3NZ,200,0.008890,success
2026-08-27T14:39:24.3NZ,200,0.005033,success
2026-08-27T14:39:24.3NZ,200,0.004430,success
2026-08-27T14:39:25.3NZ,200,0.006112,success
2026-08-27T14:39:25.3NZ,200,0.005755,success
2026-08-27T14:39:25.3NZ,200,0.007803,success
2026-08-27T14:39:25.3NZ,200,0.009195,success
2026-08-27T14:39:25.3NZ,200,0.014195,success
2026-08-27T14:39:25.3NZ,200,0.014337,success
2026-08-27T14:39:25.3NZ,200,0.012466,success
2026-08-27T14:39:25.3NZ,200,0.012469,success
2026-08-27T14:39:25.3NZ,200,0.010582,success
2026-08-27T14:39:25.3NZ,200,0.010583,success
2026-08-27T14:39:25.3NZ,200,0.011731,success
2026-08-27T14:39:25.3NZ,200,0.010023,success
2026-08-27T14:39:25.3NZ,200,0.010109,success
2026-08-27T14:39:25.3NZ,200,0.010109,success
2026-08-27T14:39:26.3NZ,200,0.010611,success
2026-08-27T14:39:26.3NZ,200,0.010611,success
2026-08-27T14:39:26.3NZ,200,0.011217,success
2026-08-27T14:39:26.3NZ,200,0.011217,success
2026-08-27T14:39:26.3NZ,200,0.012746,success
2026-08-27T14:39:26.3NZ,200,0.012744,success
2026-08-27T14:39:26.3NZ,200,0.005610,success
2026-08-27T14:39:26.3NZ,200,0.005713,success
2026-08-27T14:39:26.3NZ,200,0.009620,success
2026-08-27T14:39:26.3NZ,200,0.008088,success
2026-08-27T14:39:26.3NZ,200,0.011692,success
2026-08-27T14:39:26.3NZ,200,0.011692,success
2026-08-27T14:39:26.3NZ,200,0.006702,success
2026-08-27T14:39:26.3NZ,200,0.006657,success
2026-08-27T14:39:27.3NZ,200,0.009071,success
2026-08-27T14:39:27.3NZ,200,0.009069,success
2026-08-27T14:39:27.3NZ,200,0.006849,success
2026-08-27T14:39:27.3NZ,200,0.007335,success
2026-08-27T14:39:27.3NZ,200,0.012444,success
2026-08-27T14:39:27.3NZ,200,0.012485,success
2026-08-27T14:39:27.3NZ,200,0.004564,success
2026-08-27T14:39:27.3NZ,200,0.005534,success
2026-08-27T14:39:27.3NZ,200,0.010329,success
2026-08-27T14:39:27.3NZ,200,0.010108,success
2026-08-27T14:39:27.3NZ,200,0.006019,success
2026-08-27T14:39:27.3NZ,200,0.006785,success
2026-08-27T14:39:28.3NZ,200,0.004609,success
2026-08-27T14:39:28.3NZ,200,0.004598,success
2026-08-27T14:39:28.3NZ,200,0.011125,success
2026-08-27T14:39:28.3NZ,200,0.011119,success
2026-08-27T14:39:28.3NZ,200,0.006815,success
2026-08-27T14:39:28.3NZ,200,0.006815,success
2026-08-27T14:39:28.3NZ,200,0.009727,success
2026-08-27T14:39:28.3NZ,200,0.009305,success
2026-08-27T14:39:28.3NZ,200,0.005778,success
2026-08-27T14:39:28.3NZ,200,0.005052,success
2026-08-27T14:39:28.3NZ,200,0.005645,success
2026-08-27T14:39:28.3NZ,200,0.005955,success
2026-08-27T14:39:28.3NZ,200,0.007640,success
2026-08-27T14:39:28.3NZ,200,0.006707,success
2026-08-27T14:39:29.3NZ,200,0.006543,success
2026-08-27T14:39:29.3NZ,200,0.006955,success
2026-08-27T14:39:29.3NZ,200,0.005387,success
2026-08-27T14:39:29.3NZ,200,0.005194,success
2026-08-27T14:39:29.3NZ,200,0.012589,success
2026-08-27T14:39:29.3NZ,200,0.013536,success
2026-08-27T14:39:29.3NZ,200,0.012546,success
2026-08-27T14:39:29.3NZ,200,0.013271,success
2026-08-27T14:39:29.3NZ,200,0.007373,success
2026-08-27T14:39:29.3NZ,200,0.007373,success
2026-08-27T14:39:29.3NZ,200,0.006986,success
2026-08-27T14:39:29.3NZ,200,0.005755,success
2026-08-27T14:39:29.3NZ,200,0.004377,success
2026-08-27T14:39:29.3NZ,200,0.003615,success
2026-08-27T14:39:30.3NZ,200,0.005948,success
2026-08-27T14:39:30.3NZ,200,0.003915,success
2026-08-27T14:39:30.3NZ,200,0.006803,success
2026-08-27T14:39:30.3NZ,200,0.004529,success
2026-08-27T14:39:30.3NZ,200,0.011192,success
2026-08-27T14:39:30.3NZ,200,0.011192,success
2026-08-27T14:39:30.3NZ,200,0.012757,success
2026-08-27T14:39:30.3NZ,200,0.012631,success
2026-08-27T14:39:30.3NZ,200,0.013272,success
2026-08-27T14:39:30.3NZ,200,0.011576,success
2026-08-27T14:39:30.3NZ,200,0.005114,success
2026-08-27T14:39:30.3NZ,200,0.004631,success
2026-08-27T14:39:30.3NZ,200,0.006233,success
2026-08-27T14:39:30.3NZ,200,0.005649,success
2026-08-27T14:39:31.3NZ,200,0.006368,success
2026-08-27T14:39:31.3NZ,200,0.006367,success
2026-08-27T14:39:31.3NZ,200,0.008561,success
2026-08-27T14:39:31.3NZ,200,0.008562,success
2026-08-27T14:39:31.3NZ,200,0.012755,success
2026-08-27T14:39:31.3NZ,200,0.012755,success
2026-08-27T14:39:31.3NZ,200,0.011642,success
2026-08-27T14:39:31.3NZ,200,0.011642,success
2026-08-27T14:39:31.3NZ,200,0.006104,success
2026-08-27T14:39:31.3NZ,200,0.004707,success
2026-08-27T14:39:31.3NZ,200,0.004643,success
2026-08-27T14:39:31.3NZ,200,0.003464,success
2026-08-27T14:39:31.3NZ,200,0.006030,success
2026-08-27T14:39:31.3NZ,200,0.004078,success
2026-08-27T14:39:32.3NZ,200,0.006090,success
2026-08-27T14:39:32.3NZ,200,0.007782,success
2026-08-27T14:39:32.3NZ,200,0.009072,success
2026-08-27T14:39:32.3NZ,200,0.009073,success
2026-08-27T14:39:32.3NZ,200,0.007706,success
2026-08-27T14:39:32.3NZ,200,0.008993,success
2026-08-27T14:39:32.3NZ,200,0.008260,success
2026-08-27T14:39:32.3NZ,200,0.008260,success
2026-08-27T14:39:32.3NZ,200,0.007223,success
2026-08-27T14:39:32.3NZ,200,0.007223,success
2026-08-27T14:39:32.3NZ,200,0.011496,success
2026-08-27T14:39:32.3NZ,200,0.011496,success
2026-08-27T14:39:32.3NZ,200,0.010963,success
2026-08-27T14:39:32.3NZ,200,0.012240,success
2026-08-27T14:39:33.3NZ,200,0.006370,success
2026-08-27T14:39:33.3NZ,200,0.008093,success
2026-08-27T14:39:33.3NZ,200,0.011963,success
2026-08-27T14:39:33.3NZ,200,0.012369,success
2026-08-27T14:39:33.3NZ,200,0.012234,success
2026-08-27T14:39:33.3NZ,200,0.012517,success
2026-08-27T14:39:33.3NZ,200,0.009617,success
2026-08-27T14:39:33.3NZ,200,0.012201,success
2026-08-27T14:39:33.3NZ,200,0.005782,success
2026-08-27T14:39:33.3NZ,200,0.005730,success
2026-08-27T14:39:33.3NZ,200,0.005878,success
2026-08-27T14:39:33.3NZ,200,0.005007,success
2026-08-27T14:39:33.3NZ,200,0.011737,success
2026-08-27T14:39:33.3NZ,200,0.011463,success
2026-08-27T14:39:34.3NZ,200,0.008541,success
2026-08-27T14:39:34.3NZ,200,0.005713,success
2026-08-27T14:39:34.3NZ,200,0.008412,success
2026-08-27T14:39:34.3NZ,200,0.007029,success
2026-08-27T14:39:34.3NZ,200,0.005380,success
2026-08-27T14:39:34.3NZ,200,0.005387,success
2026-08-27T14:39:34.3NZ,200,0.004870,success
2026-08-27T14:39:34.3NZ,200,0.004788,success
2026-08-27T14:39:34.3NZ,200,0.004620,success
2026-08-27T14:39:34.3NZ,200,0.004620,success
2026-08-27T14:39:34.3NZ,200,0.005344,success
2026-08-27T14:39:34.3NZ,200,0.006631,success
2026-08-27T14:39:34.3NZ,200,0.011469,success
2026-08-27T14:39:34.3NZ,200,0.011249,success
2026-08-27T14:39:35.3NZ,200,0.008176,success
2026-08-27T14:39:35.3NZ,200,0.008176,success
2026-08-27T14:39:35.3NZ,200,0.008981,success
2026-08-27T14:39:35.3NZ,200,0.009691,success
2026-08-27T14:39:35.3NZ,200,0.006221,success
2026-08-27T14:39:35.3NZ,200,0.005850,success
2026-08-27T14:39:35.3NZ,200,0.003782,success
2026-08-27T14:39:35.3NZ,200,0.005278,success
2026-08-27T14:39:35.3NZ,200,0.012595,success
2026-08-27T14:39:35.3NZ,200,0.012856,success
2026-08-27T14:39:35.3NZ,200,0.009336,success
2026-08-27T14:39:35.3NZ,200,0.009321,success
2026-08-27T14:39:35.3NZ,200,0.009681,success
2026-08-27T14:39:35.3NZ,200,0.008795,success
2026-08-27T14:39:36.3NZ,200,0.008749,success
2026-08-27T14:39:36.3NZ,200,0.008455,success
2026-08-27T14:39:36.3NZ,200,0.008643,success
2026-08-27T14:39:36.3NZ,200,0.007671,success
2026-08-27T14:39:36.3NZ,200,0.009803,success
2026-08-27T14:39:36.3NZ,200,0.007304,success
2026-08-27T14:39:36.3NZ,200,0.010756,success
2026-08-27T14:39:36.3NZ,200,0.010758,success
2026-08-27T14:39:36.3NZ,200,0.010867,success
2026-08-27T14:39:36.3NZ,200,0.010867,success
2026-08-27T14:39:36.3NZ,200,0.011922,success
2026-08-27T14:39:36.3NZ,200,0.011922,success
2026-08-27T14:39:36.3NZ,200,0.010632,success
2026-08-27T14:39:36.3NZ,200,0.011043,success
2026-08-27T14:39:37.3NZ,200,0.006900,success
2026-08-27T14:39:37.3NZ,200,0.005822,success
2026-08-27T14:39:37.3NZ,200,0.008039,success
2026-08-27T14:39:37.3NZ,200,0.008007,success
2026-08-27T14:39:37.3NZ,200,0.009112,success
2026-08-27T14:39:37.3NZ,200,0.009113,success
2026-08-27T14:39:37.3NZ,200,0.006160,success
2026-08-27T14:39:37.3NZ,200,0.006426,success
2026-08-27T14:39:37.3NZ,200,0.007608,success
2026-08-27T14:39:37.3NZ,200,0.007608,success
2026-08-27T14:39:37.3NZ,200,0.007316,success
2026-08-27T14:39:37.3NZ,200,0.007320,success
2026-08-27T14:39:37.3NZ,200,0.008408,success
2026-08-27T14:39:37.3NZ,200,0.008409,success
2026-08-27T14:39:38.3NZ,200,0.015289,success
2026-08-27T14:39:38.3NZ,200,0.013610,success
2026-08-27T14:39:38.3NZ,200,0.007413,success
2026-08-27T14:39:38.3NZ,200,0.007413,success
2026-08-27T14:39:38.3NZ,200,0.009298,success
2026-08-27T14:39:38.3NZ,200,0.009298,success
2026-08-27T14:39:38.3NZ,200,0.006679,success
2026-08-27T14:39:38.3NZ,200,0.006679,success
2026-08-27T14:39:38.3NZ,200,0.006235,success
2026-08-27T14:39:38.3NZ,200,0.006249,success
2026-08-27T14:39:38.3NZ,200,0.004873,success
2026-08-27T14:39:38.3NZ,200,0.006065,success
2026-08-27T14:39:38.3NZ,200,0.007956,success
2026-08-27T14:39:38.3NZ,200,0.008050,success
2026-08-27T14:39:39.3NZ,200,0.008100,success
2026-08-27T14:39:39.3NZ,200,0.007548,success
2026-08-27T14:39:39.3NZ,200,0.007146,success
2026-08-27T14:39:39.3NZ,200,0.006067,success
2026-08-27T14:39:39.3NZ,200,0.017444,success
2026-08-27T14:39:39.3NZ,200,0.015893,success
2026-08-27T14:39:39.3NZ,200,0.013987,success
2026-08-27T14:39:39.3NZ,200,0.014066,success
2026-08-27T14:39:39.3NZ,200,0.006522,success
2026-08-27T14:39:39.3NZ,200,0.005788,success
2026-08-27T14:39:39.3NZ,200,0.007010,success
2026-08-27T14:39:39.3NZ,200,0.006714,success
2026-08-27T14:39:40.3NZ,200,0.008892,success
2026-08-27T14:39:40.3NZ,200,0.008892,success
2026-08-27T14:39:40.3NZ,200,0.011246,success
2026-08-27T14:39:40.3NZ,200,0.011225,success
2026-08-27T14:39:40.3NZ,200,0.007561,success
2026-08-27T14:39:40.3NZ,200,0.007834,success
2026-08-27T14:39:40.3NZ,200,0.011297,success
2026-08-27T14:39:40.3NZ,200,0.011302,success
2026-08-27T14:39:40.3NZ,200,0.011967,success
2026-08-27T14:39:40.3NZ,200,0.011965,success
2026-08-27T14:39:40.3NZ,200,0.007439,success
2026-08-27T14:39:40.3NZ,200,0.006801,success
2026-08-27T14:39:40.3NZ,200,0.009298,success
2026-08-27T14:39:40.3NZ,200,0.009298,success
2026-08-27T14:39:41.3NZ,200,0.008046,success
2026-08-27T14:39:41.3NZ,200,0.008047,success
2026-08-27T14:39:41.3NZ,200,0.008844,success
2026-08-27T14:39:41.3NZ,200,0.010071,success
2026-08-27T14:39:41.3NZ,200,0.009374,success
2026-08-27T14:39:41.3NZ,200,0.009373,success
2026-08-27T14:39:41.3NZ,200,0.008799,success
2026-08-27T14:39:41.3NZ,200,0.008798,success
2026-08-27T14:39:41.3NZ,200,0.012747,success
2026-08-27T14:39:41.3NZ,200,0.012747,success
2026-08-27T14:39:41.3NZ,200,0.008459,success
2026-08-27T14:39:41.3NZ,200,0.008456,success
2026-08-27T14:39:41.3NZ,200,0.004774,success
2026-08-27T14:39:41.3NZ,200,0.005936,success
2026-08-27T14:39:42.3NZ,200,0.005072,success
2026-08-27T14:39:42.3NZ,200,0.004106,success
2026-08-27T14:39:42.3NZ,200,0.004989,success
2026-08-27T14:39:42.3NZ,200,0.004676,success
2026-08-27T14:39:42.3NZ,200,0.010310,success
2026-08-27T14:39:42.3NZ,200,0.009836,success
2026-08-27T14:39:42.3NZ,200,0.009227,success
2026-08-27T14:39:42.3NZ,200,0.007891,success
2026-08-27T14:39:42.3NZ,200,0.009577,success
2026-08-27T14:39:42.3NZ,200,0.010192,success
2026-08-27T14:39:42.3NZ,200,0.015684,success
2026-08-27T14:39:42.3NZ,200,0.015684,success
2026-08-27T14:39:42.3NZ,200,0.013445,success
2026-08-27T14:39:42.3NZ,200,0.013443,success
2026-08-27T14:39:43.3NZ,200,0.009205,success
2026-08-27T14:39:43.3NZ,200,0.009206,success
2026-08-27T14:39:43.3NZ,200,0.012817,success
2026-08-27T14:39:43.3NZ,200,0.012800,success
2026-08-27T14:39:43.3NZ,200,0.011536,success
2026-08-27T14:39:43.3NZ,200,0.009644,success
2026-08-27T14:39:43.3NZ,200,0.009663,success
2026-08-27T14:39:43.3NZ,200,0.009656,success
2026-08-27T14:39:43.3NZ,200,0.012770,success
2026-08-27T14:39:43.3NZ,200,0.010765,success
2026-08-27T14:39:43.3NZ,200,0.007263,success
2026-08-27T14:39:43.3NZ,200,0.006879,success
2026-08-27T14:39:44.3NZ,200,0.004667,success
2026-08-27T14:39:44.3NZ,200,0.004887,success
2026-08-27T14:39:44.3NZ,200,0.004933,success
2026-08-27T14:39:44.3NZ,200,0.004123,success
2026-08-27T14:39:44.3NZ,200,0.010627,success
2026-08-27T14:39:44.3NZ,200,0.010060,success
2026-08-27T14:39:44.3NZ,200,0.008489,success
2026-08-27T14:39:44.3NZ,200,0.009537,success
2026-08-27T14:39:44.3NZ,200,0.007209,success
2026-08-27T14:39:44.3NZ,200,0.006780,success
2026-08-27T14:39:44.3NZ,200,0.005429,success
2026-08-27T14:39:44.3NZ,200,0.004421,success
2026-08-27T14:39:44.3NZ,200,0.005233,success
2026-08-27T14:39:44.3NZ,200,0.003382,success
2026-08-27T14:39:44.3NZ,200,0.006357,success
2026-08-27T14:39:44.3NZ,200,0.004896,success
2026-08-27T14:39:45.3NZ,200,0.006092,success
2026-08-27T14:39:45.3NZ,200,0.005524,success
2026-08-27T14:39:45.3NZ,200,0.010564,success
2026-08-27T14:39:45.3NZ,200,0.010564,success
2026-08-27T14:39:45.3NZ,200,0.015955,success
2026-08-27T14:39:45.3NZ,200,0.015947,success
2026-08-27T14:39:45.3NZ,200,0.010029,success
2026-08-27T14:39:45.3NZ,200,0.010028,success
2026-08-27T14:39:45.3NZ,200,0.010391,success
2026-08-27T14:39:45.3NZ,200,0.010391,success
2026-08-27T14:39:45.3NZ,200,0.011192,success
2026-08-27T14:39:45.3NZ,200,0.011191,success
2026-08-27T14:39:45.3NZ,200,0.010873,success
2026-08-27T14:39:45.3NZ,200,0.010885,success
2026-08-27T14:39:46.3NZ,200,0.004233,success
2026-08-27T14:39:46.3NZ,200,0.005830,success
2026-08-27T14:39:46.3NZ,200,0.006296,success
2026-08-27T14:39:46.3NZ,200,0.006307,success
2026-08-27T14:39:46.3NZ,200,0.006289,success
2026-08-27T14:39:46.3NZ,200,0.006218,success
2026-08-27T14:39:46.3NZ,200,0.011371,success
2026-08-27T14:39:46.3NZ,200,0.011371,success
2026-08-27T14:39:46.3NZ,200,0.007709,success
2026-08-27T14:39:46.3NZ,200,0.007718,success
2026-08-27T14:39:46.3NZ,200,0.008486,success
2026-08-27T14:39:46.3NZ,200,0.009952,success
2026-08-27T14:39:46.3NZ,200,0.013033,success
2026-08-27T14:39:46.3NZ,200,0.013034,success
2026-08-27T14:39:47.3NZ,200,0.009567,success
2026-08-27T14:39:47.3NZ,200,0.009567,success
2026-08-27T14:39:47.3NZ,200,0.008377,success
2026-08-27T14:39:47.3NZ,200,0.008377,success
2026-08-27T14:39:47.3NZ,200,0.028394,success
2026-08-27T14:39:47.3NZ,200,0.028403,success
2026-08-27T14:39:47.3NZ,200,0.004712,success
2026-08-27T14:39:47.3NZ,200,0.004634,success
2026-08-27T14:39:47.3NZ,200,0.005325,success
2026-08-27T14:39:47.3NZ,200,0.004342,success
2026-08-27T14:39:47.3NZ,200,0.007371,success
2026-08-27T14:39:47.3NZ,200,0.006142,success
2026-08-27T14:39:48.3NZ,200,0.008541,success
2026-08-27T14:39:48.3NZ,200,0.008541,success
2026-08-27T14:39:48.3NZ,200,0.013641,success
2026-08-27T14:39:48.3NZ,200,0.013640,success
2026-08-27T14:39:48.3NZ,200,0.007771,success
2026-08-27T14:39:48.3NZ,200,0.007776,success
2026-08-27T14:39:48.3NZ,200,0.008769,success
2026-08-27T14:39:48.3NZ,200,0.008769,success
2026-08-27T14:39:48.3NZ,200,0.008155,success
2026-08-27T14:39:48.3NZ,200,0.008151,success
2026-08-27T14:39:48.3NZ,200,0.006733,success
2026-08-27T14:39:48.3NZ,200,0.006732,success
2026-08-27T14:39:48.3NZ,200,0.009155,success
2026-08-27T14:39:48.3NZ,200,0.009160,success
2026-08-27T14:39:49.3NZ,200,0.006608,success
2026-08-27T14:39:49.3NZ,200,0.007764,success
2026-08-27T14:39:49.3NZ,200,0.010477,success
2026-08-27T14:39:49.3NZ,200,0.009225,success
2026-08-27T14:39:49.3NZ,200,0.013173,success
2026-08-27T14:39:49.3NZ,200,0.013155,success
2026-08-27T14:39:49.3NZ,200,0.013143,success
2026-08-27T14:39:49.3NZ,200,0.012250,success
2026-08-27T14:39:49.3NZ,200,0.006776,success
2026-08-27T14:39:49.3NZ,200,0.006890,success
2026-08-27T14:39:49.3NZ,200,0.006904,success
2026-08-27T14:39:49.3NZ,200,0.005702,success
2026-08-27T14:39:49.3NZ,200,0.006700,success
2026-08-27T14:39:49.3NZ,200,0.007948,success
2026-08-27T14:39:50.3NZ,200,0.008698,success
2026-08-27T14:39:50.3NZ,200,0.006057,success
2026-08-27T14:39:50.3NZ,200,0.009402,success
2026-08-27T14:39:50.3NZ,200,0.009402,success
2026-08-27T14:39:50.3NZ,200,0.006687,success
2026-08-27T14:39:50.3NZ,200,0.008631,success
2026-08-27T14:39:50.3NZ,200,0.010966,success
2026-08-27T14:39:50.3NZ,200,0.010690,success
2026-08-27T14:39:50.3NZ,200,0.007798,success
2026-08-27T14:39:50.3NZ,200,0.006083,success
2026-08-27T14:39:50.3NZ,200,0.005162,success
2026-08-27T14:39:50.3NZ,200,0.004115,success
2026-08-27T14:39:51.3NZ,200,0.008473,success
2026-08-27T14:39:51.3NZ,200,0.008478,success
2026-08-27T14:39:51.3NZ,200,0.008336,success
2026-08-27T14:39:51.3NZ,200,0.008336,success
2026-08-27T14:39:51.3NZ,200,0.008660,success
2026-08-27T14:39:51.3NZ,200,0.008660,success
2026-08-27T14:39:51.3NZ,200,0.010250,success
2026-08-27T14:39:51.3NZ,200,0.010249,success
2026-08-27T14:39:51.3NZ,200,0.009938,success
2026-08-27T14:39:51.3NZ,200,0.009933,success
2026-08-27T14:39:51.3NZ,200,0.010539,success
2026-08-27T14:39:51.3NZ,200,0.010551,success
2026-08-27T14:39:51.3NZ,200,0.010947,success
2026-08-27T14:39:51.3NZ,200,0.010297,success
2026-08-27T14:39:52.3NZ,200,0.006463,success
2026-08-27T14:39:52.3NZ,200,0.006463,success
2026-08-27T14:39:52.3NZ,200,0.005447,success
2026-08-27T14:39:52.3NZ,200,0.004774,success
2026-08-27T14:39:52.3NZ,200,0.005598,success
2026-08-27T14:39:52.3NZ,200,0.003913,success
2026-08-27T14:39:52.3NZ,200,0.007053,success
2026-08-27T14:39:52.3NZ,200,0.006801,success
2026-08-27T14:39:52.3NZ,200,0.007242,success
2026-08-27T14:39:52.3NZ,200,0.007243,success
2026-08-27T14:39:52.3NZ,200,0.011024,success
2026-08-27T14:39:52.3NZ,200,0.011024,success
2026-08-27T14:39:52.3NZ,200,0.009647,success
2026-08-27T14:39:52.3NZ,200,0.009647,success
2026-08-27T14:39:53.3NZ,200,0.010758,success
2026-08-27T14:39:53.3NZ,200,0.010766,success
2026-08-27T14:39:53.3NZ,200,0.010167,success
2026-08-27T14:39:53.3NZ,200,0.010167,success
2026-08-27T14:39:53.3NZ,200,0.005847,success
2026-08-27T14:39:53.3NZ,200,0.005549,success
2026-08-27T14:39:53.3NZ,200,0.009581,success
2026-08-27T14:39:53.3NZ,200,0.009617,success
2026-08-27T14:39:53.3NZ,200,0.014808,success
2026-08-27T14:39:53.3NZ,200,0.014808,success
2026-08-27T14:39:53.3NZ,200,0.007446,success
2026-08-27T14:39:53.3NZ,200,0.007446,success
2026-08-27T14:39:53.3NZ,200,0.008074,success
2026-08-27T14:39:53.3NZ,200,0.008074,success
2026-08-27T14:39:54.3NZ,200,0.010045,success
2026-08-27T14:39:54.3NZ,200,0.007607,success
2026-08-27T14:39:54.3NZ,200,0.011661,success
2026-08-27T14:39:54.3NZ,200,0.011661,success
2026-08-27T14:39:54.3NZ,200,0.015790,success
2026-08-27T14:39:54.3NZ,200,0.015786,success
2026-08-27T14:39:54.3NZ,200,0.011840,success
2026-08-27T14:39:54.3NZ,200,0.011840,success
2026-08-27T14:39:54.3NZ,200,0.012481,success
2026-08-27T14:39:54.3NZ,200,0.012621,success
2026-08-27T14:39:54.3NZ,200,0.004997,success
2026-08-27T14:39:54.3NZ,200,0.006984,success
2026-08-27T14:39:55.3NZ,200,0.004858,success
2026-08-27T14:39:55.3NZ,200,0.003846,success
2026-08-27T14:39:55.3NZ,200,0.007809,success
2026-08-27T14:39:55.3NZ,200,0.007810,success
2026-08-27T14:39:55.3NZ,200,0.009636,success
2026-08-27T14:39:55.3NZ,200,0.009636,success
2026-08-27T14:39:55.3NZ,200,0.015264,success
2026-08-27T14:39:55.3NZ,200,0.015264,success
2026-08-27T14:39:55.3NZ,200,0.012131,success
2026-08-27T14:39:55.3NZ,200,0.012133,success
2026-08-27T14:39:55.3NZ,200,0.006758,success
2026-08-27T14:39:55.3NZ,200,0.007740,success
2026-08-27T14:39:55.3NZ,200,0.007342,success
2026-08-27T14:39:55.3NZ,200,0.007343,success
2026-08-27T14:39:56.3NZ,200,0.013046,success
2026-08-27T14:39:56.3NZ,200,0.012235,success
2026-08-27T14:39:56.3NZ,200,0.009200,success
2026-08-27T14:39:56.3NZ,200,0.009216,success
2026-08-27T14:39:56.3NZ,200,0.010298,success
2026-08-27T14:39:56.3NZ,200,0.010298,success
